12.525 53.525
14.625 48.525
14.025 48.775
15.125 49.825
13.325 52.625
7.175 50.775
7.575 53.125
9.875 53.875
10.575 50.325
8.075 49.575
12.675 47.625
9.275 51.175
14.925 52.075
15.025 50.625
5.975 51.625
12.975 49.175
11.625 50.525
6.125 51.275
9.625 51.025
13.775 52.625
10.625 53.525
10.825 48.575
13.125 49.825
11.075 51.375
13.425 49.825
6.175 50.175
10.275 53.775
11.475 52.775
15.175 53.175
14.675 49.025
13.525 52.675
10.875 50.075
11.775 47.975
15.225 47.375
11.625 48.575
11.875 49.875
7.475 52.975
13.375 53.725
8.525 53.175
13.025 47.825
12.875 47.975
15.125 53.775
6.275 50.475
14.375 50.825
13.475 49.925
14.275 48.225
8.425 52.375
9.075 54.325
10.025 47.825
12.375 48.975
6.725 48.575
11.975 48.175
8.825 48.975
13.825 48.175
6.325 52.425
10.875 51.475
12.225 52.325
8.275 52.325
6.275 52.875
13.575 48.425
11.225 52.875
14.975 47.875
11.725 50.975
10.125 48.625
10.725 51.225
10.925 49.475
12.825 49.075
14.925 53.675
6.075 52.525
6.875 51.175
11.525 48.925
9.125 50.175
10.175 52.925
9.625 49.825
9.675 49.775
15.125 50.925
11.875 48.775
6.375 49.725
10.525 50.075
14.275 51.525
5.825 48.975
8.175 49.325
11.825 49.475
8.325 48.775
12.625 53.975
8.725 51.025
13.025 50.375
7.775 47.975
8.025 49.925
10.575 51.575
11.825 51.975
9.775 54.425
13.525 47.425
13.625 50.625
7.775 48.725
14.125 47.325
11.125 54.475
10.825 53.275
14.225 50.425
11.425 48.175
6.775 48.875
7.125 48.325
9.925 52.125
7.625 51.775
9.025 49.725
10.125 50.525
9.775 50.725
10.575 48.975
12.875 48.325
5.825 52.675
14.325 49.125
5.775 51.025
14.575 47.825
7.925 48.025
6.275 52.275
9.475 49.675
11.425 49.375
13.475 48.075
8.325 52.975
9.725 52.675
10.225 48.775
10.925 51.025
10.075 49.325
14.175 49.575
10.375 50.375
8.275 48.275
9.275 52.025
8.025 50.475
9.625 53.675
15.025 48.025
15.025 48.375
11.375 50.175
6.425 52.325
13.425 53.875
12.725 50.525
7.175 50.175
11.675 51.775
13.825 50.625
8.575 51.175
6.075 50.125
7.575 50.175
7.625 53.375
8.475 49.025
9.175 49.975
14.325 48.675
10.825 48.825
9.775 48.925
11.325 47.375
14.175 50.525
9.725 54.225
8.925 51.175
8.025 49.275
6.825 50.625
6.625 49.475
12.525 48.425
14.975 49.875
13.075 52.275
6.675 49.675
7.225 49.125
7.875 50.475
8.225 49.625
7.475 47.675
10.775 50.725
14.175 51.625
9.875 53.075
11.925 50.925
9.725 50.725
6.075 49.075
9.525 52.475
10.425 51.475
6.775 48.675
9.825 49.725
8.925 53.475
13.125 48.925
11.475 51.825
13.925 50.625
8.775 52.625
12.375 53.225
11.675 48.225
6.675 47.475
14.375 48.925
14.525 48.475
6.925 50.925
11.975 49.075
10.475 52.675
8.275 48.475
7.575 51.275
6.375 51.125
14.175 50.225
8.225 50.275
10.325 53.275
11.375 47.575
9.025 53.575
12.125 53.225
13.725 47.475
14.975 51.525
7.575 49.225
8.325 53.125
13.475 49.425
9.475 51.025
14.575 51.275
5.775 51.925
11.925 48.625
11.225 48.025
9.775 50.375
6.125 50.725
7.725 52.075
11.775 51.875
9.925 49.725
13.275 47.325
11.975 50.075
10.975 53.925
13.425 48.925
9.975 50.025
12.425 47.425
11.175 54.475
12.775 53.925
5.925 49.325
10.425 47.575
14.075 53.325
14.725 49.575
6.075 53.075
9.025 53.425
7.025 51.575
7.025 48.575
14.925 50.175
11.675 54.825
10.275 51.325
13.325 49.275
7.875 52.175
14.475 51.175
10.175 48.875
9.725 49.275
7.775 48.475
13.875 51.225
13.525 51.075
14.725 48.425
6.575 51.075
13.425 47.325
8.975 54.025
9.625 48.325
7.875 49.975
13.125 50.175
13.375 53.375
14.775 51.825
10.425 51.925
12.125 48.025
13.225 50.025
9.075 50.275
11.375 48.775
8.775 52.575
5.925 51.075
6.575 51.425
14.125 48.075
6.975 47.925
6.275 51.925
13.075 51.725
14.425 50.475
13.725 53.125
10.975 54.225
9.025 50.775
8.375 53.325
11.725 52.825
8.725 47.575
13.775 49.575
7.275 50.275
14.925 52.125
11.525 51.525
14.975 50.875
8.175 48.925
12.275 52.225
10.525 53.825
11.675 47.375
13.475 53.175
11.325 50.275
11.525 48.375
14.725 49.275
9.825 53.425
12.425 54.975
8.625 52.725
10.175 47.825
8.725 52.625
12.225 49.125
8.725 47.775
7.375 50.725
11.425 53.025
11.925 50.875
14.775 51.475
7.825 51.075
13.325 47.475
9.375 47.275
9.025 50.075
8.975 50.875
10.025 52.425
7.075 52.875
14.975 52.325
12.975 49.925
6.125 48.475
12.125 47.575
15.125 49.775
9.275 50.775
14.875 55.075
13.325 52.725
10.925 48.975
9.275 51.025
14.125 49.625
12.675 53.725
9.725 48.875
15.025 48.675
10.125 51.075
12.025 50.775
12.475 48.425
9.425 47.925
11.225 48.275
11.275 49.925
12.475 49.575
11.475 52.625
11.175 48.025
7.025 50.725
10.975 51.325
9.625 53.825
10.025 47.875
9.875 52.425
14.375 52.275
12.325 50.975
10.975 52.725
14.125 50.125
12.375 47.425
10.625 49.375
9.525 49.825
9.475 53.575
10.275 47.475
7.875 49.575
12.275 50.225
6.625 50.425
11.725 49.775
8.775 50.075
7.175 52.875
12.175 52.575
9.575 48.075
6.625 50.025
10.475 49.325
9.375 51.025
8.625 47.375
12.975 47.425
8.025 52.175
12.275 47.375
15.075 53.575
8.575 51.125
7.925 48.075
7.675 48.525
11.075 48.525
12.425 53.625
7.375 52.475
9.875 51.475
7.025 52.725
14.625 53.025
11.575 54.775
13.425 47.575
11.825 49.275
12.325 47.375
6.975 52.375
13.625 50.075
11.025 51.425
5.975 48.175
11.425 48.625
9.675 54.475
8.125 53.575
10.025 51.925
8.275 52.225
11.125 51.475
13.875 48.625
11.325 47.475
12.675 51.375
12.575 52.925
13.625 50.675
7.275 53.625
12.125 51.475
13.875 49.425
13.325 50.675
6.225 47.725
9.425 51.375
5.825 49.875
10.925 51.275
10.275 48.475
11.275 53.825
15.225 53.025
9.075 48.425
5.825 47.975
12.575 47.725
13.375 47.675
7.525 52.775
6.325 48.425
8.475 49.975
13.825 47.525
10.125 47.375
6.875 49.575
11.825 50.875
9.825 48.275
13.525 54.375
10.575 51.425
13.475 50.475
13.225 49.925
9.975 53.775
12.775 50.625
14.125 52.675
9.275 51.675
14.425 47.475
14.325 53.575
13.325 50.225
9.175 54.625
13.275 53.375
12.125 51.875
7.525 52.375
13.875 48.175
9.425 50.175
12.075 51.025
7.775 47.525
7.175 53.225
8.025 48.025
9.425 52.825
11.825 52.525
13.675 47.325
13.575 51.875
9.025 54.275
12.425 48.925
12.575 52.175
14.775 50.575
7.975 50.675
8.825 52.275
7.125 48.875
12.025 50.275
14.575 47.925
12.875 48.575
6.975 50.475
14.725 51.225
8.875 48.625
13.475 54.375
12.675 48.575
6.825 52.075
8.125 47.275
10.675 54.025
7.425 47.725
13.175 54.525
10.325 51.975
9.075 49.425
14.025 48.375
14.125 47.925
7.525 49.175
12.175 50.775
13.575 50.975
11.125 49.375
13.025 47.775
9.275 51.975
10.375 53.675
8.625 51.475
13.725 50.375
11.175 48.125
13.575 49.825
9.475 53.375
10.125 51.375
12.375 48.075
8.775 54.675
13.775 48.875
12.825 52.675
9.725 52.325
6.925 49.125
6.925 50.125
14.525 49.475
6.825 47.925
8.925 52.275
14.025 50.825
8.425 52.125
5.875 51.575
10.125 54.175
8.975 52.125
15.025 48.825
12.725 53.825
10.575 50.575
8.625 51.675
6.275 48.925
11.125 47.275
11.025 49.825
9.725 49.925
13.675 51.525
14.525 51.575
10.225 52.125
6.825 50.175
7.425 47.325
14.225 52.225
6.375 50.325
12.225 47.875
12.375 55.025
11.825 53.625
8.775 51.775
13.075 49.625
12.575 50.425
14.375 53.525
7.225 53.525
12.225 49.925
8.225 47.475
10.975 51.775
14.375 51.125
15.225 53.975
11.975 50.675
5.775 48.875
9.075 49.125
6.425 47.375
15.025 51.525
7.525 49.075
14.025 47.875
6.625 48.525
9.875 54.025
9.525 50.625
5.875 51.425
8.125 48.775
10.575 50.025
12.425 50.025
14.625 48.875
14.625 50.675
9.875 51.725
11.425 49.325
8.825 49.325
6.075 47.475
13.275 52.325
10.175 48.825
9.025 48.675
14.725 53.725
12.975 49.225
14.075 53.175
13.175 48.825
14.625 47.525
10.425 48.325
6.425 48.025
9.375 49.675
8.275 51.775
13.075 50.175
11.575 52.025
10.425 51.625
9.025 50.875
12.275 49.275
10.075 47.975
12.975 51.325
8.325 49.625
9.625 53.575
7.175 50.925
8.725 53.225
8.775 48.075
14.525 51.275
14.325 47.775
6.075 48.325
15.175 51.825
13.325 52.825
10.275 48.075
8.275 50.675
8.075 51.775
6.475 50.125
9.275 51.525
9.275 54.275
10.725 49.925
14.275 48.925
15.125 47.875
9.775 50.075
9.625 49.175
11.475 47.475
9.525 47.425
7.525 48.025
7.375 52.025
11.775 54.125
9.825 49.775
9.675 49.275
10.475 53.375
9.975 48.425
8.725 50.175
7.025 48.375
11.125 50.225
6.075 51.625
12.475 48.575
12.975 47.775
7.775 49.425
11.875 53.925
9.725 51.225
7.225 48.675
9.675 49.475
12.675 50.175
14.075 48.475
15.175 48.225
10.625 47.275
10.925 47.325
9.975 49.925
7.425 52.075
15.175 52.975
9.525 53.275
12.475 54.275
6.875 50.175
9.625 52.125
8.925 48.175
12.175 47.325
10.125 53.425
15.175 50.675
12.125 51.225
11.175 51.275
11.075 50.775
7.575 51.525
10.375 53.225
13.225 53.975
14.825 51.625
13.325 49.075
6.575 51.575
10.725 48.925
11.225 50.025
6.125 48.125
11.475 48.975
10.425 53.925
5.775 48.225
8.525 48.325
9.875 50.925
6.475 48.875
14.325 52.025
5.925 47.725
14.125 53.375
12.375 51.925
7.875 50.725
7.225 52.225
13.875 51.625
9.725 49.475
14.425 51.975
10.025 51.175
6.675 47.625
9.625 54.725
8.125 50.875
9.275 52.625
10.525 48.425
12.375 50.075
14.525 52.275
6.625 47.575
12.375 54.125
7.775 50.175
9.375 54.275
9.425 50.025
9.675 50.825
10.825 50.975
9.725 51.625
11.375 54.875
12.975 51.425
12.975 51.825
8.225 51.875
14.825 48.775
8.625 48.825
11.975 49.325
7.275 52.325
7.325 51.725
14.175 51.575
11.825 51.775
12.275 48.975
15.225 48.975
14.575 49.825
12.425 54.175
6.975 52.275
12.525 52.275
14.275 50.625
15.025 50.025
6.925 51.975
6.225 48.425
6.175 50.575
8.175 51.975
14.225 49.575
10.325 50.625
12.875 53.725
7.525 53.525
7.625 51.975
9.475 51.825
14.375 48.325
7.825 49.025
12.475 48.775
8.975 53.975
10.825 48.725
9.225 49.625
7.675 47.525
8.825 52.225
6.925 50.975
5.975 47.425
13.775 49.725
11.775 50.025
8.975 53.175
12.175 50.425
7.625 50.275
13.625 52.375
7.675 49.575
13.925 47.825
8.575 50.475
11.525 50.875
6.275 52.575
6.575 51.375
13.725 53.025
10.225 47.975
8.775 47.475
8.425 50.125
7.675 53.075
10.425 55.175
6.975 52.775
14.575 52.875
14.575 50.825
14.825 50.075
6.975 50.175
12.975 54.025
7.225 49.875
7.375 50.775
9.125 51.925
11.675 48.275
9.475 51.975
13.125 47.875
10.475 53.025
9.025 53.725
13.775 48.325
7.875 50.175
9.125 48.725
10.925 52.125
8.025 47.575
9.925 53.375
6.775 49.775
6.975 51.525
15.025 52.925
13.225 50.675
6.075 52.375
14.325 49.375
13.725 47.375
7.425 50.275
12.125 51.275
7.475 50.875
10.725 54.025
8.625 47.425
13.125 51.875
7.025 49.525
6.725 53.225
10.575 50.875
7.725 52.925
6.725 50.825
6.525 47.675
12.425 52.825
11.275 47.375
14.475 49.125
9.725 47.725
12.525 47.625
6.075 48.975
11.425 47.425
8.725 48.775
8.425 50.875
14.375 52.575
13.975 48.575
7.675 51.425
9.725 52.925
7.425 48.025
8.825 53.725
10.125 54.375
9.125 48.625
9.725 50.375
9.825 50.825
12.525 47.375
11.475 47.275
8.975 54.825
13.125 50.475
6.975 52.325
9.525 51.875
11.475 51.025
9.575 53.975
11.375 52.025
12.625 52.775
14.825 52.825
6.575 52.475
14.375 49.725
12.525 48.775
8.025 47.525
10.375 47.875
14.275 50.675
14.975 48.675
14.325 52.325
10.425 48.225
8.925 52.975
11.175 52.825
5.825 49.175
9.925 53.575
7.625 48.075
12.025 49.125
13.475 48.575
10.875 48.525
12.525 51.375
9.375 51.275
8.275 50.175
9.175 51.625
8.725 54.325
8.275 50.075
12.425 53.675
6.325 51.075
11.125 47.825
6.825 49.325
12.375 52.025
7.675 49.025
5.825 47.575
13.075 54.075
13.225 49.625
12.625 50.275
7.775 53.225
14.025 50.575
10.825 47.425
13.825 47.675
10.925 53.625
10.375 53.775
11.375 48.575
12.575 52.075
7.375 48.175
7.775 52.375
13.525 50.225
10.775 50.025
13.175 51.725
12.575 49.575
11.375 48.475
8.975 50.275
13.225 50.225
7.175 47.375
10.925 52.025
12.925 53.425
15.025 52.125
11.675 48.625
9.875 48.325
12.725 48.875
10.775 51.975
9.525 54.625
10.125 53.475
10.475 53.075
13.075 49.125
9.625 47.625
7.725 53.125
11.525 47.525
10.675 51.525
12.275 53.325
7.075 49.475
9.225 48.125
11.725 52.625
8.975 52.175
14.675 50.775
6.025 48.625
7.875 48.475
14.325 48.425
11.325 48.425
8.625 53.875
8.275 51.575
15.125 51.575
10.325 51.125
11.925 52.225
15.225 51.325
10.775 47.975
14.375 47.525
7.625 50.575
10.025 50.525
8.975 52.325
14.125 52.725
11.275 52.675
11.675 47.425
7.025 52.425
10.225 50.225
8.125 49.925
7.625 52.325
11.225 54.425
9.525 51.975
15.225 50.075
15.175 51.325
6.975 48.475
10.775 48.725
9.925 52.775
9.875 47.875
10.375 49.775
10.175 50.175
14.225 48.275
5.875 50.575
7.425 48.425
11.925 47.425
6.975 48.975
12.675 50.725
6.275 48.825
8.625 49.775
6.825 50.775
7.475 53.075
10.075 51.225
11.625 47.475
10.275 48.525
15.075 47.675
12.525 50.075
13.275 53.875
13.525 52.275
9.925 51.025
13.775 50.825
9.275 49.725
9.775 53.325
10.275 50.725
8.725 49.775
13.875 47.775
10.575 48.375
7.325 49.025
9.375 55.075
13.525 53.025
13.425 52.625
10.675 51.425
12.725 47.725
15.075 49.125
15.175 51.025
15.025 51.725
7.925 49.825
6.225 49.075
6.475 52.575
8.175 50.425
10.775 49.875
11.475 47.575
7.725 49.175
6.725 47.425
8.875 49.525
12.075 51.725
8.075 52.125
9.225 53.375
14.375 49.125
11.375 51.125
9.075 54.975
9.425 49.275
13.025 52.675
10.525 53.375
13.775 49.625
11.425 47.825
6.575 50.075
9.175 51.525
10.675 51.275
11.175 53.675
9.975 49.525
13.825 53.725
10.525 53.575
12.775 52.425
10.425 50.625
10.525 48.175
13.575 49.975
14.225 51.675
7.275 51.225
13.225 51.375
12.225 50.575
12.275 48.025
9.475 54.525
14.275 47.475
8.725 48.925
9.875 49.225
12.175 53.525
9.575 52.625
10.975 51.225
5.775 47.925
6.875 47.275
13.425 53.625
8.875 52.425
10.025 49.975
8.475 51.425
8.875 48.675
9.075 51.775
8.225 49.125
7.275 50.725
11.775 49.525
14.675 48.975
11.325 48.175
9.925 54.025
7.375 47.575
9.375 51.825
8.275 50.525
15.075 48.025
8.725 53.375
13.075 49.325
10.275 49.875
6.475 51.625
10.825 49.275
5.825 47.825
12.925 47.875
6.175 49.925
12.475 53.275
13.075 50.375
11.475 50.325
7.775 50.375
11.375 48.925
6.375 51.275
7.575 50.925
10.375 55.175
8.825 48.675
12.425 51.225
11.775 50.225
14.125 49.025
7.475 49.025
10.325 48.275
11.625 48.075
13.725 53.875
14.925 53.025
9.175 54.025
6.775 49.075
13.875 47.875
14.625 48.175
9.575 48.475
13.475 48.275
8.075 51.925
11.175 50.975
11.125 53.625
9.175 51.425
9.875 48.925
10.425 54.225
10.725 54.225
11.375 53.575
12.425 47.575
8.325 51.025
7.675 48.625
9.325 53.475
9.825 54.375
10.825 49.175
11.825 53.575
5.825 50.425
6.225 50.575
10.525 47.525
10.775 50.675
7.175 53.125
11.075 49.025
7.275 50.625
10.575 50.275
13.375 49.675
11.125 50.075
6.625 48.175
15.125 52.075
7.225 48.125
11.875 50.725
10.925 51.425
12.425 48.475
5.875 48.575
14.475 47.525
9.575 51.225
8.325 52.725
8.025 49.475
8.925 51.675
10.675 47.425
13.675 48.875
10.775 54.225
6.175 48.325
11.925 53.325
12.275 53.075
14.725 53.225
13.425 48.225
6.125 49.125
15.075 52.375
13.275 54.425
9.725 47.775
8.875 49.125
9.525 51.275
11.875 48.175
14.675 47.725
14.825 51.225
7.425 49.725
14.225 47.675
10.025 49.475
9.825 53.225
13.025 47.975
9.325 48.725
13.675 52.475
9.725 48.575
13.925 49.325
12.975 50.125
6.925 52.025
14.075 52.375
10.075 53.725
6.925 47.525
13.125 53.925
5.825 52.425
11.175 52.725
14.175 47.675
7.675 51.125
11.575 51.425
9.525 51.075
14.125 53.325
11.125 50.925
13.825 51.125
9.575 52.975
12.925 52.575
14.375 51.925
13.975 53.925
6.875 50.675
10.625 53.725
7.225 50.075
12.175 48.525
13.825 48.675
12.725 53.325
5.925 52.575
11.725 51.775
8.025 52.375
12.825 50.275
6.075 48.925
7.225 48.575
13.025 49.175
7.625 49.925
6.025 47.725
12.475 52.275
10.775 47.275
13.175 48.125
5.925 50.325
7.625 50.225
5.875 52.425
11.525 52.725
14.075 48.375
14.925 47.325
8.675 54.525
13.625 52.175
9.725 51.575
7.225 50.275
11.425 54.625
11.725 52.225
6.275 48.175
8.575 53.775
9.925 53.525
14.325 50.475
8.825 53.575
7.775 53.025
11.025 53.325
14.925 51.925
10.625 47.675
11.025 51.125
12.725 51.125
9.775 52.825
8.925 53.775
11.625 48.675
14.525 53.925
7.225 52.825
11.075 52.225
13.275 49.275
6.975 51.075
13.025 53.675
9.225 54.575
9.125 54.325
13.675 53.125
7.975 53.075
14.425 50.725
13.925 52.925
14.675 49.675
14.275 51.875
11.675 50.425
9.075 51.525
13.675 53.775
9.275 48.375
10.375 48.875
13.225 50.775
11.025 51.925
9.525 48.875
8.975 48.475
14.725 51.675
13.275 53.325
13.625 52.125
14.975 48.175
5.875 50.525
6.225 47.325
15.025 49.725
13.775 50.975
14.175 47.575
9.125 52.175
14.225 49.025
10.575 48.675
8.125 49.475
11.825 52.725
13.325 50.575
10.025 47.375
8.125 51.475
14.325 52.075
8.925 54.625
6.025 51.625
11.425 47.325
7.125 48.975
10.025 52.975
11.175 48.475
6.475 48.325
8.925 49.125
14.125 50.075
12.725 52.375
13.075 49.475
9.325 47.425
10.625 54.025
6.475 52.725
12.525 51.925
7.975 50.625
15.025 49.125
7.025 49.425
12.625 50.175
6.625 47.925
13.575 49.475
9.375 50.575
9.525 50.575
5.875 52.275
14.775 52.925
14.675 52.075
9.375 54.425
8.325 49.425
9.925 50.175
7.475 48.225
12.125 52.325
10.975 49.825
11.125 53.775
12.175 53.175
9.425 48.375
7.425 47.875
14.925 53.175
8.725 48.075
8.475 53.425
14.175 52.525
10.475 52.625
14.525 53.175
9.775 49.925
7.025 52.575
8.375 50.275
10.175 51.725
10.975 53.075
7.025 53.375
14.775 52.425
10.475 52.225
9.625 50.925
6.775 48.175
10.275 50.925
12.675 52.525
6.475 50.175
14.775 51.925
6.325 51.575
10.425 52.575
14.075 50.075
14.975 47.575
9.675 54.075
6.675 51.625
5.925 49.425
7.825 53.375
11.025 50.275
13.475 51.775
7.975 51.125
10.025 49.675
12.825 50.375
13.375 52.825
8.275 51.375
11.025 47.925
13.425 52.425
10.075 49.075
14.475 48.275
11.525 54.725
10.875 48.475
6.975 49.025
9.875 55.025
12.375 51.025
6.975 52.425
11.075 52.725
10.825 53.575
9.125 52.075
7.675 50.775
6.375 49.425
10.175 47.625
7.425 51.325
9.875 47.375
8.325 47.825
7.075 51.575
11.325 49.025
13.975 49.575
12.925 48.525
10.775 51.525
6.125 52.825
10.525 50.175
7.825 47.825
7.775 52.575
5.925 51.225
10.575 55.075
11.525 53.925
8.675 48.775
10.425 51.275
6.475 47.675
13.225 50.375
13.825 52.225
11.225 51.875
10.775 48.575
12.475 51.275
6.475 52.825
7.575 51.175
5.775 52.325
13.725 51.675
5.875 52.675
13.825 48.825
13.775 50.175
8.425 52.975
13.475 48.475
9.475 53.075
12.775 48.625
9.975 53.925
11.925 50.375
14.475 49.825
10.875 47.625
14.725 51.975
6.375 52.075
9.575 54.225
12.775 47.875
15.175 51.125
7.475 53.675
13.475 53.975
11.275 47.775
15.125 48.475
10.625 50.975
10.225 47.575
10.525 52.525
8.725 49.125
8.775 53.525
7.075 51.275
14.875 52.825
10.625 47.875
13.525 51.225
10.125 48.525
12.275 50.325
12.275 51.175
6.175 49.375
11.825 49.975
6.425 50.725
9.625 50.525
13.425 49.475
10.025 52.575
6.725 50.075
6.275 50.725
9.375 52.875
6.425 48.875
8.925 54.825
11.225 53.475
12.825 52.325
12.025 48.325
14.775 53.125
7.025 47.875
14.625 49.575
12.375 53.775
10.675 48.275
12.775 48.925
13.925 49.575
11.875 48.075
9.725 54.575
8.725 47.325
12.025 50.375
12.675 48.275
10.325 49.675
15.075 52.725
7.225 48.075
10.425 51.875
12.375 52.925
11.875 51.825
14.325 47.375
8.675 49.075
13.275 54.525
14.225 49.775
10.475 49.475
8.775 50.025
14.425 49.075
9.475 48.075
7.775 52.825
7.775 49.125
7.975 49.625
13.375 53.175
10.025 50.825
6.575 47.825
9.825 53.675
11.775 50.375
11.375 49.725
8.825 54.825
9.125 49.025
14.025 49.925
7.025 52.475
8.175 52.475
14.475 51.575
9.475 47.825
7.425 49.625
11.875 47.975
7.975 50.125
7.875 52.875
14.475 50.925
7.675 50.325
15.225 48.375
7.575 50.325
15.025 51.475
13.375 53.225
10.525 50.275
14.975 49.075
8.625 48.025
9.575 49.175
10.225 48.025
13.125 53.475
14.025 48.825
7.225 51.075
14.175 47.825
11.725 50.925
10.475 48.425
9.325 54.575
7.575 49.875
13.975 49.375
8.825 51.575
13.875 48.575
6.475 52.075
6.625 49.775
15.125 49.725
14.275 51.425
9.125 47.625
8.825 50.075
14.225 51.225
13.175 50.025
12.725 53.625
10.875 48.275
14.175 48.975
11.225 48.325
11.575 49.075
13.725 51.425
10.825 51.525
13.925 51.725
6.425 53.075
9.875 54.275
8.425 51.225
12.875 48.225
5.825 47.875
10.675 54.825
9.475 48.975
8.575 51.725
11.575 49.525
13.975 51.425
10.075 51.425
13.375 47.425
8.825 48.475
7.175 48.525
9.725 52.825
10.575 49.375
13.575 47.575
11.275 52.275
8.875 52.925
12.075 48.025
12.975 47.925
8.225 49.775
8.875 49.375
13.625 50.825
9.025 51.775
10.225 48.525
12.025 48.675
7.325 48.925
14.275 52.675
14.875 52.325
14.975 52.725
14.375 49.475
8.175 50.775
13.775 49.925
8.975 50.825
9.725 54.925
8.675 52.575
7.175 53.575
12.325 53.875
11.425 51.125
7.825 50.225
9.025 47.325
9.375 51.875
8.425 47.875
11.925 49.725
8.375 47.775
11.675 47.625
6.275 51.125
11.125 49.075
11.475 50.925
9.825 50.625
9.025 51.275
9.275 49.275
14.775 53.675
13.425 52.675
7.275 48.325
7.525 53.425
10.625 48.625
6.175 50.325
10.625 49.075
14.175 47.925
12.025 52.825
13.175 53.775
11.175 47.675
7.075 52.425
13.025 51.675
10.525 53.025
7.675 51.525
12.525 50.825
7.475 48.025
8.875 52.775
8.125 52.625
12.425 50.725
10.425 49.925
8.025 50.675
6.275 50.925
8.325 51.775
11.975 49.925
10.025 54.425
12.375 47.575
9.125 48.825
7.225 47.625
13.025 49.525
12.975 51.175
7.175 50.075
12.425 50.275
6.325 48.275
15.175 53.925
7.325 50.725
10.325 47.325
14.475 48.075
9.775 47.625
10.725 50.475
14.275 49.875
12.825 47.925
9.975 49.475
12.825 52.625
10.275 47.275
12.575 51.125
13.125 51.425
12.775 53.675
14.825 53.325
7.525 53.325
9.525 50.425
6.675 49.025
14.275 52.925
10.575 52.625
12.725 50.775
8.525 48.725
13.275 51.175
6.925 52.075
9.225 49.775
9.975 47.625
9.725 51.675
9.525 50.675
9.375 53.975
15.125 50.875
14.775 50.375
7.575 49.725
13.525 50.775
7.375 49.175
9.225 51.025
8.725 48.575
7.125 53.425
7.775 47.375
12.425 52.375
7.675 51.975
14.875 55.175
7.775 47.675
14.325 47.275
11.925 47.875
11.125 49.675
10.475 52.275
7.075 53.525
8.575 53.075
14.275 53.275
10.725 55.175
12.275 48.525
9.175 48.225
12.025 50.125
6.525 48.425
15.025 53.025
13.925 48.925
14.025 53.875
7.275 47.475
8.875 55.225
6.775 51.175
7.825 47.975
7.475 49.925
14.975 51.825
14.075 51.825
9.375 48.275
12.925 49.475
10.775 48.275
8.925 51.625
11.475 53.225
8.225 49.475
11.275 53.925
11.975 49.275
6.575 53.025
9.575 48.275
10.975 47.725
12.625 49.225
7.725 48.525
9.275 54.775
12.325 49.775
9.275 49.225
7.475 50.425
9.125 54.125
9.175 49.375
8.675 55.225
7.175 49.125
11.175 48.975
9.275 54.875
12.725 51.375
5.875 47.575
12.825 50.175
13.625 50.425
12.775 47.775
9.575 50.025
10.275 49.625
11.725 53.425
6.975 48.375
10.725 48.275
13.225 51.575
11.675 53.275
5.925 47.425
11.425 52.375
12.275 47.975
13.325 53.275
11.925 48.775
6.075 47.925
9.775 54.275
9.075 49.325
13.975 50.825
14.525 49.875
7.925 51.375
12.975 52.175
9.275 52.225
10.175 49.525
9.575 51.075
12.975 49.075
12.575 51.525
6.825 49.375
6.675 51.925
6.325 47.675
9.675 53.875
11.975 48.925
11.475 51.325
10.525 51.275
7.925 51.125
11.325 50.825
6.475 49.275
8.825 47.925
10.225 49.675
13.975 47.475
9.675 49.075
9.625 51.775
12.775 47.675
9.275 50.275
7.625 48.975
10.275 51.025
8.475 47.725
8.825 47.775
8.325 50.375
11.375 48.275
8.725 51.075
11.725 50.025
6.075 48.425
10.475 47.675
10.675 49.375
7.125 51.825
12.625 53.575
14.725 52.125
7.875 53.025
10.425 54.325
6.575 49.675
9.025 54.525
8.725 48.025
15.075 53.125
13.025 51.475
9.025 53.475
12.325 53.075
12.675 50.925
9.475 50.275
6.525 48.575
7.025 48.875
13.275 54.075
14.125 49.825
11.225 48.525
5.925 52.075
12.975 51.125
10.325 50.375
12.325 52.875
5.875 51.875
12.725 52.425
8.125 49.325
7.375 52.375
11.175 50.425
12.675 51.875
14.175 48.425
11.075 53.275
6.875 48.175
8.175 47.975
7.725 51.975
10.325 50.125
9.525 49.975
12.625 50.875
14.375 49.425
15.025 47.325
14.425 53.225
12.925 49.975
5.875 50.775
11.975 54.725
8.575 54.725
11.725 49.575
14.975 53.675
9.225 50.975
9.725 48.825
13.925 50.925
14.325 47.525
14.725 47.525
8.225 48.625
8.325 50.475
14.125 47.525
12.775 48.275
10.975 50.325
7.425 53.175
14.875 51.425
12.175 52.725
8.075 51.825
6.575 51.325
13.825 48.525
12.625 51.275
9.225 49.525
8.325 49.675
10.375 52.725
14.425 51.375
7.025 47.425
7.225 50.325
13.875 47.275
8.975 53.275
10.025 53.425
7.675 48.825
14.475 52.525
10.875 50.475
11.125 53.225
12.375 48.875
10.375 49.975
9.525 51.225
11.675 52.375
9.975 52.525
6.575 50.475
10.225 51.975
10.725 53.775
12.025 49.175
15.175 47.575
10.725 48.525
7.775 51.625
12.725 51.475
6.675 52.925
13.975 51.625
14.275 50.375
7.875 48.775
7.775 51.275
10.125 47.475
8.575 48.025
14.025 49.775
13.325 49.925
13.525 51.925
8.625 49.325
9.475 49.325
8.475 50.325
8.175 52.125
11.925 49.075
10.875 51.875
6.225 50.025
15.125 53.225
13.375 52.875
10.575 53.725
9.025 54.325
11.175 49.725
11.525 53.875
8.575 49.425
7.275 51.625
9.925 48.625
13.975 50.225
5.875 51.075
12.425 53.125
8.925 49.675
13.525 47.925
12.575 47.675
10.725 53.625
9.525 47.775
7.875 49.375
10.275 53.575
13.025 52.275
9.675 54.875
10.425 52.375
9.025 51.575
11.975 47.625
12.675 51.025
12.325 52.925
8.625 47.575
10.175 48.325
12.525 50.975
13.725 47.825
14.125 53.925
7.625 47.875
10.125 52.925
13.775 51.025
9.725 47.825
12.425 52.975
8.575 48.925
6.025 53.325
14.025 52.325
10.625 49.225
7.075 49.975
10.125 52.525
10.425 47.875
13.775 47.825
9.975 53.025
9.375 54.925
15.225 47.575
11.325 50.175
8.825 52.075
13.625 50.575
11.525 53.075
10.225 47.925
7.275 49.225
9.675 53.725
6.475 52.525
7.825 51.275
8.525 48.625
8.825 50.125
10.925 49.725
10.975 54.375
8.075 50.475
10.025 49.725
9.275 53.275
6.825 51.125
10.225 49.725
13.575 47.275
12.025 54.075
12.575 49.175
12.675 47.875
7.875 50.425
13.025 49.225
6.025 50.225
6.975 53.075
9.425 52.975
13.025 53.725
13.275 53.775
10.825 52.975
7.525 50.925
11.325 51.325
9.475 54.175
12.075 55.025
9.525 47.925
14.725 47.825
12.075 53.325
10.575 48.825
11.775 51.575
11.425 52.125
15.025 47.975
8.775 50.275
6.975 49.175
11.975 47.575
10.275 52.925
11.025 52.275
11.175 50.125
7.775 50.575
13.875 53.125
13.075 47.675
7.425 51.075
6.775 48.125
11.225 51.075
13.825 47.475
10.975 48.275
14.125 48.575
11.625 49.975
7.675 49.675
9.425 50.075
8.025 49.825
10.975 50.525
9.825 48.025
12.475 53.025
10.625 50.375
10.575 53.875
12.125 47.675
11.425 49.075
13.275 47.575
6.575 47.875
9.825 52.275
10.975 48.525
11.075 50.925
6.175 53.125
9.725 54.875
14.475 47.575
9.675 53.475
13.075 52.875
14.225 50.525
14.325 48.175
10.725 50.875
8.275 49.575
14.425 48.025
14.825 50.225
13.025 48.975
10.175 53.775
6.275 47.325
8.825 51.125
12.825 49.025
12.225 52.475
11.225 53.925
12.275 48.425
13.775 47.325
10.375 48.225
13.275 53.175
7.675 52.375
11.525 50.175
8.475 51.325
9.025 53.175
9.575 50.725
7.575 48.775
10.675 52.275
14.275 50.325
8.225 49.825
11.925 49.975
9.375 52.675
12.075 47.425
9.175 54.075
8.725 49.275
14.225 52.975
10.225 53.725
9.625 50.475
12.625 51.175
13.025 49.975
6.075 49.425
13.325 51.675
8.475 48.525
9.475 54.825
10.475 49.825
8.625 50.525
9.375 48.825
6.975 50.825
6.225 51.975
14.175 51.375
10.075 49.275
8.225 48.075
10.775 50.325
7.325 48.075
10.075 53.325
13.225 48.675
8.375 49.375
12.275 47.775
6.625 51.625
5.825 48.375
11.425 50.125
13.375 51.325
15.125 48.625
12.175 49.525
12.575 51.575
14.425 52.175
9.525 51.675
12.525 51.225
9.125 54.975
11.475 52.225
6.775 51.975
9.975 52.475
9.075 51.375
8.075 48.675
13.275 50.325
13.675 48.125
12.025 48.775
12.625 51.875
11.875 47.775
13.575 50.075
10.925 47.825
9.575 52.725
9.425 52.725
7.875 48.975
9.325 49.475
13.775 53.075
10.725 47.525
14.875 53.925
7.525 53.575
10.625 50.675
11.525 53.025
13.475 52.825
10.625 48.425
6.225 48.825
10.725 52.625
10.525 50.725
7.275 51.475
14.275 50.225
15.175 52.025
10.375 53.475
8.725 49.975
11.625 49.025
7.275 52.925
9.675 48.025
14.525 48.375
11.325 49.625
7.875 51.425
6.975 49.225
10.225 50.675
8.375 49.775
13.225 52.825
10.975 49.675
15.175 48.175
12.325 52.775
15.175 50.725
11.425 48.025
9.725 49.025
6.075 48.875
13.675 52.425
5.775 51.375
6.675 52.825
10.575 50.475
9.425 52.775
13.725 52.075
6.175 52.425
8.225 49.575
9.275 48.925
7.625 50.675
12.625 54.275
13.575 51.025
12.175 49.275
11.075 53.925
12.425 52.175
7.675 50.725
13.725 47.875
14.625 48.025
13.625 50.325
14.175 51.525
7.925 49.375
9.275 48.975
11.075 53.225
9.625 48.625
8.725 48.875
8.975 53.125
6.325 51.825
11.275 48.975
11.525 48.825
9.425 53.625
14.025 51.425
10.125 47.325
9.625 51.525
9.425 49.125
10.675 47.325
11.075 50.375
9.075 53.725
11.675 48.975
10.025 53.925
9.775 50.525
12.875 49.525
10.375 47.325
7.525 52.875
10.075 53.575
14.575 50.525
14.875 47.725
11.325 48.975
13.775 47.375
11.425 52.275
14.625 50.875
8.325 48.425
12.575 51.675
8.475 49.725
8.625 51.875
7.575 49.425
14.825 52.325
9.375 47.675
7.975 49.675
8.575 49.025
11.375 49.175
13.925 52.575
12.825 51.525
13.225 54.175
13.925 53.525
14.325 50.075
9.925 54.575
11.175 53.775
14.875 49.175
8.625 50.825
11.125 53.825
13.375 48.975
7.225 48.475
7.475 49.575
13.875 48.425
7.275 47.825
9.575 48.575
10.225 48.225
13.025 50.775
9.325 53.525
10.425 48.175
5.975 49.575
9.025 50.475
14.625 48.975
10.075 50.825
9.375 50.875
12.175 48.875
10.625 52.825
14.925 53.475
8.175 51.625
8.925 49.175
11.325 51.775
6.575 47.625
13.075 52.675
7.525 49.725
11.225 50.875
11.875 51.675
9.775 54.725
7.075 51.175
9.625 47.475
6.575 50.025
8.475 47.425
6.925 50.425
7.825 51.625
8.875 53.725
7.525 48.975
13.225 53.475
12.675 50.075
10.225 49.275
12.925 53.925
13.075 53.925
13.925 53.025
10.425 50.825
13.025 53.825
10.075 49.375
14.425 49.675
12.875 51.575
14.125 52.975
14.175 52.075
5.925 51.475
12.025 50.525
15.125 47.675
10.825 49.675
14.025 47.425
9.475 49.775
10.025 51.225
6.125 53.175
11.925 49.275
10.375 47.375
13.325 49.125
9.925 51.775
13.325 54.525
10.725 48.575
9.175 50.125
9.825 53.175
11.225 49.725
8.675 55.025
11.725 47.325
13.325 51.725
12.275 49.425
9.725 51.875
10.375 52.975
11.825 51.575
14.075 52.775
10.475 52.925
9.425 49.725
13.325 53.825
9.925 53.175
12.575 51.775
14.075 50.275
8.525 48.525
8.825 49.025
14.225 52.925
5.775 49.675
12.325 50.175
12.825 50.075
14.875 52.025
9.475 54.725
10.725 48.375
7.875 47.975
11.525 50.025
14.275 51.725
7.625 47.925
11.975 50.425
12.625 53.925
13.425 47.925
12.425 51.925
14.725 49.225
9.475 52.725
12.925 47.925
10.975 51.125
6.375 47.925
9.825 51.975
14.225 50.325
8.575 50.925
9.975 48.925
12.575 49.425
13.025 49.775
9.625 54.225
10.325 51.075
8.725 49.025
10.325 51.025
12.775 48.525
12.025 53.025
5.925 50.525
11.975 53.525
10.075 47.875
8.175 47.625
7.825 50.775
12.925 49.875
12.375 47.825
6.925 52.375
6.075 47.775
11.925 54.075
7.875 50.675
12.375 51.325
11.975 52.675
6.025 51.325
9.125 48.425
12.925 49.525
9.375 47.825
10.725 52.575
12.325 49.125
6.275 48.675
10.225 53.575
13.125 51.325
7.175 47.625
9.425 51.825
13.375 49.075
10.825 49.975
13.225 48.575
9.775 49.175
12.375 48.275
6.775 53.375
10.325 49.825
14.075 48.575
10.875 52.175
6.475 49.875
6.625 47.475
6.575 50.175
11.175 51.575
6.575 50.625
7.025 52.075
9.125 53.825
6.125 51.175
6.025 47.875
12.275 54.025
9.325 50.975
7.625 47.525
12.425 50.125
12.475 52.875
11.475 52.725
8.525 47.625
7.025 48.925
10.875 49.625
8.625 50.225
14.225 50.125
9.825 53.925
8.725 47.925
12.175 52.675
6.225 50.175
7.175 51.375
8.025 49.225
8.225 51.825
9.925 49.675
13.175 48.525
13.925 50.575
9.975 52.725
8.525 48.775
7.275 47.925
9.125 55.225
7.825 50.825
13.275 50.075
13.725 49.175
14.075 53.925
12.275 49.675
11.075 52.825
5.825 49.275
13.025 48.075
8.475 51.525
10.575 55.025
10.425 53.725
12.375 52.425
14.325 53.075
13.175 52.875
12.975 49.025
11.575 53.875
13.525 48.375
13.525 50.425
14.525 52.075
14.375 48.475
10.125 49.275
15.225 47.675
14.525 51.425
7.525 52.725
14.675 50.425
8.675 52.025
13.425 50.125
14.675 47.825
14.225 51.025
6.925 49.275
11.075 49.825
14.225 52.475
9.575 48.625
11.175 53.925
8.675 53.325
15.175 49.175
7.025 52.875
13.275 52.125
5.825 50.725
11.825 53.775
12.125 48.425
12.025 52.525
13.925 48.725
6.675 51.175
8.475 47.775
7.375 49.975
11.725 48.225
13.075 51.675
9.975 50.775
12.275 52.575
7.525 48.525
13.775 50.375
9.275 53.625
7.025 51.325
5.925 51.425
13.875 51.525
7.975 49.025
14.025 49.875
9.725 50.475
11.225 51.275
12.425 51.525
14.075 48.675
13.825 49.425
13.825 52.425
8.475 52.375
6.875 53.375
8.775 48.125
8.125 51.875
5.975 47.925
14.375 50.275
11.075 52.875
6.775 53.125
6.975 47.275
14.625 50.925
8.575 49.475
7.525 50.625
14.425 49.625
10.175 54.425
11.875 47.275
12.275 52.875
14.325 53.425
6.625 49.925
13.075 47.725
6.975 49.075
9.875 53.225
11.575 47.875
10.675 49.875
8.675 55.075
7.275 50.675
13.275 48.175
11.575 50.325
7.325 50.525
15.225 50.825
11.325 49.575
10.525 55.075
9.125 54.475
10.825 50.625
14.625 52.225
11.225 47.975
8.925 54.175
9.825 50.525
7.125 53.075
13.475 50.525
13.475 53.875
8.725 51.975
12.125 52.825
6.525 47.725
15.075 53.475
11.675 49.225
7.175 49.575
8.825 51.675
6.825 50.875
11.525 53.625
11.975 55.125
6.575 48.625
11.075 50.125
10.125 51.625
12.575 50.925
11.525 53.825
9.775 48.825
10.275 47.325
6.775 50.375
11.075 48.675
14.425 48.675
12.625 50.825
14.775 49.325
5.925 49.875
11.375 50.675
6.525 51.875
10.475 50.425
6.725 48.225
11.475 48.825
13.375 50.875
12.725 52.075
11.625 53.625
9.575 54.625
13.875 48.375
10.775 51.125
14.925 48.925
10.475 51.825
11.225 49.025
14.575 49.075
9.475 50.375
12.625 47.675
9.275 47.325
6.425 53.175
6.675 49.575
8.875 55.075
10.375 49.525
10.025 51.975
6.075 49.775
9.075 50.025
11.125 53.675
9.775 54.125
9.775 48.425
7.125 48.475
9.625 54.175
11.225 48.975
6.975 53.025
15.075 55.025
12.375 52.175
10.225 51.925
10.375 49.675
12.725 52.675
15.025 52.825
11.525 52.075
8.475 52.825
11.075 54.875
8.975 48.325
10.275 49.125
10.175 52.625
11.075 49.225
6.575 49.525
9.675 52.825
12.275 52.825
8.975 50.775
8.625 52.875
13.875 52.225
11.775 52.175
11.875 51.225
9.425 47.875
9.025 51.125
11.825 47.425
10.275 53.875
12.425 50.625
9.725 48.275
6.775 48.975
6.225 51.875
13.075 52.925
6.625 51.925
8.675 52.175
8.925 51.075
14.675 50.025
6.725 51.125
8.175 51.575
14.425 53.525
6.875 52.025
11.225 53.575
7.975 48.675
6.125 47.875
6.075 47.325
13.125 50.425
8.325 47.975
9.675 47.825
5.975 52.775
10.975 47.925
11.525 51.075
10.225 53.975
8.725 53.325
14.775 49.075
10.375 52.475
9.625 52.425
13.275 51.375
10.625 53.475
7.475 51.625
8.125 48.025
8.975 50.975
12.875 54.075
12.175 51.325
13.325 48.225
11.975 52.725
11.775 51.675
9.425 49.475
8.775 51.375
14.875 53.575
14.225 52.125
13.575 51.975
14.475 51.525
8.625 51.625
11.675 49.925
6.475 47.625
9.175 54.825
15.125 51.425
11.825 53.975
15.075 47.625
11.925 51.925
13.075 51.625
7.725 51.625
11.125 53.125
6.575 52.325
11.775 48.575
10.925 51.975
9.325 51.525
12.275 48.475
11.925 52.975
12.675 48.825
15.125 49.575
6.225 53.125
13.175 51.975
8.325 53.275
12.225 47.675
6.225 47.475
10.925 50.375
6.175 48.275
13.075 50.625
14.775 50.825
7.975 50.875
6.875 53.075
12.675 51.475
8.925 48.025
14.625 51.725
14.725 47.275
8.325 53.175
14.275 47.875
8.025 47.875
11.025 51.775
12.375 54.225
13.875 47.525
14.925 52.575
7.625 52.725
6.175 50.125
6.975 50.525
14.925 48.225
9.875 50.775
9.225 50.475
10.175 50.625
9.025 47.625
6.375 48.725
6.125 52.425
12.125 53.675
7.075 51.975
15.225 48.625
8.075 52.325
10.825 49.625
6.125 51.875
8.925 54.775
11.225 52.925
12.425 48.375
10.475 50.525
15.225 50.575
7.875 53.425
10.875 48.975
12.075 53.525
11.725 55.225
8.425 47.575
6.775 47.725
11.525 51.325
9.725 54.725
7.475 48.975
8.725 49.475
9.225 50.625
14.675 51.125
10.675 51.875
14.775 47.775
7.475 49.125
13.275 49.225
11.075 50.425
7.175 51.775
7.425 50.425
15.125 49.625
13.625 50.175
9.225 51.875
6.625 51.675
7.025 51.625
10.025 52.175
11.625 53.075
6.675 53.425
9.025 47.475
14.075 51.575
13.475 51.825
12.025 49.375
9.175 48.525
6.625 48.625
11.825 50.225
13.175 52.475
6.775 50.675
8.475 48.125
9.425 50.775
6.325 53.225
8.075 51.475
9.075 51.125
11.175 48.875
7.025 50.075
8.975 53.575
8.325 48.325
7.425 51.225
11.325 47.275
10.775 51.725
9.225 50.075
10.275 50.175
6.875 48.225
9.125 49.725
11.425 48.075
12.525 53.925
11.475 49.425
13.675 50.075
15.125 51.875
13.075 50.675
7.525 48.175
10.775 54.275
11.925 52.825
10.925 53.675
11.625 52.075
9.325 50.825
8.875 51.375
6.475 52.475
11.525 52.375
9.675 47.375
6.425 47.625
6.325 49.625
14.425 48.475
12.275 52.675
9.125 47.875
14.025 53.925
14.025 52.375
11.925 51.425
9.375 54.825
6.825 53.325
10.725 48.175
9.275 54.625
12.775 52.675
7.775 52.775
13.925 47.475
13.725 48.975
13.325 52.375
6.625 50.075
13.775 48.625
12.825 54.025
13.425 50.625
7.825 47.875
10.125 51.425
10.525 53.225
9.225 54.125
6.675 48.125
14.325 53.725
6.775 50.475
13.575 49.375
7.625 49.825
11.475 49.475
7.525 51.025
11.275 52.225
14.975 53.875
13.975 49.725
12.375 47.975
10.375 50.425
7.375 47.825
8.125 48.225
9.925 53.225
11.025 52.725
11.425 47.925
8.325 52.675
11.325 51.175
8.925 52.925
9.525 53.175
6.075 50.175
12.125 48.125
12.375 48.325
6.175 48.475
14.325 49.425
11.425 52.825
7.675 48.675
14.075 52.025
8.475 50.925
13.525 54.025
12.025 48.575
10.075 52.975
10.525 54.025
10.325 52.575
15.175 47.675
6.225 51.525
8.725 49.175
15.125 52.275
14.275 48.025
10.675 49.125
6.125 52.525
8.625 49.675
10.225 48.475
13.275 53.825
14.875 52.775
9.975 49.575
13.375 49.975
6.425 50.225
10.475 48.075
7.425 49.125
10.625 48.075
9.825 49.075
14.525 50.275
9.075 51.225
10.225 51.575
8.775 53.575
10.375 48.575
12.025 51.475
12.275 47.525
12.075 48.475
7.675 48.575
9.875 54.425
13.825 51.225
8.375 52.825
14.275 50.075
14.125 48.775
7.575 50.675
7.625 53.125
9.025 49.475
9.925 52.225
9.575 52.025
12.525 49.975
15.175 51.175
6.025 50.725
12.475 49.325
14.875 53.175
10.575 49.475
13.625 48.275
10.975 51.025
6.175 49.575
13.725 54.075
12.575 52.425
9.225 48.775
13.775 53.725
10.525 50.475
6.425 50.975
12.675 49.375
9.325 48.425
12.975 49.325
7.675 49.775
9.575 48.525
5.825 49.075
9.225 51.175
14.975 50.975
14.675 53.075
7.125 52.025
7.425 52.575
6.825 49.475
13.575 49.575
10.375 51.625
13.725 48.275
13.625 48.175
8.375 49.975
14.975 49.975
10.425 48.275
14.375 49.675
8.775 52.675
13.475 50.925
13.175 47.825
15.175 48.125
10.725 53.275
9.075 49.225
9.625 47.425
8.525 47.425
6.925 48.125
13.375 50.125
10.425 49.725
6.775 52.975
13.275 47.875
15.175 52.725
6.525 47.325
15.125 52.725
9.725 52.075
7.225 49.425
12.375 50.225
12.275 53.825
11.775 52.525
12.575 51.225
10.275 52.125
13.175 49.475
14.325 50.975
13.825 49.525
10.325 50.075
8.225 50.425
11.075 51.575
15.175 51.275
13.725 48.475
7.325 49.375
12.975 50.625
6.125 51.675
14.825 52.225
6.925 52.275
9.025 52.175
7.525 51.825
10.675 47.875
9.475 50.975
10.675 50.725
8.325 47.725
14.675 53.675
12.625 51.475
7.625 49.275
12.025 48.975
6.425 49.875
9.675 49.425
14.675 53.625
11.475 49.375
14.825 53.175
9.775 48.375
8.675 47.525
6.475 47.825
6.525 50.425
9.475 47.925
12.075 47.375
14.975 55.175
14.375 51.975
7.925 47.525
8.075 50.725
8.625 48.925
9.175 52.275
15.225 49.975
13.175 48.875
13.925 50.425
10.225 47.825
14.825 53.075
10.575 50.775
6.725 52.575
5.925 52.425
7.425 48.825
11.675 53.675
8.375 52.875
9.875 50.275
7.225 49.475
9.275 48.675
13.375 49.275
8.275 48.575
12.075 51.475
10.975 49.725
14.825 50.575
13.425 52.125
11.275 53.525
12.525 47.575
9.825 48.225
11.925 52.625
11.975 51.575
6.425 48.725
11.025 49.325
8.225 50.475
11.275 51.775
9.325 52.375
12.875 52.225
13.525 50.125
8.275 50.275
7.825 50.625
7.875 49.075
8.875 52.525
12.275 53.425
11.425 52.675
7.725 52.625
12.475 50.075
13.125 48.975
8.875 47.625
12.375 47.675
14.825 52.625
11.725 48.725
7.975 48.525
12.675 53.625
9.825 52.925
11.825 47.925
11.425 48.425
8.675 48.925
11.075 47.325
10.325 49.425
8.925 49.625
14.375 48.775
8.125 51.975
10.075 47.625
7.925 49.775
10.075 51.025
6.575 52.725
11.225 53.125
8.025 48.425
7.275 48.025
9.225 52.975
7.125 51.125
12.325 52.525
9.375 51.525
14.475 53.525
14.525 48.675
6.775 52.675
12.725 49.925
7.375 52.925
12.075 48.275
10.175 49.775
11.375 55.225
9.975 49.625
9.125 52.575
10.725 52.925
13.225 48.475
9.825 47.375
12.475 53.875
10.175 48.625
13.525 51.475
6.775 51.875
6.325 49.275
10.675 50.375
10.175 52.775
9.325 53.875
12.975 47.525
13.525 48.075
6.925 48.375
11.425 47.375
14.225 49.825
6.125 51.625
7.725 50.875
14.125 52.325
11.775 53.075
13.625 54.125
13.025 48.025
15.075 49.475
12.025 54.975
10.925 47.425
11.725 49.325
7.325 53.275
9.525 49.225
13.225 51.275
12.175 48.675
9.425 52.375
6.675 50.525
10.575 50.225
5.975 47.575
12.925 48.775
14.025 50.875
7.075 49.525
9.125 50.575
13.925 52.525
9.675 51.725
10.775 48.475
13.325 51.175
12.725 47.525
12.475 49.075
13.725 52.375
8.025 49.075
9.875 50.675
7.375 52.225
7.125 51.675
12.425 53.925
9.275 50.825
13.675 53.425
8.175 50.625
14.425 48.775
15.125 49.875
10.325 53.425
8.225 47.875
10.425 49.825
13.375 49.225
9.525 53.925
13.725 50.125
8.975 53.625
6.425 49.225
5.925 47.925
14.025 51.825
11.175 54.425
8.225 47.675
14.075 47.525
12.725 48.225
10.075 52.325
6.575 51.775
10.025 48.525
10.325 52.175
13.025 48.725
9.475 54.425
6.375 50.825
9.475 54.475
12.725 47.275
13.475 50.675
8.125 49.825
14.975 48.025
10.175 51.575
6.175 52.375
10.875 49.725
7.225 48.325
11.625 53.825
8.425 47.925
13.475 49.625
9.625 51.175
5.775 48.375
11.875 50.275
13.225 51.075
9.775 52.525
12.275 49.225
13.175 52.825
11.725 49.525
10.175 50.925
13.275 49.425
11.675 49.075
14.375 48.825
8.375 50.525
12.775 51.375
7.425 47.975
8.025 51.725
10.825 48.075
11.725 49.125
10.025 49.275
8.875 50.975
7.725 49.275
6.575 47.425
11.425 49.575
13.475 51.225
11.625 51.175
13.525 53.525
13.425 47.775
11.575 52.675
14.825 48.525
12.725 51.825
12.775 47.325
13.975 53.375
11.575 50.925
10.725 49.625
12.075 52.225
10.475 49.175
7.975 51.325
10.475 47.325
10.325 52.625
7.975 53.525
8.725 52.275
7.425 51.025
13.325 50.075
12.475 49.175
13.675 52.025
15.075 51.775
12.275 48.175
6.225 48.625
7.725 50.975
13.675 48.775
6.325 49.475
10.875 53.125
9.925 50.875
13.725 49.825
10.525 51.475
12.975 48.075
10.025 47.425
11.425 47.775
6.075 52.975
8.975 49.075
15.125 52.825
11.675 48.675
12.125 54.825
7.825 52.975
9.775 54.375
7.475 50.475
9.225 48.375
7.525 48.825
11.075 50.525
10.225 53.425
9.525 54.375
10.725 49.825
10.925 53.725
10.375 53.625
15.075 53.275
6.525 51.525
11.725 50.125
10.025 52.375
14.075 50.725
10.075 50.225
14.925 50.975
11.225 49.225
6.375 53.375
9.625 54.375
8.875 52.275
13.125 51.125
13.125 52.475
8.975 47.525
6.475 48.225
10.525 52.675
13.375 54.325
10.825 48.475
15.175 50.525
6.625 49.825
10.275 47.575
12.875 53.675
9.025 55.225
13.775 52.325
14.975 53.775
10.325 53.125
8.875 54.175
13.675 49.475
13.575 50.175
6.225 51.225
7.425 50.925
8.825 52.125
8.625 50.375
11.775 47.925
12.725 51.675
8.125 49.625
14.725 51.375
6.275 48.425
8.525 52.425
5.875 53.075
14.725 52.975
12.225 50.975
5.825 48.825
6.825 48.975
8.675 51.175
9.275 52.875
8.125 51.175
12.575 53.725
14.675 53.275
10.675 49.175
8.625 51.375
12.275 48.375
10.475 48.025
7.875 53.525
12.275 54.075
8.775 53.125
13.925 50.825
8.175 49.675
11.475 51.075
14.975 51.125
13.875 50.025
12.875 52.075
6.875 48.975
9.075 51.075
11.025 54.225
11.975 53.275
14.725 53.075
13.275 47.625
11.575 51.825
7.625 51.175
7.675 51.275
15.025 51.575
11.825 52.925
15.125 52.025
11.825 52.825
15.125 50.525
7.625 50.175
15.225 49.825
6.675 48.325
13.575 53.375
13.525 51.375
7.025 53.025
8.025 50.375
8.375 52.325
6.675 50.925
8.275 47.825
11.425 52.975
9.925 49.975
12.125 49.325
14.025 48.675
8.775 53.375
12.625 47.575
15.125 48.825
10.125 51.775
12.175 50.575
12.075 54.075
9.125 51.675
9.425 54.125
9.125 54.025
8.575 49.625
14.075 49.775
11.625 52.625
13.175 50.875
9.575 54.925
7.875 52.675
6.825 47.825
12.925 53.225
7.525 47.325
12.925 47.825
14.125 47.475
11.575 50.475
12.225 53.925
6.325 49.775
11.225 51.525
14.175 52.875
9.275 55.025
10.725 51.975
14.925 51.425
14.475 51.075
11.725 52.925
14.025 49.425
10.025 53.275
8.825 50.475
9.175 51.375
13.425 48.275
12.975 51.775
14.475 49.525
13.325 52.475
8.575 49.275
7.625 48.175
6.325 51.925
8.025 50.925
13.225 49.125
7.625 49.575
10.175 48.525
12.175 49.775
11.375 50.775
6.675 51.575
9.625 51.925
10.525 55.225
9.625 53.625
12.775 48.075
11.325 53.575
8.125 52.225
5.775 48.325
9.475 48.875
13.875 50.625
10.075 48.775
7.975 52.575
8.475 52.075
12.575 48.625
9.425 53.375
12.975 52.625
9.325 47.875
11.425 53.175
10.275 48.825
11.425 48.475
10.525 48.675
13.375 53.975
13.525 50.075
14.175 50.875
9.875 47.475
6.875 49.875
6.225 47.675
13.575 53.675
6.125 50.975
8.025 52.575
8.725 48.625
6.875 52.075
11.875 47.625
8.875 54.875
8.575 51.525
9.125 49.625
14.675 51.775
13.875 51.175
9.875 49.175
13.525 53.875
9.775 47.375
14.775 49.875
7.625 50.925
14.075 49.275
6.775 50.575
10.325 50.675
10.525 53.325
10.175 47.325
7.725 48.425
7.325 51.525
6.975 49.575
14.125 52.075
6.625 49.725
11.625 47.725
12.075 52.075
6.075 48.575
6.125 47.975
9.025 54.175
7.375 48.575
11.275 50.025
14.175 47.525
14.675 53.725
14.175 47.275
13.975 49.325
12.375 49.175
9.425 49.575
11.975 47.725
5.825 51.275
11.525 52.225
6.075 50.625
13.375 49.925
6.325 50.175
6.125 52.175
7.375 53.625
13.025 52.625
15.075 47.375
13.975 51.325
7.025 48.725
12.225 52.975
11.575 50.275
11.675 47.475
10.325 51.175
8.425 48.425
13.025 54.025
15.025 50.675
11.975 55.175
6.975 51.575
15.075 51.675
12.025 47.925
8.425 52.725
12.275 51.025
7.425 49.675
11.275 47.325
9.725 51.425
10.375 53.325
10.075 53.975
8.625 49.125
11.975 47.425
14.525 53.525
11.925 49.925
8.775 53.025
14.275 49.475
6.525 52.425
13.125 52.575
9.325 51.625
14.975 49.125
7.325 48.125
7.725 50.525
12.775 47.425
9.875 52.375
12.575 52.525
10.325 48.625
13.825 53.275
6.625 50.325
10.425 52.525
10.825 50.525
8.225 51.625
12.125 48.775
10.925 50.025
12.825 51.775
8.575 49.375
14.675 51.375
13.425 47.875
9.575 48.175
6.075 51.125
9.975 52.825
6.925 52.825
15.125 53.725
7.775 52.975
11.725 53.175
6.475 47.525
8.875 54.275
11.325 47.425
14.225 50.775
12.125 53.325
6.575 48.275
6.625 53.225
12.125 51.325
9.675 54.675
8.275 49.375
10.475 47.425
12.925 47.325
14.425 53.575
6.075 48.725
8.725 48.475
13.775 52.925
9.325 49.525
13.525 50.375
9.825 48.075
11.275 50.725
7.175 49.375
8.875 47.475
10.675 53.825
13.925 52.425
6.825 51.625
14.025 53.675
5.825 52.325
15.175 47.475
7.975 47.925
7.175 52.725
12.075 47.825
11.625 50.175
10.625 54.325
12.875 49.375
10.875 48.025
8.325 50.425
13.175 49.725
12.825 47.475
8.325 53.425
8.625 51.725
5.825 50.375
12.425 49.475
9.275 55.175
8.975 47.325
6.575 48.775
8.825 52.775
10.725 49.225
9.525 50.325
6.675 47.375
9.925 52.525
10.325 48.325
11.775 52.925
11.975 52.325
11.125 49.925
9.425 47.775
14.025 47.925
15.125 52.675
7.375 51.375
10.525 48.825
7.975 48.825
9.475 48.175
6.625 50.875
10.675 52.725
11.675 52.575
6.175 50.275
8.575 48.575
8.675 51.125
9.225 53.025
11.225 47.675
12.025 47.625
8.225 50.625
6.275 52.675
11.575 53.575
11.375 51.925
6.775 52.175
12.725 54.075
6.375 51.925
10.425 52.775
10.375 51.675
13.525 51.575
10.775 52.775
7.225 51.825
7.825 49.525
15.225 49.125
11.425 53.475
6.525 49.525
12.025 53.775
13.375 49.775
15.075 49.925
6.075 48.225
12.075 52.125
8.775 52.325
12.875 50.575
7.775 52.475
7.025 48.675
9.325 51.725
8.225 52.675
7.825 51.525
12.275 51.625
8.675 51.625
14.125 48.125
13.675 48.675
12.425 51.625
14.625 52.125
14.375 49.025
14.225 50.925
6.075 48.625
13.775 49.025
6.175 50.775
8.625 47.825
13.675 50.025
9.775 51.125
7.075 52.175
11.875 54.675
12.825 47.275
9.825 51.925
6.025 47.375
15.025 49.075
14.175 49.925
5.825 50.525
10.675 51.575
6.875 50.725
8.025 52.975
7.275 50.525
7.875 52.775
10.825 52.475
8.025 47.425
9.275 47.475
12.675 49.325
13.975 50.875
9.875 54.675
7.675 52.525
11.925 47.975
14.175 48.025
6.875 48.375
14.275 51.625
15.225 50.775
14.625 49.825
11.725 53.125
11.975 52.475
7.225 50.525
11.775 49.275
6.775 53.275
12.375 53.875
6.025 51.925
7.775 51.025
12.975 52.675
6.425 48.075
14.125 52.575
12.475 53.775
14.775 49.225
7.625 50.825
10.075 51.275
6.825 52.175
8.875 53.325
9.725 51.375
10.375 49.725
6.175 49.325
9.725 54.525
14.225 53.275
10.925 54.225
11.425 50.025
7.125 50.775
12.575 49.225
7.425 52.825
12.075 51.875
6.875 49.475
7.775 48.775
9.375 49.775
14.025 50.025
14.775 48.425
8.275 49.675
13.225 54.325
12.475 48.925
9.325 53.325
12.375 48.175
7.375 51.275
14.275 48.475
13.225 47.875
13.575 52.175
8.425 49.475
8.925 49.825
7.125 49.725
13.975 52.975
15.125 52.425
14.325 47.875
6.875 48.675
11.575 52.625
8.725 52.675
9.375 54.075
13.325 54.175
12.575 52.225
14.525 52.875
7.475 51.775
8.075 53.275
15.025 50.775
14.825 51.675
15.025 53.525
11.775 52.625
12.175 47.875
14.225 48.125
6.675 48.225
12.675 48.525
13.025 47.275
9.975 51.625
7.525 50.825
12.925 54.375
6.875 52.425
8.525 52.625
11.575 50.525
8.875 50.925
9.025 47.875
6.275 47.675
5.825 49.925
12.075 50.025
6.775 51.075
8.675 48.325
14.025 47.775
14.175 50.375
10.625 49.125
12.125 49.475
5.875 48.375
8.975 54.425
11.675 52.175
14.575 51.375
6.725 52.375
9.275 54.175
14.975 52.225
15.025 47.575
7.625 52.875
10.425 48.375
10.675 52.875
5.775 47.825
9.725 50.325
10.025 50.575
6.675 51.125
13.875 51.775
14.675 50.925
10.125 53.125
9.725 47.275
7.625 53.675
11.575 48.225
6.575 49.275
12.975 53.125
13.625 53.325
6.625 52.625
8.975 47.275
10.875 47.375
10.675 50.825
6.625 48.725
9.775 50.925
11.025 48.375
7.375 49.675
13.475 50.225
13.575 49.875
10.125 50.575
9.125 53.525
8.275 47.525
12.275 52.625
9.425 49.425
13.425 50.575
13.875 48.725
6.975 51.475
10.225 52.775
8.975 51.925
12.575 47.475
6.525 51.575
10.775 53.325
12.175 47.575
15.125 53.175
13.325 52.125
11.975 48.525
7.375 52.975
15.125 51.325
13.375 48.475
12.375 50.175
11.425 53.325
15.175 51.525
8.525 50.575
8.425 53.525
8.675 52.975
7.675 53.475
12.825 48.175
14.975 49.675
13.825 49.925
12.375 51.675
6.425 49.275
13.775 48.475
13.625 47.275
8.675 49.325
12.625 51.675
8.525 50.175
7.075 51.625
8.275 47.925
7.175 49.625
5.775 49.125
14.025 52.825
9.125 53.575
11.125 54.875
12.825 51.325
6.425 48.375
6.125 50.775
14.175 47.425
12.325 51.525
12.275 49.175
13.875 49.125
12.875 52.925
6.075 51.475
6.525 51.225
14.925 47.425
14.625 53.125
12.275 50.725
12.475 52.325
7.025 49.075
14.025 51.125
13.875 49.675
10.675 53.575
14.625 51.675
14.075 53.725
14.425 47.575
11.475 51.475
14.375 51.875
9.275 52.475
12.625 48.675
13.075 50.975
6.225 50.075
9.875 50.375
14.725 52.825
8.975 54.225
9.675 53.575
9.675 53.275
13.175 49.875
8.575 53.375
10.225 51.825
13.325 54.675
9.525 54.075
6.125 48.525
6.025 53.225
14.575 52.625
11.175 52.225
7.425 50.125
11.875 54.875
11.875 50.875
12.075 52.775
6.625 49.625
14.825 47.825
11.325 48.225
10.475 51.175
8.475 48.075
12.375 47.625
9.325 52.075
13.175 53.175
7.575 49.075
8.425 50.575
5.925 48.075
8.025 53.025
10.225 49.525
14.125 53.975
9.125 50.775
7.875 48.375
10.625 50.125
6.525 52.975
6.525 50.875
7.375 49.025
7.325 48.175
12.425 47.475
11.475 49.025
9.775 54.475
11.325 53.225
9.575 48.325
9.775 50.475
13.825 50.125
10.875 50.125
7.525 52.425
11.125 53.725
7.175 51.125
5.875 52.075
14.325 47.825
8.725 47.375
6.975 49.375
14.525 53.475
14.675 49.275
11.275 48.625
13.125 48.025
6.275 47.575
8.925 49.525
14.775 52.825
13.825 53.175
15.175 50.425
5.875 53.375
9.275 54.825
8.575 47.875
7.875 50.525
10.775 48.075
7.975 51.575
11.325 49.325
7.075 52.075
12.225 50.075
10.575 50.825
14.375 51.475
7.175 48.675
12.575 53.175
9.075 50.775
13.625 48.525
10.275 47.425
9.325 53.975
9.675 48.625
12.625 49.975
11.925 47.475
6.275 49.525
13.025 51.325
14.625 53.575
9.175 50.625
6.875 51.425
5.975 49.425
14.825 53.925
7.575 47.375
7.025 51.725
9.125 47.575
6.025 48.175
12.075 47.775
14.925 51.625
9.475 52.575
8.675 50.425
14.525 52.175
14.575 53.575
5.925 50.825
12.425 48.975
12.675 49.825
6.925 51.725
14.375 51.375
12.675 53.375
10.475 53.325
13.925 52.325
14.175 48.375
9.125 52.775
10.675 54.775
6.325 51.875
6.725 50.875
11.175 53.175
14.775 52.225
11.225 52.525
13.825 51.675
7.075 50.575
11.125 50.875
8.275 52.275
9.725 54.425
15.075 51.175
11.125 54.925
13.375 48.625
15.075 53.825
9.975 48.575
7.325 52.925
11.225 48.775
7.125 50.575
15.225 50.675
6.425 50.675
6.325 50.125
7.125 47.775
8.625 47.775
11.175 51.475
6.275 52.325
12.175 50.525
9.175 49.325
10.025 47.325
12.225 47.575
6.375 50.875
7.225 51.975
6.575 49.975
10.675 47.575
10.075 50.375
6.275 47.825
7.975 48.625
8.925 52.725
8.825 48.625
10.375 50.475
6.475 48.375
14.775 48.525
10.425 49.975
6.525 53.075
10.525 50.625
12.825 53.425
9.975 50.575
7.725 53.625
9.825 51.775
10.325 52.375
14.975 47.975
10.475 48.675
6.625 52.225
13.075 48.225
13.925 52.475
14.325 48.825
7.125 52.775
10.025 48.625
5.775 51.325
9.825 49.525
9.475 54.875
9.875 48.575
11.425 50.925
14.275 52.225
6.725 49.875
13.725 53.825
14.275 53.875
7.725 50.625
14.225 48.075
6.775 53.175
7.075 48.025
10.125 52.875
11.025 47.625
14.625 47.775
9.325 52.325
13.025 49.125
10.875 48.375
11.675 49.775
12.625 51.125
11.275 47.275
6.725 52.725
13.325 50.025
7.025 52.625
8.825 53.425
14.175 48.875
11.725 50.825
14.375 50.425
8.525 49.275
9.025 51.075
12.225 50.525
15.125 47.775
12.775 48.225
12.075 55.125
6.275 50.525
9.125 48.075
13.725 53.075
11.275 50.525
13.575 49.925
8.125 48.575
12.425 51.825
9.925 48.425
14.475 49.375
10.175 50.075
9.075 50.575
11.175 50.175
13.725 48.525
8.775 49.725
6.425 50.925
10.925 50.825
13.525 48.775
13.275 49.125
11.825 54.675
10.075 48.225
14.775 51.525
7.825 51.725
11.125 47.425
6.925 51.325
12.175 47.625
8.075 48.275
6.275 51.825
13.375 47.625
9.475 50.525
11.175 48.775
7.075 50.025
6.575 52.125
6.925 49.375
6.175 49.775
11.875 52.675
10.125 51.025
10.025 50.375
6.075 47.375
15.225 47.875
11.475 48.475
13.775 50.025
10.175 49.325
7.225 50.625
6.675 50.475
10.825 51.675
9.475 52.025
8.575 51.225
9.675 50.725
12.975 49.375
12.875 52.975
10.325 52.725
8.325 47.875
10.825 52.825
13.725 48.725
8.325 51.675
15.075 48.125
10.975 49.025
15.025 55.075
11.475 49.675
14.325 52.125
9.175 53.625
9.975 52.275
10.475 49.375
14.225 47.525
5.775 51.125
14.025 48.725
8.325 49.025
13.075 48.075
9.875 54.125
14.325 53.875
14.475 49.425
12.925 49.175
14.275 53.025
14.775 50.525
12.675 49.075
8.875 48.325
5.925 50.025
6.575 48.175
8.125 47.425
7.175 49.925
14.675 50.475
7.725 51.575
14.425 53.375
11.425 51.025
13.875 52.325
15.175 49.625
12.025 54.125
8.525 53.275
11.675 52.425
13.425 49.425
12.325 49.225
12.525 53.175
7.625 48.625
11.525 52.475
8.675 50.025
12.825 50.225
12.575 48.275
10.975 52.625
12.175 53.325
14.275 49.925
5.925 48.475
12.575 50.875
12.725 47.775
6.125 51.075
14.625 52.975
8.525 52.875
12.175 50.275
6.025 49.425
9.775 47.675
12.625 49.275
10.075 53.125
11.875 49.625
11.925 52.375
14.575 47.275
13.375 48.275
14.425 48.875
11.825 50.025
14.175 47.875
13.825 47.575
14.475 51.625
10.225 52.925
12.975 47.475
10.525 48.325
9.075 52.775
10.275 52.025
13.225 51.875
10.875 52.425
13.325 51.525
9.225 48.725
14.175 50.975
10.925 51.675
11.625 50.025
12.425 48.775
6.025 52.475
14.875 47.525
15.225 51.925
5.975 51.075
7.675 52.725
15.225 49.375
9.125 47.825
6.425 53.025
9.175 54.775
9.975 49.275
10.975 47.875
14.475 47.775
11.925 48.375
13.425 52.925
7.725 49.525
12.025 51.025
6.225 51.175
10.225 48.125
9.175 51.875
10.875 52.125
12.325 53.775
6.725 52.025
6.075 52.475
6.175 49.425
7.025 47.575
10.425 53.125
15.025 52.425
10.725 52.975
11.425 54.725
14.175 51.225
12.225 47.625
8.375 48.375
8.425 47.375
11.375 49.975
8.475 48.375
8.975 48.175
15.125 53.475
14.675 48.725
6.875 51.625
6.675 47.275
14.275 51.975
12.975 51.925
9.975 49.775
10.425 55.075
9.675 51.475
9.225 47.525
9.975 54.075
12.475 51.675
14.575 49.425
14.625 52.275
12.025 49.675
12.175 53.725
6.375 49.975
10.425 47.675
11.225 50.625
9.375 52.325
12.925 50.325
11.575 53.325
6.775 50.075
12.425 50.175
8.775 47.625
6.025 51.775
14.025 52.275
10.525 51.625
11.475 50.075
10.875 47.575
11.825 53.425
14.425 47.725
14.875 51.375
8.425 50.725
13.075 48.525
12.075 48.975
9.975 54.525
8.125 51.275
8.575 52.575
14.225 49.175
10.925 55.125
13.175 51.625
10.725 53.475
8.975 49.225
14.225 53.575
11.475 51.625
5.975 51.825
7.075 50.325
11.975 55.025
15.025 52.875
14.325 51.775
13.975 52.075
7.575 52.625
10.975 52.025
8.275 49.125
8.925 52.325
12.175 47.425
10.775 52.475
14.025 53.375
10.225 47.275
9.525 49.175
12.875 49.725
11.475 51.275
13.875 54.075
9.025 47.375
7.325 47.825
9.325 48.775
14.925 48.825
6.825 48.325
9.625 47.825
10.275 50.325
13.075 51.225
6.925 50.275
9.675 54.125
13.725 52.775
11.375 48.425
6.975 49.775
8.175 52.325
9.225 49.375
11.275 50.575
13.025 53.475
8.075 47.875
13.925 50.475
8.825 50.725
11.925 47.675
8.525 48.575
7.075 50.425
11.575 47.825
10.925 50.975
9.625 52.525
13.775 51.325
12.775 50.825
10.875 51.275
14.375 49.225
10.225 47.475
13.925 51.775
7.175 51.275
8.825 51.375
9.825 54.325
11.275 49.125
8.225 53.325
12.525 52.875
12.575 54.325
6.925 52.725
13.425 52.975
12.375 50.575
12.675 50.325
8.475 52.725
11.025 51.625
7.925 48.125
9.525 49.875
10.575 50.925
8.475 49.925
11.575 49.675
12.025 47.675
14.925 51.475
14.175 47.725
8.725 49.375
11.525 49.775
10.775 51.675
11.025 48.075
12.875 53.625
12.725 48.825
14.475 50.225
8.425 51.825
11.025 50.425
7.625 52.275
15.125 52.925
11.675 50.975
6.425 51.875
14.675 47.575
13.325 49.475
9.475 51.725
13.625 49.925
12.525 48.125
8.025 52.825
12.575 54.175
6.475 49.975
6.925 51.575
10.175 52.075
6.275 49.425
11.475 48.675
8.325 49.975
11.375 52.925
8.075 48.925
6.625 53.075
8.925 51.875
14.475 49.225
10.275 48.225
8.375 53.575
12.625 50.025
11.025 49.675
10.125 47.975
11.925 50.725
14.475 50.525
9.925 52.075
14.925 48.525
11.675 51.525
7.775 50.825
10.375 50.625
10.375 54.075
13.775 49.225
6.375 50.075
11.025 53.175
11.025 49.025
9.125 48.575
9.025 50.225
8.575 47.325
7.475 53.425
10.175 50.325
6.125 52.675
9.625 54.125
12.725 53.875
10.575 53.925
13.175 54.375
11.675 51.825
15.025 53.075
7.025 49.775
13.025 51.125
15.125 47.575
13.925 53.625
13.325 47.875
12.375 52.775
8.425 53.475
13.575 48.025
9.425 50.475
13.075 47.875
10.675 51.175
10.275 51.525
14.225 52.325
12.125 53.025
10.425 48.925
8.325 52.075
10.025 50.725
9.125 48.025
10.025 51.575
8.025 50.225
9.125 53.175
7.375 52.625
7.175 53.175
14.875 49.525
10.375 53.575
13.075 50.825
6.625 47.625
12.775 51.875
13.275 52.625
8.225 52.275
9.225 51.975
7.125 49.325
12.975 53.375
12.425 47.525
11.225 51.575
10.775 49.075
11.775 52.425
7.675 48.875
9.225 50.325
8.625 48.225
11.775 53.825
12.975 49.425
10.725 53.875
14.275 49.375
11.425 53.075
6.175 48.925
7.325 52.775
9.975 51.975
6.925 48.725
11.225 49.125
7.625 48.275
7.825 50.325
6.075 51.825
14.225 53.625
11.875 52.025
12.175 48.575
7.125 47.625
13.025 52.175
15.025 47.625
13.375 51.225
7.625 53.075
8.625 49.475
10.425 50.225
11.125 47.475
14.525 51.475
6.875 51.675
8.525 53.325
11.425 52.625
9.275 47.875
14.925 49.425
12.425 53.225
12.175 51.775
13.225 50.475
11.675 48.525
12.225 49.475
10.375 48.275
14.175 53.925
14.325 50.575
11.625 53.775
7.375 50.625
11.675 54.075
9.225 50.575
7.525 50.175
9.525 55.175
11.975 50.175
5.975 50.175
8.375 52.075
6.775 51.725
8.075 47.775
8.625 52.475
7.975 52.625
11.475 47.375
14.475 47.975
14.925 49.375
6.225 50.425
14.375 50.175
10.175 52.025
9.475 53.025
8.975 47.475
8.675 49.175
14.325 50.525
8.725 51.925
7.875 48.875
10.475 48.275
14.175 47.325
10.025 54.625
13.275 48.325
8.225 50.525
8.725 52.125
7.575 51.575
8.375 52.575
7.375 47.475
6.225 48.475
8.825 48.025
12.275 47.875
10.975 50.625
12.975 47.325
6.625 52.575
6.175 49.175
13.025 47.425
13.275 49.725
8.975 51.025
11.275 52.025
14.275 48.825
11.225 51.725
6.325 49.875
14.425 49.175
14.425 49.225
9.525 51.625
9.275 48.575
10.425 52.725
7.375 51.575
7.425 52.775
10.925 50.275
10.725 51.075
14.875 53.725
7.025 50.275
9.025 49.425
9.825 50.475
15.075 51.275
12.475 54.075
5.875 49.925
9.225 52.875
11.625 52.175
7.025 50.025
6.975 49.975
13.425 49.875
14.125 52.525
9.725 53.975
12.425 53.175
12.025 52.975
6.025 51.275
13.075 53.475
5.975 49.075
9.425 51.675
9.325 51.875
9.925 48.375
9.225 50.375
10.975 48.725
8.975 55.175
15.025 50.825
8.225 48.825
12.325 47.775
6.325 49.675
12.325 48.625
12.425 52.625
13.375 51.825
13.175 50.075
12.675 50.825
12.275 53.475
6.075 51.975
6.425 48.125
7.425 51.775
6.775 52.225
12.925 50.175
11.175 47.375
14.525 51.525
13.425 48.625
8.575 52.375
9.575 48.875
5.975 48.425
9.825 52.025
13.975 53.525
9.425 55.075
14.075 51.275
12.525 52.575
11.825 53.125
8.575 48.375
7.575 49.525
8.675 54.825
12.325 47.875
15.025 53.625
13.475 47.725
5.925 51.625
7.725 48.625
9.575 54.275
13.425 52.875
13.175 49.375
13.375 52.075
14.075 52.925
11.325 51.875
8.625 50.675
12.025 48.625
6.525 49.425
6.425 48.275
14.125 50.825
6.575 51.125
5.825 49.975
8.575 50.425
11.575 53.475
7.725 48.025
12.325 52.825
11.325 53.025
7.675 50.425
7.175 51.725
7.175 52.975
6.825 50.725
12.125 49.925
11.025 48.425
10.075 54.475
11.925 48.125
14.975 53.975
9.575 47.725
13.375 49.575
11.675 50.925
6.725 47.475
8.325 52.475
9.325 49.975
11.875 52.925
13.275 53.625
10.225 47.525
13.525 51.525
11.175 50.075
9.825 49.475
10.975 53.975
8.525 52.925
10.525 52.225
6.275 52.625
10.675 48.425
15.125 53.825
8.875 52.375
14.175 49.175
14.625 48.275
13.325 49.725
13.675 51.475
14.325 49.025
13.625 48.575
6.825 51.975
9.925 54.975
8.725 52.975
14.925 52.425
11.125 47.525
10.525 51.125
8.425 48.375
6.125 47.425
11.925 50.775
8.575 47.425
7.325 48.275
6.675 52.325
7.525 48.125
5.875 48.625
5.875 49.225
12.525 54.275
8.675 49.275
10.075 51.625
8.125 50.075
10.425 49.175
6.675 49.475
12.025 49.275
6.475 50.575
7.575 52.775
11.575 53.075
12.075 47.475
12.225 48.875
12.175 50.625
5.925 50.175
13.125 53.675
10.675 48.925
13.075 53.175
14.725 52.325
15.225 49.325
6.375 48.175
9.875 50.625
8.325 47.625
6.825 51.075
10.875 50.325
6.175 49.625
10.125 50.425
11.425 49.525
5.825 50.575
12.675 54.275
13.875 51.025
9.425 51.525
6.175 47.525
14.375 53.025
14.725 52.675
14.575 49.475
11.475 50.675
7.475 51.825
12.125 49.575
12.175 54.125
15.075 51.025
8.675 50.825
9.425 53.725
12.125 53.275
10.425 52.175
11.025 53.525
8.375 49.025
6.725 50.475
11.475 47.325
6.475 49.475
6.375 49.775
11.225 48.475
6.375 52.925
13.375 48.925
7.575 51.475
8.125 49.975
13.825 51.325
7.575 49.775
11.025 53.075
14.075 51.775
12.925 49.125
7.725 53.225
8.425 48.575
11.575 49.225
11.775 48.875
7.625 52.525
13.975 50.625
10.625 47.975
11.375 50.825
9.875 50.725
6.375 51.025
12.175 50.375
9.925 47.775
8.475 51.775
14.675 53.025
12.725 50.725
13.625 52.225
6.775 53.425
13.125 51.075
14.625 51.825
6.125 49.625
12.775 53.825
11.725 48.475
12.725 51.525
10.225 48.975
12.925 53.975
7.675 48.025
6.575 53.175
11.325 52.075
6.275 50.025
13.225 54.125
9.025 51.475
7.975 49.875
5.775 48.775
8.875 50.025
13.875 48.325
12.825 53.725
7.775 52.325
13.975 48.825
6.725 48.975
14.625 53.175
10.075 47.725
9.025 52.725
6.975 52.975
14.775 53.225
10.825 53.225
13.225 51.225
14.425 47.425
10.675 52.625
14.925 55.125
8.475 49.775
11.625 47.625
13.675 51.975
15.225 53.925
11.675 52.675
13.575 50.625
9.275 54.225
9.125 55.175
10.675 50.975
9.825 52.575
5.975 48.625
14.675 51.725
8.275 50.575
9.625 54.275
13.525 53.575
5.925 49.125
11.125 51.425
12.875 48.475
8.075 49.625
13.625 53.625
9.775 51.575
15.225 51.575
14.225 52.725
14.825 49.725
11.675 53.625
12.375 51.475
7.875 47.425
10.775 48.325
6.825 49.125
12.325 50.125
8.175 51.725
13.225 47.775
8.775 50.525
11.975 48.325
10.825 52.375
7.825 48.075
6.225 49.175
9.175 49.525
12.725 53.075
14.925 48.125
7.775 51.325
10.625 50.625
13.825 51.575
9.325 47.975
14.475 53.375
9.875 49.625
8.425 47.725
7.525 51.775
10.975 51.375
11.275 48.025
7.125 51.425
11.975 48.475
14.875 49.025
13.825 50.575
10.525 52.725
14.025 47.325
11.575 51.625
9.675 49.825
10.825 50.125
12.925 50.975
12.825 48.225
12.125 50.975
14.925 48.975
11.875 48.375
14.225 49.275
10.825 49.775
6.375 49.925
9.625 54.325
14.075 52.175
10.375 52.225
13.725 51.625
14.575 49.125
5.875 52.725
12.875 54.125
7.875 52.225
9.875 53.275
7.475 51.575
7.225 52.025
13.825 48.925
14.775 52.075
13.025 50.125
12.225 54.125
10.325 50.975
7.675 50.575
8.175 49.925
9.075 54.825
7.075 47.975
9.375 52.975
13.975 48.225
13.825 52.975
15.175 48.925
5.925 47.775
11.525 47.875
12.925 50.125
11.175 49.875
11.475 52.575
13.175 51.525
7.125 52.375
7.975 49.975
9.675 50.675
8.275 48.525
8.675 47.925
10.825 49.875
10.725 49.025
8.775 49.975
13.375 53.075
6.525 49.875
10.025 53.075
12.175 48.225
6.575 52.675
13.175 52.675
12.175 49.375
14.575 51.225
13.475 50.175
13.975 47.325
11.125 52.675
6.175 49.075
11.575 48.625
11.475 53.925
8.425 50.925
10.525 52.175
14.575 53.525
11.575 47.525
13.475 48.675
10.225 50.475
7.575 50.975
9.425 51.125
13.875 51.925
14.225 52.525
9.725 51.025
12.325 50.525
9.625 47.975
10.875 52.275
7.525 50.375
8.425 48.525
8.625 51.275
11.175 47.725
6.275 47.775
14.575 51.175
13.025 51.775
12.925 47.725
9.825 53.775
15.025 53.925
11.325 53.075
12.525 50.525
8.525 49.325
12.025 49.625
10.625 51.525
13.025 54.125
7.825 52.775
6.675 48.975
5.825 49.375
12.025 52.075
6.775 49.675
6.775 50.025
13.075 50.575
15.225 47.625
7.075 50.825
12.025 51.725
11.525 52.775
6.725 50.775
6.275 51.525
6.525 49.125
13.425 53.275
9.125 50.375
11.875 49.575
9.675 54.275
11.725 51.025
12.925 47.675
10.575 53.225
9.575 50.675
9.175 54.425
8.225 52.875
10.025 48.875
6.925 48.675
11.575 49.925
12.275 51.575
8.475 51.275
9.875 48.725
13.325 52.175
7.425 51.575
12.825 52.025
15.025 49.775
13.275 52.425
13.575 49.225
6.225 49.925
13.025 54.225
6.075 51.925
12.125 53.075
5.825 52.025
14.975 50.275
6.075 51.325
12.875 48.025
12.725 52.625
13.125 47.525
11.125 49.225
12.475 47.475
6.775 47.775
13.875 47.675
12.925 52.475
13.225 52.775
11.725 54.675
8.175 47.825
14.225 48.725
12.875 51.375
12.575 48.075
11.025 53.125
12.725 50.925
13.675 53.175
14.275 51.025
14.375 47.275
10.475 49.925
10.375 52.625
8.525 48.675
12.675 53.775
13.875 47.325
9.825 48.425
7.575 50.875
9.475 49.575
6.625 50.175
10.525 52.475
6.975 48.725
9.375 49.875
12.025 53.475
12.025 53.225
7.725 53.175
6.775 47.325
10.525 49.625
12.825 53.275
14.775 51.875
12.975 52.025
10.525 52.575
7.675 48.175
9.325 48.675
7.875 50.125
13.775 48.125
13.525 49.975
8.425 48.325
9.325 51.475
9.875 52.625
10.125 48.725
12.275 52.075
12.575 51.025
13.425 48.175
14.825 47.725
14.825 47.275
7.025 49.025
13.875 47.625
13.275 52.375
9.025 49.375
12.075 54.025
9.925 50.675
7.625 49.775
10.925 51.075
6.675 50.175
7.575 53.575
8.975 53.525
8.975 51.325
6.225 49.325
11.625 47.825
13.075 47.975
14.475 48.475
6.375 49.575
12.775 54.025
14.625 47.425
8.825 47.575
10.125 52.025
6.975 50.575
9.025 54.825
10.575 53.775
10.225 49.975
15.225 53.425
12.825 52.075
11.275 52.075
10.875 48.125
10.775 53.475
13.375 52.375
6.025 53.025
11.775 51.625
12.875 48.725
14.725 49.875
14.275 52.825
7.475 51.175
11.475 50.575
9.625 53.225
14.075 47.675
12.975 47.875
8.275 51.275
11.725 47.725
14.125 50.975
11.475 54.625
11.825 50.925
5.775 49.075
14.425 49.125
13.375 52.025
10.625 47.775
13.725 49.725
14.775 49.925
6.575 51.725
9.825 52.125
9.725 51.325
14.375 50.075
6.875 53.125
11.375 54.725
11.575 51.375
12.625 49.875
7.925 52.225
9.475 51.075
13.125 53.125
12.375 49.575
10.525 49.675
9.225 55.025
14.375 51.675
10.975 50.725
10.625 51.425
7.275 47.275
10.625 52.175
11.625 47.575
13.075 49.025
15.025 50.725
8.575 51.975
7.575 48.325
12.725 51.875
9.375 48.125
13.625 52.325
8.625 51.775
7.625 50.325
9.625 50.225
13.575 48.075
9.875 52.825
14.125 50.225
7.025 49.125
12.175 49.325
9.275 54.075
13.125 51.175
9.675 50.325
13.625 48.025
6.225 49.675
15.025 47.375
12.125 48.925
7.425 50.675
10.625 52.125
7.575 50.225
13.325 53.925
15.175 48.375
6.925 48.075
14.025 54.025
13.775 49.375
14.775 51.075
7.475 48.425
9.925 51.625
6.725 47.325
7.875 49.425
8.425 47.775
14.975 53.075
14.275 51.475
6.525 51.275
14.525 49.125
11.925 48.175
10.725 48.225
9.975 53.475
6.475 49.525
10.825 49.225
13.175 52.325
13.425 48.325
14.075 49.975
14.575 47.375
6.675 51.725
12.175 49.825
14.625 51.075
8.025 51.875
8.875 53.075
8.925 49.975
15.225 49.775
7.875 52.375
14.675 49.075
14.875 53.525
10.575 51.975
9.525 48.025
8.775 55.175
12.475 51.925
7.325 49.075
8.175 50.475
6.925 47.925
8.225 49.525
10.825 47.925
13.675 50.775
11.575 50.025
10.225 50.325
7.025 47.625
10.875 47.975
10.575 53.975
14.275 50.525
13.675 50.175
10.525 49.825
11.075 47.775
6.425 50.425
11.525 49.225
7.625 50.025
14.025 51.575
9.975 47.825
9.875 50.025
14.525 52.925
8.375 49.675
9.075 48.025
11.425 52.875
12.925 50.825
12.175 51.575
9.225 48.825
12.775 51.325
13.825 50.025
14.225 52.775
13.575 47.325
8.175 47.875
8.975 54.875
12.375 51.275
10.125 53.825
9.375 52.625
12.175 52.425
12.775 52.475
5.775 49.375
10.675 53.325
11.025 49.275
6.075 48.775
10.025 51.075
7.825 52.575
10.925 48.575
6.425 48.475
12.875 49.225
5.775 50.725
9.275 48.025
10.925 53.375
13.225 53.375
8.975 48.675
12.975 52.475
12.525 51.175
9.425 52.625
7.425 48.375
14.575 48.225
14.475 53.275
10.375 51.025
12.775 53.175
11.975 49.825
9.525 51.025
9.925 52.875
6.575 52.075
8.675 47.475
11.275 49.975
9.025 49.875
13.675 49.925
10.875 52.625
8.975 53.675
9.925 52.175
6.825 47.375
14.825 53.775
14.475 47.475
12.675 50.225
7.075 48.425
12.225 53.675
14.575 52.125
8.475 49.675
12.475 53.475
14.175 48.575
7.225 52.375
6.525 47.625
8.875 55.025
6.525 47.975
9.525 48.625
10.875 53.775
11.375 50.625
6.975 50.625
5.875 50.425
10.525 48.575
9.675 48.175
12.475 53.925
10.225 50.075
14.275 53.475
13.725 48.875
12.975 52.975
6.325 51.775
6.975 49.275
14.675 53.875
13.075 52.125
10.025 50.275
11.175 51.325
7.525 52.825
7.175 50.825
9.725 52.875
6.425 50.525
10.025 49.325
12.175 51.725
10.375 48.175
13.575 53.425
9.425 51.625
13.025 51.075
11.075 51.425
9.175 48.075
9.275 48.125
14.875 51.975
15.125 53.925
9.575 51.825
11.325 49.175
12.375 50.325
6.675 47.975
11.075 48.975
8.375 48.475
7.825 49.675
8.975 51.475
11.875 51.925
9.025 54.025
13.825 49.475
14.475 47.925
8.775 54.725
7.025 51.875
6.125 52.875
13.025 49.675
15.125 51.975
6.475 49.775
6.675 49.175
10.375 52.525
9.175 55.075
11.025 52.625
11.025 48.675
9.975 48.825
7.525 51.425
9.775 53.175
10.225 52.825
6.425 50.375
12.575 48.675
8.175 51.475
13.475 52.225
8.275 49.625
13.975 52.625
10.525 47.275
14.125 47.775
11.675 51.875
8.075 50.175
6.025 48.225
6.975 50.775
8.075 49.525
13.625 50.025
11.875 52.375
6.225 47.975
14.125 51.425
7.725 49.225
7.025 53.175
9.625 50.125
7.425 53.675
9.425 53.275
8.825 50.325
10.575 51.675
14.675 50.125
12.975 51.975
8.825 54.375
13.175 47.975
13.425 52.325
11.925 51.775
6.875 52.975
11.425 51.975
13.275 48.625
7.225 50.875
8.625 47.475
10.525 47.875
14.275 53.675
11.875 48.825
12.825 51.725
12.475 52.675
6.575 48.475
8.075 48.875
6.075 49.125
11.025 50.475
8.625 52.975
8.675 52.675
12.675 52.225
7.325 47.625
15.025 51.075
11.025 50.525
6.775 53.025
9.275 54.325
14.375 51.825
8.925 52.525
8.825 51.625
13.775 53.475
12.875 51.025
9.075 50.525
11.625 49.375
9.275 50.225
13.675 50.675
6.175 53.325
6.725 48.375
10.275 52.375
8.675 51.425
6.325 53.075
6.825 51.575
7.675 47.675
14.025 50.475
9.825 49.875
10.975 48.825
9.475 49.525
6.625 51.525
5.975 50.375
9.025 54.475
13.825 48.725
9.775 49.775
5.775 50.075
6.175 48.125
9.375 49.325
12.125 52.225
8.225 52.775
10.475 49.725
13.725 52.225
11.925 51.225
9.225 54.425
13.175 54.475
6.925 48.425
7.375 51.475
6.675 47.925
7.075 51.875
11.075 50.575
14.725 53.875
6.075 47.725
10.575 50.675
9.475 55.125
14.475 48.525
9.875 47.925
14.875 52.725
12.625 53.275
14.025 51.925
13.475 50.775
13.275 48.975
14.025 49.725
8.725 51.625
9.975 51.225
8.225 48.175
9.575 51.025
14.175 53.675
10.975 49.175
12.075 49.975
11.175 47.875
7.025 51.675
9.325 49.125
9.025 54.725
12.125 53.125
7.475 48.625
9.025 48.975
8.525 49.625
14.225 51.825
7.025 51.475
14.725 52.475
11.925 49.175
7.825 52.325
12.575 47.775
11.675 51.425
9.475 55.075
12.675 53.175
6.675 48.475
11.125 53.975
7.925 50.225
12.775 49.225
7.225 52.625
5.825 51.125
10.925 50.075
12.825 48.875
8.475 48.275
8.825 49.425
12.675 49.125
12.025 48.375
5.775 47.275
6.725 52.775
7.725 49.925
9.175 52.975
14.275 52.775
10.725 49.175
7.325 47.675
9.575 51.725
11.725 53.675
12.875 50.875
6.675 47.875
13.175 54.175
13.375 51.125
11.225 53.375
12.475 47.675
13.525 48.325
13.475 47.575
14.375 52.875
15.125 47.325
6.725 50.925
6.725 51.275
13.475 47.425
9.325 54.375
6.925 49.975
7.475 49.475
9.625 49.775
14.275 47.325
14.325 51.375
11.325 48.825
9.575 51.175
6.425 47.525
7.375 50.225
6.475 53.075
11.375 50.475
7.925 53.275
8.275 52.875
6.375 47.875
6.275 51.725
12.275 54.125
13.775 50.225
11.325 47.325
6.925 52.925
11.375 53.825
13.125 49.625
12.275 47.725
12.925 50.475
5.825 52.725
5.925 50.575
10.425 51.775
12.725 48.475
11.175 50.825
12.025 54.875
9.425 55.125
9.475 52.075
8.725 53.475
11.975 48.575
11.225 53.275
10.175 51.675
7.125 49.375
12.025 47.575
11.775 53.875
11.575 48.825
6.525 51.325
7.175 51.875
9.325 50.925
8.425 52.775
11.925 49.025
13.475 52.725
9.325 47.675
14.175 49.125
11.175 51.025
6.775 49.875
6.475 51.775
12.075 48.325
8.125 52.825
12.125 49.425
12.275 50.125
10.175 53.075
11.775 49.325
7.675 52.325
6.575 49.825
13.075 49.375
14.725 50.075
12.125 53.175
10.975 51.275
6.475 50.875
5.775 50.425
8.175 49.375
5.825 50.875
14.875 51.025
10.325 48.825
14.675 53.925
13.275 48.875
13.575 52.025
10.625 53.675
12.725 48.575
10.975 52.925
7.325 49.875
8.375 52.725
7.025 52.125
15.075 49.375
10.275 51.175
8.425 49.325
9.025 51.425
11.925 51.575
6.425 51.575
13.525 52.175
9.225 48.575
9.425 53.475
7.375 49.325
10.625 48.675
14.225 50.675
6.025 48.975
12.225 52.775
6.225 52.625
6.875 49.325
8.375 52.775
6.575 48.025
6.825 48.175
10.775 51.325
10.975 53.425
11.225 53.775
11.475 52.125
11.875 47.475
6.625 47.775
13.725 53.375
9.175 48.375
10.875 49.875
12.575 49.025
11.025 54.475
14.425 47.325
13.325 49.175
11.625 49.125
10.525 53.725
14.775 52.475
10.175 49.475
13.775 49.075
6.075 52.025
10.675 48.325
11.125 52.725
13.975 48.325
7.625 53.575
7.275 51.925
6.475 50.325
9.975 53.675
12.875 48.825
7.275 48.675
13.675 50.925
14.675 50.075
11.075 51.475
8.975 49.625
13.125 49.675
13.525 48.425
14.625 53.275
14.525 53.125
7.775 52.275
11.575 51.125
15.175 49.425
10.425 53.875
7.275 53.175
10.875 49.775
11.425 51.225
7.775 50.675
13.525 47.575
10.575 49.975
13.275 51.975
11.225 54.875
8.575 52.875
10.275 53.125
9.575 50.775
14.525 52.125
7.975 51.925
7.675 50.875
12.025 52.925
8.675 50.175
14.525 48.225
7.625 50.875
12.325 53.725
8.025 49.175
7.375 48.425
14.725 50.575
11.875 50.825
11.325 48.875
7.325 52.375
9.725 50.225
7.125 47.975
14.225 53.325
8.375 51.975
7.325 51.775
13.575 51.325
10.375 54.025
15.125 48.525
12.825 47.575
7.275 52.475
6.125 47.625
14.375 53.425
14.475 48.025
13.575 53.225
14.125 49.275
7.375 49.075
8.275 51.175
5.825 51.025
9.925 50.125
12.475 50.325
9.675 53.375
6.175 52.975
10.125 51.825
6.625 48.925
10.575 54.275
7.525 51.075
13.375 52.525
12.925 52.375
6.425 48.225
12.975 51.725
11.625 52.575
6.325 51.225
12.975 48.525
8.875 47.825
8.825 51.775
10.375 52.075
11.925 52.075
13.825 49.375
15.175 47.825
15.025 50.375
11.725 51.375
11.425 50.325
6.975 51.675
10.875 49.525
9.275 54.575
7.275 50.575
8.025 50.125
8.425 49.625
9.725 52.275
6.775 48.925
9.825 53.025
14.775 48.025
7.925 48.975
10.175 50.275
6.725 50.575
8.275 51.725
6.875 48.025
11.825 52.625
10.775 49.425
10.075 49.775
9.375 48.025
10.275 47.675
8.975 49.775
9.175 48.425
12.125 49.975
6.725 47.875
13.225 47.325
11.975 52.125
14.375 48.725
11.625 50.825
8.325 51.225
13.725 50.875
10.575 51.475
14.025 52.525
6.475 48.175
7.225 47.275
11.275 52.725
9.275 50.725
8.025 50.025
8.325 51.275
9.025 52.775
14.925 49.975
8.975 47.825
13.825 53.575
14.575 47.475
14.175 51.425
7.825 49.425
13.925 53.275
11.425 47.275
11.175 52.175
10.525 54.275
10.475 47.375
10.375 50.075
12.225 50.675
7.025 50.575
12.325 48.025
13.475 48.975
12.725 54.275
6.025 50.325
10.225 54.075
10.675 52.075
6.775 47.625
9.775 47.275
11.425 49.925
13.825 51.375
8.675 53.625
8.625 52.825
14.975 53.725
15.075 52.175
11.125 50.475
10.575 51.725
14.375 51.725
9.425 48.625
9.725 48.525
14.725 50.425
13.225 51.325
13.325 53.225
10.625 49.025
14.825 53.425
13.325 51.375
9.525 49.725
13.025 48.625
15.075 53.625
7.725 53.675
13.525 51.725
13.825 50.975
6.825 50.525
14.375 51.325
13.425 49.975
10.925 51.175
8.425 48.275
8.675 53.575
6.275 49.675
11.675 51.975
9.825 51.375
6.725 47.375
12.525 49.075
11.025 51.075
14.325 51.875
11.075 48.775
13.375 54.025
5.825 47.525
8.175 47.375
5.875 49.075
6.675 51.825
14.075 47.775
6.625 50.125
12.025 53.875
6.175 51.525
8.075 47.275
10.125 52.175
12.675 49.475
15.075 49.275
8.525 48.375
6.825 51.675
10.525 49.575
8.975 54.725
12.225 53.275
13.625 48.325
12.625 50.675
9.175 53.525
6.825 51.775
11.275 53.725
6.725 47.675
6.425 47.325
13.025 49.075
12.775 53.025
7.025 49.275
8.975 52.575
12.375 53.675
8.325 48.225
11.675 52.025
8.125 51.775
6.425 51.925
13.925 48.975
14.675 53.125
10.975 53.725
10.375 51.075
13.475 52.525
10.325 52.425
5.825 51.475
6.825 50.025
9.125 53.675
10.775 53.925
8.475 50.225
7.475 52.575
13.075 49.075
7.725 52.225
7.175 49.975
12.925 48.925
5.975 47.325
11.125 51.025
14.025 49.675
14.775 48.275
7.025 52.675
12.425 51.575
10.775 51.075
11.575 54.675
6.325 52.825
11.675 52.625
9.125 47.375
10.175 47.525
14.825 51.975
7.775 53.625
9.775 48.725
7.025 47.925
8.175 51.675
8.025 48.325
6.325 51.425
6.425 50.875
13.875 52.925
5.775 47.775
6.175 52.125
14.575 48.275
14.625 51.225
8.025 48.475
12.025 51.125
5.775 53.075
10.275 50.425
10.275 48.275
8.325 47.475
6.825 51.325
14.525 47.575
12.075 53.475
9.975 51.325
7.475 47.825
9.675 47.925
9.675 47.425
7.175 49.725
7.275 53.225
9.825 51.425
14.725 52.575
10.425 51.325
9.225 49.125
8.125 48.625
9.075 51.875
10.775 50.275
9.975 54.375
12.675 50.625
14.025 50.425
7.575 49.125
11.225 50.925
10.575 51.775
10.875 52.875
14.725 48.675
12.775 49.975
11.275 48.925
10.225 50.825
9.675 52.425
13.475 51.525
12.975 53.875
13.225 52.575
14.725 49.425
10.025 54.075
11.925 49.675
13.075 49.275
6.175 51.175
7.975 47.875
10.825 48.325
6.325 51.525
8.025 48.975
8.875 51.225
7.375 48.825
14.825 47.525
9.975 47.925
13.375 51.375
8.425 52.475
12.775 53.325
9.225 53.725
7.725 52.775
7.475 53.575
12.825 51.225
15.175 51.775
8.575 47.275
15.025 49.575
14.225 51.875
11.825 52.075
12.325 52.975
14.325 48.125
11.275 48.375
14.275 48.875
8.975 50.375
11.175 53.825
7.375 51.075
13.925 52.775
13.975 49.075
10.325 47.975
15.175 53.025
14.475 53.325
8.075 49.875
8.475 52.675
10.725 49.525
11.975 49.775
8.825 53.825
11.725 49.975
14.475 52.825
9.275 48.725
11.025 50.725
14.225 49.375
6.775 51.775
12.775 50.275
13.525 47.375
11.675 53.025
13.725 49.425
9.075 50.325
12.275 53.375
11.425 49.475
12.725 52.875
14.125 53.425
6.975 49.875
14.075 50.525
15.025 48.225
14.275 51.675
7.125 50.525
12.675 54.225
14.175 50.725
14.775 47.375
8.925 47.775
14.075 51.125
6.025 49.725
11.225 51.825
7.525 48.375
9.525 47.825
6.575 51.525
7.925 48.625
14.075 53.425
9.225 53.775
6.725 49.175
6.175 51.675
11.275 51.025
8.375 48.025
6.325 52.275
7.825 49.825
12.325 49.275
8.825 51.175
9.725 49.375
11.325 48.125
8.175 50.175
9.025 48.125
12.925 48.625
14.275 51.925
6.525 49.975
11.775 49.725
9.775 48.975
14.025 50.175
14.725 53.675
11.025 54.175
11.425 50.075
10.975 52.225
13.975 51.675
5.925 48.025
5.875 51.375
6.575 50.275
11.525 49.675
9.125 49.375
6.225 50.375
7.725 50.925
7.525 50.725
10.575 50.975
8.475 47.475
14.775 47.625
14.575 53.875
8.675 53.525
7.925 51.875
14.675 48.125
6.375 52.675
7.075 52.025
8.875 49.175
7.725 47.425
6.925 49.825
5.925 51.775
8.625 53.675
11.575 52.325
12.725 48.175
6.275 53.375
10.125 48.125
10.525 50.525
12.425 49.275
11.725 49.275
13.325 51.875
7.325 53.575
15.025 48.275
12.525 49.775
7.875 49.875
11.525 49.975
14.975 50.425
13.675 51.225
7.575 47.275
14.675 53.575
13.325 47.725
14.725 47.375
6.275 50.325
10.675 51.775
9.475 51.675
11.275 50.225
5.825 47.925
8.525 50.675
13.325 48.275
15.025 48.575
10.975 48.075
13.175 47.375
10.575 48.775
8.775 50.125
12.875 53.475
14.475 51.025
12.825 51.275
10.025 52.275
11.675 47.725
10.925 52.275
14.675 53.175
12.625 50.125
11.625 49.075
13.175 51.075
14.475 51.475
6.325 50.975
14.375 52.325
8.325 50.275
13.175 54.225
6.175 49.675
12.875 50.925
14.525 52.675
6.375 48.325
7.125 52.325
10.075 52.475
12.125 51.675
6.075 47.625
13.675 51.125
12.075 49.825
6.125 53.225
7.875 50.625
9.975 53.725
14.725 47.975
9.425 47.825
8.075 53.375
12.275 53.975
11.275 51.575
9.275 51.075
10.275 53.375
11.075 51.775
14.275 47.625
6.625 48.575
9.825 54.075
14.275 52.425
9.675 48.925
11.475 50.275
6.775 50.875
10.675 52.225
11.625 52.325
14.775 47.975
9.575 53.075
13.575 47.875
13.475 48.775
11.425 48.275
13.225 50.575
7.875 49.925
11.625 48.425
9.725 53.525
13.925 51.975
13.575 51.425
6.125 47.575
14.275 52.475
12.425 52.425
7.075 51.025
14.675 51.875
11.925 53.975
13.175 47.725
9.325 48.025
10.175 53.675
9.675 48.325
8.925 49.425
12.275 49.875
10.675 50.525
10.925 47.625
6.125 49.525
9.125 51.275
9.575 53.475
14.825 53.525
11.575 50.125
6.425 48.975
10.875 48.825
7.075 51.825
7.575 52.075
13.875 50.875
13.225 53.075
12.825 50.925
12.925 47.575
5.925 51.375
8.775 48.375
9.775 50.825
10.075 50.175
15.075 49.025
6.225 51.425
10.575 51.175
9.825 52.775
9.625 51.475
13.425 47.375
9.225 54.875
6.325 52.225
12.825 52.175
14.675 48.575
13.775 49.475
5.775 52.775
12.275 51.775
6.375 53.325
12.125 50.925
13.875 48.825
7.975 49.225
10.175 49.925
10.425 54.275
14.875 49.575
7.775 50.625
11.975 48.825
14.425 51.625
14.425 50.125
11.325 54.825
10.125 48.825
6.125 51.575
9.225 49.975
7.575 48.225
7.975 51.525
11.225 50.325
11.025 51.725
8.075 51.225
9.075 48.975
14.075 53.525
13.175 52.375
8.075 47.575
12.275 53.125
12.125 52.175
13.675 53.625
8.875 51.025
13.475 49.725
13.775 52.825
12.775 49.325
11.875 48.475
10.725 53.425
14.625 48.575
6.025 50.575
6.525 50.525
9.425 54.275
14.575 51.025
12.375 49.075
14.375 48.425
8.275 50.125
14.725 48.625
6.925 49.775
8.675 48.225
12.575 51.875
6.975 48.925
8.725 49.675
14.425 51.575
8.325 50.875
6.225 53.075
9.875 49.775
14.525 47.625
11.225 52.775
13.825 54.125
13.725 50.525
14.175 48.075
13.575 51.625
11.375 49.825
11.425 53.275
9.725 51.975
13.775 54.125
13.025 51.425
10.525 54.375
11.675 52.975
12.125 48.825
14.575 50.775
5.975 50.975
11.775 53.175
13.025 54.075
12.825 53.475
8.525 51.225
13.175 50.325
6.775 47.975
6.775 50.275
11.375 53.925
14.175 48.825
10.275 47.825
6.175 49.825
10.775 49.625
8.775 47.775
12.475 49.125
9.075 50.475
11.325 52.525
13.475 51.025
10.475 52.075
10.025 53.025
8.825 53.075
12.675 50.775
6.275 53.175
6.625 50.625
14.975 51.775
11.125 49.325
11.275 49.175
11.275 51.475
6.375 48.275
14.975 52.175
14.925 49.925
15.125 48.325
9.725 48.375
9.275 52.775
14.925 49.025
6.225 49.025
10.425 50.275
14.725 48.325
10.725 54.775
12.625 48.375
7.325 52.225
9.375 49.425
13.175 47.775
9.825 52.625
11.325 53.675
14.275 50.825
13.975 52.525
9.475 49.625
9.925 51.075
8.225 53.175
14.875 48.325
9.025 50.975
14.325 50.775
7.875 47.275
6.175 50.375
8.475 50.825
13.925 51.275
15.025 49.625
5.875 47.325
12.325 48.275
14.325 49.975
7.975 49.375
6.275 49.275
10.475 52.125
6.025 47.625
14.625 50.325
8.775 51.825
13.075 49.575
14.975 53.325
11.375 49.525
9.725 50.575
5.875 48.875
8.475 52.225
6.375 53.225
8.275 50.625
7.075 49.025
7.625 51.725
11.375 51.375
10.775 52.875
8.625 50.925
7.525 47.275
8.875 48.975
12.325 48.575
12.725 47.625
6.475 52.675
9.125 54.625
9.225 49.175
5.925 50.375
9.425 53.025
6.225 53.025
13.325 53.075
12.075 48.525
8.175 48.125
14.375 47.725
13.875 50.975
6.625 47.725
13.625 50.375
5.975 47.625
7.025 47.975
8.825 49.475
12.425 52.475
9.225 47.275
14.675 51.825
9.075 55.225
12.075 50.875
11.975 50.625
10.675 50.625
9.875 48.875
8.125 47.725
5.975 52.725
14.625 49.125
6.375 48.775
15.075 51.375
11.025 49.775
7.375 47.725
10.675 53.125
7.775 50.275
9.925 50.225
9.075 54.175
12.925 53.325
6.275 51.475
12.525 47.275
8.875 49.625
10.775 53.075
10.025 51.325
8.125 50.225
10.275 53.675
8.375 49.825
9.375 53.125
9.125 52.725
14.175 49.425
10.225 49.225
10.075 50.125
7.675 48.325
6.175 52.675
13.125 50.925
12.775 50.475
12.875 53.975
7.625 49.175
9.375 49.175
6.275 50.875
10.975 47.675
8.275 52.125
14.825 49.025
11.425 51.925
7.775 47.275
10.725 52.175
13.175 49.025
5.875 47.875
7.475 48.575
11.675 53.075
11.775 50.075
10.225 51.525
9.175 48.325
7.025 51.375
11.975 51.775
11.475 48.425
11.975 51.825
8.875 52.725
5.825 49.525
10.875 47.325
10.125 50.375
13.825 53.625
11.325 47.575
13.375 54.475
8.775 48.575
9.825 51.225
8.475 49.575
11.925 55.175
12.075 51.425
10.475 50.625
13.175 49.825
8.675 48.075
11.175 47.575
7.275 49.675
9.425 50.525
12.325 51.125
8.575 50.525
11.475 52.475
7.675 50.625
11.975 52.925
7.775 47.325
11.525 51.275
10.575 49.125
15.225 51.775
13.375 47.775
6.425 49.675
12.925 49.325
12.475 52.575
7.425 52.975
12.325 48.525
12.375 49.725
14.525 49.175
7.825 48.125
6.525 51.925
11.325 48.375
13.375 48.225
14.325 47.625
10.525 53.925
8.625 54.875
7.275 50.225
13.025 47.725
10.025 51.475
14.775 51.975
6.925 49.575
7.675 50.175
13.375 50.075
10.525 52.975
7.575 48.425
9.775 50.225
8.825 47.375
5.925 50.125
8.625 50.475
6.725 49.425
11.675 48.575
13.625 52.975
7.625 50.625
11.075 49.925
11.275 48.575
10.225 47.675
13.575 52.325
11.925 51.825
8.725 55.225
11.875 53.025
8.275 48.725
8.775 52.025
12.025 52.125
11.925 49.575
11.175 48.925
13.325 52.575
8.025 51.125
13.325 52.025
10.075 48.125
10.275 52.675
14.475 50.725
8.725 49.625
11.675 53.175
6.225 47.575
14.375 52.975
6.525 50.475
7.825 52.175
13.975 50.275
8.225 52.375
6.175 52.225
10.825 51.575
9.225 51.525
12.225 48.625
14.775 52.175
14.475 48.725
9.125 48.775
10.575 52.975
7.775 53.175
11.975 51.075
10.775 54.825
8.025 51.025
14.925 52.275
11.625 49.225
14.775 53.775
7.075 52.125
9.175 51.225
14.825 48.975
9.275 52.825
9.675 52.725
11.575 53.275
6.175 47.675
11.575 49.425
10.475 53.175
8.725 52.475
10.275 51.075
11.925 51.375
12.725 53.675
7.775 50.225
11.825 49.875
8.125 52.275
9.875 53.675
8.825 51.325
11.775 51.075
9.175 52.425
7.275 48.425
10.425 53.175
15.075 50.125
11.375 49.325
7.225 48.625
12.575 47.625
13.475 49.575
13.875 47.825
8.275 49.725
9.725 54.675
11.825 48.225
9.025 54.975
5.975 50.825
11.125 49.125
14.325 51.275
11.525 51.625
9.875 48.775
11.675 52.525
8.325 48.075
11.075 52.475
9.725 49.075
9.375 48.775
12.325 48.825
10.975 47.625
8.625 51.575
10.625 48.325
10.425 48.675
6.975 48.775
15.175 52.075
12.075 49.725
7.925 52.725
15.125 49.175
14.825 48.025
13.725 52.425
13.725 49.775
12.125 49.775
6.325 50.775
13.575 52.875
6.525 53.225
12.025 52.025
12.525 48.875
11.725 52.025
6.375 50.725
12.275 52.175
5.975 48.525
5.975 51.425
11.775 52.025
7.575 50.825
9.175 48.475
9.975 52.925
8.725 52.025
13.125 47.925
12.475 51.775
8.825 48.725
12.675 51.275
14.875 47.925
13.925 48.425
15.225 52.675
6.125 52.375
9.025 48.575
13.025 52.925
6.925 48.575
13.575 51.275
13.225 52.325
12.975 51.375
14.675 52.625
15.025 49.675
8.325 49.275
10.475 53.725
12.875 53.925
9.875 51.625
12.575 53.925
8.425 52.425
12.325 48.475
7.075 48.225
6.375 51.575
11.325 47.825
8.325 49.375
8.275 52.575
7.575 53.075
9.575 50.125
9.925 50.075
11.525 50.975
7.125 50.275
6.225 50.875
13.825 47.625
7.375 52.725
12.125 48.725
8.275 47.675
11.325 50.525
11.225 47.425
5.875 52.875
6.275 50.225
12.375 53.475
10.975 49.275
8.775 54.775
9.725 52.975
11.325 48.475
6.675 49.225
14.275 52.875
11.025 47.275
10.425 50.325
11.975 53.175
13.325 53.375
7.975 53.125
13.825 48.025
9.725 47.325
13.075 53.375
6.925 53.275
7.375 52.575
11.275 51.925
6.125 52.725
5.925 52.725
6.675 48.425
8.725 47.525
15.025 50.425
9.275 52.975
9.975 54.625
5.825 51.925
10.675 53.625
6.725 53.275
13.025 48.425
8.625 54.525
14.075 48.275
13.025 47.625
9.475 50.475
11.775 49.425
5.975 51.975
10.225 54.175
7.525 47.925
7.175 47.925
15.175 49.025
14.825 48.225
14.525 50.975
5.775 49.975
12.675 49.425
9.075 48.475
6.875 50.425
15.125 47.625
8.025 51.625
9.925 50.975
13.275 49.975
6.625 49.025
12.525 47.975
12.775 53.275
6.325 49.525
9.425 48.175
12.075 50.425
10.425 49.875
12.825 48.575
13.075 50.875
12.375 52.325
13.575 51.475
14.275 48.525
9.075 47.825
10.425 49.475
6.725 49.225
9.925 50.475
10.425 47.925
6.275 51.175
14.925 51.075
10.725 49.425
11.875 52.425
7.075 49.575
6.675 48.825
6.525 48.975
11.125 53.875
13.825 48.475
10.475 48.625
14.875 51.175
9.225 48.625
8.625 51.825
14.675 47.325
12.075 47.725
10.925 51.725
10.375 47.675
7.675 52.675
9.475 51.925
11.075 51.275
8.175 47.925
10.425 47.325
8.075 50.875
12.925 53.075
6.625 49.575
9.375 53.475
14.925 53.425
6.425 49.625
9.525 54.325
9.025 49.775
7.075 51.925
6.575 52.375
7.175 51.475
10.975 53.825
12.025 51.375
7.325 49.725
9.725 53.075
13.825 52.725
9.075 53.775
9.975 55.225
11.275 51.525
9.925 52.925
6.275 48.725
12.475 54.425
9.125 54.275
7.375 48.075
14.825 49.375
10.125 54.425
9.075 53.225
9.625 48.475
9.325 49.625
6.325 48.475
12.925 47.375
14.625 50.975
9.325 52.775
7.075 51.725
6.925 47.725
10.475 47.625
9.925 52.575
13.325 49.525
14.725 53.025
12.725 49.225
9.525 51.375
13.625 51.125
12.875 53.275
10.725 48.425
12.525 52.825
14.625 51.275
14.125 48.625
12.625 52.425
11.825 47.775
9.075 52.675
12.825 48.475
11.925 48.875
8.325 47.575
6.625 47.325
12.625 47.925
10.425 51.975
13.525 51.975
14.675 49.425
12.825 52.375
7.825 48.475
13.875 49.275
7.775 50.125
12.225 51.575
9.225 53.325
13.275 53.525
11.525 49.125
11.025 54.275
12.275 51.675
11.325 51.275
10.325 53.775
12.375 50.675
7.325 50.225
13.575 48.575
13.575 50.025
7.275 53.425
9.475 50.075
8.175 52.975
12.925 47.625
11.075 49.675
13.825 50.075
14.525 50.625
13.875 52.525
13.575 54.575
9.825 50.125
13.625 52.525
6.825 47.275
13.775 48.175
12.875 53.325
9.975 49.325
10.975 50.075
8.225 49.425
7.625 47.425
13.275 51.575
11.625 53.275
11.125 50.525
9.375 47.875
12.625 49.625
12.175 48.275
12.775 48.425
12.525 53.725
12.025 52.875
8.575 48.475
8.075 52.475
9.725 54.625
9.875 51.175
9.025 53.075
14.725 53.425
14.225 53.525
8.925 51.975
8.475 49.875
8.075 53.225
13.825 51.825
8.825 53.225
6.675 48.075
8.725 49.725
12.425 53.475
13.225 47.425
14.275 53.525
11.525 53.125
14.025 52.075
7.775 48.125
9.375 49.575
10.975 50.375
11.375 48.325
12.275 48.875
14.925 50.225
15.225 48.725
8.625 49.025
12.925 52.225
9.175 47.625
14.825 51.525
12.975 54.375
12.175 53.475
13.075 53.225
10.075 54.375
9.075 52.825
11.325 55.225
7.325 52.275
14.175 52.275
6.625 48.325
10.625 53.175
13.475 51.925
14.775 50.675
14.025 51.225
12.075 51.975
14.225 49.975
12.475 47.525
6.025 48.925
7.325 51.575
15.175 47.925
11.175 48.175
7.325 51.875
13.125 48.875
10.175 49.025
13.275 54.175
12.075 50.475
8.875 50.725
7.725 53.375
14.175 50.825
13.825 47.325
14.725 51.025
12.575 52.625
7.175 51.225
10.875 50.225
10.675 53.775
6.075 51.275
10.575 51.075
11.025 48.925
11.525 52.875
7.675 48.475
12.125 52.475
13.275 49.625
13.425 51.425
13.525 50.675
8.025 50.075
9.875 48.175
13.075 48.275
14.725 47.575
7.325 47.725
8.775 54.875
13.625 48.625
6.175 51.425
8.375 48.625
5.775 51.725
6.425 49.125
10.825 51.075
7.475 48.775
14.025 47.975
14.875 49.875
11.025 47.525
15.075 53.025
10.175 54.175
8.025 52.125
8.775 49.925
13.675 50.825
9.075 50.375
5.975 48.575
12.225 47.775
9.175 54.225
15.025 47.275
10.775 52.225
8.125 47.875
14.625 51.625
14.925 52.825
9.625 53.075
10.425 49.425
11.075 50.225
7.525 48.925
15.225 53.625
6.175 52.025
12.825 52.825
14.975 48.325
14.575 51.825
8.375 47.325
8.425 50.625
10.625 51.375
15.225 52.275
8.975 51.725
9.475 52.175
11.875 52.125
12.075 49.475
14.025 51.475
15.075 47.925
9.125 50.725
8.575 48.125
11.875 47.575
10.625 53.825
11.275 51.625
13.825 51.075
13.975 50.525
11.075 54.925
7.275 50.175
7.325 49.625
10.175 48.425
8.275 49.075
8.225 50.025
11.825 52.775
13.775 54.075
12.025 49.075
11.525 50.825
14.225 49.525
8.275 52.175
10.375 55.125
13.575 53.125
6.675 48.275
7.625 52.775
11.625 49.575
9.625 48.775
10.325 55.225
13.875 47.375
7.925 50.025
8.925 53.525
8.375 48.125
8.575 51.025
8.975 52.025
13.025 49.825
13.675 50.575
7.225 49.375
10.875 49.225
8.125 53.125
7.825 49.725
12.025 53.725
11.725 54.775
7.625 50.475
9.525 53.625
12.575 50.975
7.725 47.675
11.725 51.125
7.875 47.925
14.675 49.375
13.475 53.475
10.525 48.725
12.175 48.325
9.325 53.575
12.475 51.025
9.075 53.375
13.675 49.375
6.825 49.225
9.325 53.425
13.475 49.175
11.175 49.775
10.625 50.075
13.625 52.575
13.425 53.825
10.925 53.925
9.175 47.875
10.725 47.325
13.375 47.975
15.075 53.775
11.025 49.575
9.525 52.375
12.975 53.275
11.575 48.075
12.675 48.675
14.525 50.075
10.325 47.375
11.175 52.875
10.925 50.875
13.225 47.475
14.075 48.525
13.575 49.325
9.825 51.525
11.525 52.825
9.675 51.125
8.125 52.475
12.325 50.575
8.525 47.675
8.025 49.575
9.425 52.125
14.825 53.625
13.375 48.125
14.325 49.525
10.875 52.225
8.625 49.725
9.575 53.175
11.575 49.625
14.975 51.325
8.975 54.375
15.125 51.925
14.525 51.775
8.825 53.025
8.975 49.575
8.825 52.725
14.625 47.825
12.425 47.925
14.225 53.175
8.675 51.275
7.225 53.225
7.325 50.275
13.975 50.975
6.725 53.325
8.175 51.775
10.775 49.575
7.275 50.775
10.425 48.125
13.675 47.525
10.025 52.225
15.125 50.575
8.975 50.175
12.125 50.475
10.375 55.225
11.175 53.025
12.425 49.525
8.625 52.525
12.575 50.025
14.675 51.325
10.125 50.875
9.925 48.225
11.175 49.475
12.075 53.075
7.725 47.475
5.925 47.975
14.125 50.625
8.525 51.575
13.225 54.525
6.775 53.225
9.875 49.475
14.975 51.925
13.325 49.675
7.125 49.425
9.925 50.525
6.025 53.275
8.175 48.075
15.175 50.025
13.625 47.475
15.175 53.275
12.825 53.025
7.675 53.125
14.425 48.125
7.625 53.025
8.675 48.125
12.075 52.675
7.175 48.925
10.275 50.225
10.825 48.675
14.525 51.025
10.775 53.225
12.025 50.575
7.725 49.325
8.475 48.025
12.575 50.225
6.175 50.525
9.425 47.975
12.925 52.025
13.325 53.125
11.975 53.025
12.825 53.175
12.975 50.275
12.325 51.925
9.025 52.575
8.075 51.675
12.275 53.225
13.875 53.025
13.475 47.525
14.125 48.825
12.125 50.575
10.775 52.725
12.075 51.225
13.475 50.425
9.375 52.125
12.125 50.825
7.125 52.675
8.525 50.425
8.975 52.675
7.225 50.025
7.525 50.275
7.375 53.025
7.075 52.375
13.425 53.125
13.525 52.025
13.475 49.525
8.875 52.125
13.125 49.525
14.925 50.025
10.325 48.575
8.875 53.425
8.775 48.525
13.525 49.825
11.425 51.875
7.075 53.175
9.475 50.325
12.725 52.125
8.425 51.725
12.225 49.825
14.775 49.275
9.825 53.075
13.475 52.975
9.175 49.625
11.825 47.275
12.175 52.325
8.225 52.175
9.275 47.825
13.975 50.325
9.775 52.575
14.975 48.875
8.375 47.925
9.675 51.225
7.075 51.125
11.775 49.025
12.875 52.875
7.475 49.075
12.125 51.925
8.925 51.025
14.025 52.025
9.825 49.325
7.425 48.775
11.475 53.425
9.625 50.075
10.375 50.225
9.225 53.625
12.475 48.675
7.175 50.325
14.025 53.525
13.275 49.025
11.375 49.925
13.425 53.725
7.225 47.375
14.825 53.475
13.525 47.625
13.775 52.525
10.325 47.875
8.225 49.075
12.725 53.575
5.775 53.325
7.725 48.925
7.725 51.275
12.025 48.025
6.025 51.125
15.125 50.775
7.125 51.725
6.925 52.875
7.525 52.925
8.575 51.625
10.575 52.175
14.625 49.675
5.925 52.475
14.775 50.075
15.125 48.975
9.375 55.175
6.775 50.425
8.425 51.575
5.975 48.925
6.375 50.025
14.725 48.125
9.375 49.925
9.475 48.225
6.475 52.625
7.975 47.275
14.925 49.275
11.725 48.025
12.825 48.925
12.775 49.575
11.175 52.375
6.375 47.675
7.625 51.925
10.625 48.225
6.225 47.925
13.875 52.075
13.325 51.575
12.275 51.125
14.425 47.525
13.675 51.875
7.375 50.325
13.275 51.325
6.525 52.225
7.275 49.175
9.725 48.175
10.475 49.975
12.875 50.275
10.375 54.275
10.675 48.825
12.025 53.975
8.925 54.325
13.375 50.925
15.125 47.375
8.425 49.975
13.675 49.825
13.125 47.975
10.525 51.325
10.925 53.875
13.775 51.775
14.125 48.025
12.875 47.475
12.775 47.925
7.975 50.325
12.925 51.725
6.975 50.225
12.175 52.525
8.775 47.925
5.825 52.875
10.125 48.075
8.675 48.375
6.175 52.175
8.975 50.575
10.725 53.025
7.075 53.075
13.725 50.225
6.725 51.925
14.525 50.525
7.925 51.225
9.125 55.075
11.275 52.975
14.525 48.075
8.625 47.975
12.375 53.125
10.275 53.525
10.875 49.325
9.975 50.725
10.775 48.625
9.575 54.075
7.225 53.025
10.475 53.475
12.925 54.075
12.375 52.275
9.925 50.275
6.525 51.425
14.125 49.325
9.975 53.875
12.425 47.725
12.275 51.475
9.375 51.325
9.725 53.575
10.175 47.425
7.575 47.525
15.025 49.275
6.525 49.475
13.725 48.825
11.025 48.525
11.425 47.725
14.475 53.175
13.275 52.275
7.675 49.125
11.475 51.225
13.025 54.375
8.975 53.475
13.275 47.925
10.425 47.975
15.125 50.625
14.375 47.475
8.975 49.975
15.175 51.875
14.825 50.375
14.225 47.975
14.825 53.575
7.925 48.325
12.325 50.625
11.775 47.875
8.325 47.925
11.875 50.325
8.425 49.425
7.225 52.975
14.625 47.625
7.925 52.175
13.975 53.575
10.225 53.125
12.375 52.675
13.425 48.425
10.175 51.425
11.175 50.275
9.525 49.275
10.125 48.775
7.925 51.775
7.725 47.775
10.375 48.625
7.775 51.475
11.575 52.175
10.925 49.025
11.375 53.725
14.225 52.425
6.075 50.725
6.675 50.325
8.575 53.825
13.925 51.025
12.575 53.325
9.575 50.275
12.875 53.125
8.875 49.225
12.875 53.075
12.625 48.775
7.175 50.225
12.975 48.625
9.675 50.125
8.525 49.875
12.375 53.325
9.975 50.225
13.675 52.975
13.275 50.125
12.575 47.425
8.825 47.975
11.875 49.525
7.325 53.475
6.725 51.425
11.475 55.225
7.075 48.875
6.575 47.725
9.875 51.425
14.875 52.275
6.275 48.475
13.775 49.775
10.525 49.975
11.625 52.825
6.325 52.475
9.625 51.825
11.925 52.875
11.775 47.425
7.825 47.725
11.975 53.825
9.425 48.775
9.125 50.825
14.575 48.775
13.175 51.825
11.925 49.425
14.225 53.875
11.475 50.775
11.275 49.275
7.025 51.425
8.525 53.475
8.675 50.475
10.375 48.525
11.475 50.025
13.275 53.025
5.825 48.575
10.675 50.925
6.575 48.825
14.325 52.575
12.325 51.175
11.775 51.175
11.575 49.875
11.625 49.175
13.375 50.825
13.975 48.175
9.325 52.825
9.475 52.625
7.275 52.675
15.025 48.925
12.625 49.375
11.775 49.825
9.575 54.975
14.475 53.875
10.425 50.025
7.425 49.775
13.625 53.925
6.675 50.225
7.125 50.925
6.175 48.425
8.925 52.875
7.625 47.825
11.275 48.275
7.775 49.825
11.725 53.475
7.375 51.325
12.175 50.725
13.925 50.525
8.875 52.025
11.175 50.875
6.375 51.425
14.225 47.275
12.525 49.575
11.725 52.075
12.675 48.075
10.775 47.525
9.075 48.875
7.475 47.875
10.075 48.975
8.525 53.425
9.175 48.925
13.225 52.725
7.675 53.025
11.825 54.825
11.675 48.925
11.975 53.725
9.575 54.825
14.775 53.625
6.075 51.875
7.475 50.325
12.275 54.975
8.725 51.725
10.075 53.375
14.875 51.125
14.075 49.325
13.875 53.225
12.775 51.925
11.625 53.175
12.825 47.675
8.975 49.325
6.975 51.925
11.675 51.175
7.625 49.625
10.375 53.725
9.025 53.675
5.775 48.825
8.325 52.425
12.775 48.875
11.875 51.375
9.125 52.375
13.075 49.925
13.675 51.175
10.025 55.225
9.325 54.775
6.825 49.725
13.525 49.575
15.225 49.175
8.925 51.925
7.875 53.225
8.675 52.075
7.225 50.825
14.675 50.675
7.025 51.225
11.725 48.525
6.675 49.775
8.475 50.125
9.575 50.575
7.625 49.675
8.025 53.425
11.725 47.475
13.325 50.525
13.325 52.975
11.975 52.225
9.775 50.625
11.025 51.975
9.975 51.475
8.375 51.775
10.425 52.225
10.225 51.175
7.525 47.975
8.325 50.975
7.225 53.475
13.825 52.775
14.025 53.725
11.775 53.925
9.875 49.925
6.125 53.025
7.925 48.875
9.675 48.675
7.975 53.575
6.525 52.675
13.475 51.725
7.025 48.175
12.275 53.025
15.025 50.125
6.025 53.375
14.425 48.575
7.575 50.525
9.475 52.925
6.425 48.925
6.025 49.925
8.075 51.725
9.475 47.675
7.875 53.075
11.825 50.075
9.325 53.625
14.175 48.675
15.075 51.325
6.625 48.375
13.525 47.675
12.375 51.375
11.075 48.575
7.025 50.975
10.275 53.475
9.525 52.675
10.775 49.675
7.575 48.025
7.075 52.525
6.575 50.375
7.425 53.575
11.675 48.025
7.175 51.175
6.125 49.325
10.475 52.325
9.525 48.425
11.375 49.075
9.325 51.675
12.525 48.925
6.275 50.125
8.025 50.525
13.875 50.275
12.625 48.075
12.825 48.675
14.125 50.675
8.025 52.525
10.125 54.275
7.075 49.275
6.575 49.225
12.475 48.125
12.775 48.975
9.325 53.725
9.275 49.825
6.525 53.375
13.675 53.325
6.375 51.675
10.625 49.625
9.025 53.525
8.675 52.225
9.625 49.425
11.075 53.175
8.625 48.875
8.575 51.325
8.975 51.525
6.925 50.625
12.325 50.425
8.875 50.525
12.775 53.075
11.775 53.625
8.375 50.475
14.875 48.225
13.375 47.575
6.675 50.025
6.675 48.725
10.725 48.675
7.375 51.225
13.425 48.025
10.225 50.975
15.125 50.725
15.025 48.125
12.075 51.175
7.325 52.025
13.675 48.625
13.175 52.525
13.375 52.675
10.775 53.975
6.425 47.875
6.075 51.575
9.975 53.825
9.125 51.425
8.525 49.775
11.875 52.875
8.575 51.875
9.475 54.775
12.575 49.925
10.675 50.475
8.725 50.875
10.925 51.525
8.825 52.875
9.775 49.075
8.875 49.075
5.925 51.525
15.125 50.825
11.575 47.325
10.225 48.725
11.775 51.775
12.875 49.325
14.275 47.925
12.225 53.075
9.325 49.025
14.825 50.725
10.025 52.625
10.225 49.025
10.725 48.125
12.825 50.525
10.975 48.425
14.575 47.325
12.875 52.625
12.325 51.575
8.875 53.575
9.475 48.375
12.975 51.525
6.425 50.575
9.425 50.925
7.425 53.275
13.225 49.425
13.975 47.725
11.725 53.375
13.025 54.175
7.875 50.275
6.625 51.275
9.725 51.075
10.275 48.625
11.575 50.675
7.175 48.775
7.075 49.875
13.775 52.475
5.775 47.425
14.475 48.775
12.275 50.275
11.025 50.375
9.175 51.925
9.875 54.975
8.175 52.275
11.925 54.125
13.375 49.325
13.725 49.975
9.825 48.175
7.075 52.975
6.075 50.475
9.225 53.525
8.175 49.125
8.575 50.225
7.925 53.075
5.825 51.975
12.025 48.225
6.175 47.325
10.225 52.075
13.275 52.475
10.775 50.925
6.525 47.375
13.975 49.225
13.475 51.425
7.125 52.525
14.525 52.775
11.175 49.025
14.425 52.025
6.275 50.975
10.775 53.125
9.925 53.825
9.875 52.125
6.825 53.025
7.675 48.925
11.275 50.325
13.675 47.675
11.475 48.625
7.225 47.675
12.025 50.875
12.675 51.575
14.975 51.575
11.975 55.225
12.875 53.175
10.125 50.325
11.875 48.925
13.375 51.975
12.375 51.725
7.125 50.425
10.475 49.275
6.575 53.125
8.875 53.175
10.625 48.575
12.975 50.925
11.925 55.125
9.925 48.475
13.075 53.875
6.775 48.625
14.525 49.575
9.025 48.075
10.425 52.475
9.925 53.425
5.875 53.225
9.725 52.225
14.625 47.725
10.175 49.375
14.925 50.325
10.125 48.675
14.475 48.125
12.275 47.625
8.125 50.775
12.625 52.325
9.475 53.325
8.675 51.975
14.125 52.125
11.375 47.725
12.075 50.725
14.325 52.475
12.775 52.925
15.225 53.675
12.775 49.725
8.375 47.825
11.175 47.275
6.875 49.375
7.125 48.425
6.425 47.725
6.675 48.775
10.025 52.875
14.175 50.925
9.525 53.725
9.675 52.625
6.625 49.875
6.375 51.475
9.475 52.275
7.475 52.425
6.475 49.725
9.675 49.675
7.625 53.225
9.025 47.575
10.525 51.525
5.875 50.225
7.275 48.775
12.075 51.075
8.775 52.425
6.575 52.575
11.275 50.925
9.025 49.225
10.275 50.375
5.875 52.575
14.625 50.025
13.525 51.825
10.875 49.275
13.425 47.475
8.125 48.125
11.275 49.775
7.875 48.075
15.075 48.675
8.325 48.625
13.925 52.225
15.175 49.275
14.525 50.375
9.275 52.325
7.425 53.375
12.825 50.675
13.475 51.575
9.775 54.225
11.325 47.525
14.875 49.925
9.775 51.425
12.375 50.275
8.925 55.075
14.825 48.825
12.875 51.075
12.525 53.275
8.125 49.275
14.725 55.125
6.475 51.025
13.425 49.575
12.025 52.325
13.575 50.125
12.525 50.725
11.775 52.775
8.525 47.875
8.175 51.525
12.875 51.525
6.375 52.825
11.225 51.225
8.975 49.925
14.875 49.125
14.275 53.625
10.225 47.425
9.925 49.125
7.075 48.525
6.775 47.675
11.125 48.225
9.475 54.375
5.925 51.125
6.625 47.825
9.225 51.275
9.125 47.325
7.125 51.525
9.325 55.125
14.875 51.825
14.525 50.775
11.225 47.475
12.575 52.825
9.925 53.775
9.125 49.675
14.625 52.025
8.375 51.225
10.875 47.725
14.025 50.725
11.775 47.825
13.225 48.725
12.125 51.625
12.475 53.375
5.875 49.625
9.275 49.025
12.775 48.025
9.325 54.475
9.125 48.125
11.475 47.825
8.025 48.275
10.525 51.925
12.025 50.625
7.025 48.425
10.025 51.425
11.625 54.675
12.025 49.575
9.475 51.325
6.075 48.075
10.925 48.025
10.125 50.975
9.675 49.325
9.025 51.375
15.075 52.975
8.575 53.625
14.325 51.475
15.175 52.225
10.125 49.975
9.475 53.875
8.125 50.275
9.675 47.275
10.375 52.425
14.725 49.625
10.575 48.225
14.425 51.475
7.425 50.325
11.525 48.425
14.525 50.325
7.125 49.975
14.875 50.125
11.625 53.875
9.675 49.025
6.325 47.275
10.425 49.625
13.475 52.325
14.425 51.425
14.175 49.375
14.925 50.375
9.925 54.325
5.975 50.425
12.425 54.025
5.825 47.675
11.325 53.275
6.575 52.025
14.475 50.675
12.675 50.025
13.225 50.625
9.175 48.025
9.025 50.425
8.675 50.975
10.425 51.525
12.425 53.775
7.925 52.575
11.825 50.325
14.675 48.225
9.625 50.175
9.475 54.625
13.325 47.775
7.775 48.325
10.575 48.525
8.875 51.175
8.875 54.375
11.625 49.525
7.175 53.025
6.725 53.025
7.175 48.625
12.375 48.525
8.225 48.325
6.075 50.425
10.375 50.025
11.575 48.725
7.775 47.875
10.275 52.625
11.475 52.075
7.675 51.225
13.425 49.125
12.375 52.625
5.975 47.475
6.975 48.825
14.225 48.525
12.925 53.575
8.575 49.875
15.025 48.775
12.825 52.225
9.475 54.975
6.075 53.375
6.575 49.725
7.075 52.625
14.875 47.325
9.675 51.425
12.925 51.875
10.425 53.475
11.525 51.375
13.675 51.075
13.325 50.825
13.325 48.825
14.125 52.925
7.125 52.425
10.525 52.125
10.025 51.275
11.075 50.025
11.125 47.375
8.075 52.375
11.525 47.325
9.275 54.975
13.725 53.275
6.125 51.325
11.575 52.775
12.125 50.375
10.075 52.825
8.625 53.525
11.675 49.525
8.775 52.375
6.075 51.025
14.275 48.725
7.775 49.075
9.825 51.675
14.025 51.625
13.525 54.525
11.575 49.125
13.875 52.725
11.375 51.525
10.875 52.825
14.075 48.325
14.775 48.725
11.825 53.075
10.225 50.575
9.225 52.175
11.475 52.975
14.175 48.925
8.225 48.975
14.575 50.225
12.625 49.175
10.725 48.975
6.225 47.825
13.975 51.525
15.025 47.775
14.325 53.625
13.925 52.075
14.225 52.675
11.875 48.675
14.375 51.025
11.425 47.875
10.525 51.575
11.525 48.675
11.325 53.525
10.625 52.375
14.575 50.625
13.275 50.675
14.825 51.775
7.875 52.925
9.375 48.225
13.425 52.725
11.875 49.825
7.925 51.625
14.875 52.375
9.125 52.525
9.475 47.275
10.675 50.225
12.675 48.425
11.225 51.325
10.225 49.825
5.775 50.275
11.125 51.075
9.775 49.025
14.575 47.775
12.025 48.425
10.625 54.225
11.975 51.175
13.625 47.525
12.675 51.625
10.325 53.525
10.775 50.375
9.875 50.475
13.075 47.575
15.175 53.425
13.575 53.725
6.225 51.625
13.375 53.625
12.425 48.025
11.875 51.175
10.925 49.275
12.325 53.175
12.775 54.325
7.575 48.275
9.425 48.575
9.575 51.775
14.825 48.125
9.175 55.025
14.875 51.775
8.425 48.075
7.025 52.275
9.075 47.325
12.925 49.425
9.175 49.875
11.275 50.375
12.525 48.175
11.675 53.575
13.175 53.875
15.025 47.675
6.975 49.475
5.975 49.475
7.275 49.475
12.675 50.875
11.525 52.625
9.175 52.925
15.025 52.525
9.675 50.575
8.725 50.275
7.875 53.325
8.325 51.575
8.225 52.125
9.125 53.725
13.425 53.175
11.725 53.525
11.825 48.475
7.775 47.825
14.275 49.125
12.425 49.675
10.875 53.575
12.775 50.025
8.775 48.475
8.575 49.725
10.375 52.825
9.675 52.975
6.075 52.725
10.775 49.375
10.325 47.675
10.975 52.525
12.725 52.775
12.275 50.475
8.625 50.975
14.925 47.725
11.525 54.775
10.925 50.425
7.075 47.825
7.175 48.025
9.625 49.925
13.125 47.575
12.575 48.125
8.475 47.825
8.325 50.825
8.425 50.675
10.075 52.025
9.775 49.625
11.425 52.725
10.175 52.675
14.825 49.825
14.525 51.675
14.225 48.875
9.825 53.275
13.975 51.875
9.575 47.275
13.425 51.525
12.075 53.925
14.325 52.525
9.525 52.075
6.025 51.525
9.325 49.425
10.425 49.325
11.425 50.425
13.475 50.875
13.225 48.375
9.775 52.025
7.175 52.575
11.425 49.875
7.725 47.875
12.675 54.025
11.525 51.475
12.775 51.075
12.225 47.425
13.675 49.625
8.925 47.925
8.075 50.325
9.575 47.775
13.625 53.025
10.475 50.475
9.325 53.075
12.525 50.375
7.975 51.225
10.575 53.625
14.925 48.425
8.825 51.025
8.475 51.725
9.925 51.975
8.125 50.525
10.725 47.475
13.675 50.325
12.625 51.575
14.125 48.175
11.775 50.625
8.625 53.125
12.325 50.325
14.975 50.325
11.775 47.325
6.925 47.575
11.025 47.725
8.775 54.925
8.225 53.025
9.275 50.975
8.275 52.825
10.575 54.025
6.325 51.275
9.175 54.875
11.375 52.475
11.225 47.525
5.875 47.675
12.875 51.925
10.875 53.725
15.225 51.975
14.775 48.475
9.675 52.525
13.075 47.425
14.275 48.175
9.825 50.725
12.975 50.575
8.425 51.275
6.325 49.125
12.675 50.375
6.975 51.325
10.275 50.875
9.075 53.425
9.575 53.025
10.525 47.375
11.675 49.725
6.225 53.275
7.125 52.975
10.575 54.225
10.025 52.525
13.925 53.075
14.325 50.125
12.925 54.125
8.425 47.425
10.725 53.975
11.225 48.725
10.475 52.875
9.575 53.525
7.275 48.475
12.725 47.975
9.775 52.875
6.325 47.575
8.725 48.125
11.925 50.825
6.475 49.325
9.275 50.025
9.175 49.175
8.925 49.275
15.075 52.275
6.025 51.675
7.025 48.825
7.675 50.275
6.275 48.275
8.225 50.075
10.875 51.725
6.075 49.275
8.625 48.425
10.475 55.075
13.725 48.925
9.575 48.975
12.475 48.325
7.475 51.025
14.975 49.825
13.975 49.825
9.575 51.625
9.725 48.975
12.525 50.875
10.425 52.675
13.425 53.475
10.675 51.625
9.375 51.575
5.775 49.475
11.725 48.775
12.975 48.425
11.025 47.575
10.625 49.975
13.175 53.425
7.775 52.225
12.825 53.975
6.875 49.725
12.725 47.325
13.175 51.875
15.175 47.325
9.475 51.375
7.975 52.125
6.575 51.225
5.925 48.875
14.625 49.775
14.725 49.125
14.275 53.425
9.675 53.975
11.025 52.475
12.475 49.025
8.825 52.425
9.925 47.575
12.475 50.975
6.875 50.875
8.975 52.075
9.525 47.675
13.975 49.975
13.525 47.525
9.875 48.675
6.675 52.725
13.775 49.825
8.525 51.875
7.275 47.575
6.125 49.725
10.225 51.425
9.825 52.875
10.675 49.975
13.475 50.975
13.025 52.475
14.325 48.525
9.075 54.925
9.125 51.125
7.825 50.475
7.125 53.475
11.475 52.175
10.325 51.225
8.175 50.325
13.975 52.275
13.475 50.625
8.575 47.975
12.325 49.375
7.575 48.625
11.425 48.675
8.875 50.625
15.175 53.325
13.225 52.025
5.975 48.875
14.825 53.225
11.725 50.675
11.125 50.725
6.325 53.125
6.575 51.975
8.625 49.425
9.575 52.075
10.825 50.775
14.975 47.675
8.425 50.425
9.425 52.025
6.125 51.225
14.175 51.975
12.075 47.525
13.575 53.475
8.975 50.125
9.175 55.225
11.775 50.525
9.075 47.525
13.625 48.475
7.275 52.425
12.925 48.125
11.125 48.725
10.925 49.975
6.275 52.425
11.475 51.375
6.625 53.025
15.075 47.725
6.075 50.975
10.725 52.425
12.675 53.825
12.125 50.175
11.625 48.275
6.275 53.275
12.225 47.725
9.175 47.275
14.675 50.275
9.725 53.725
14.075 52.075
6.475 49.025
9.275 53.225
10.625 51.225
9.375 50.825
9.325 50.625
8.575 52.925
13.525 51.325
13.125 50.825
9.375 54.875
8.925 54.225
6.725 49.925
7.725 48.075
6.775 48.825
6.825 47.775
11.975 48.125
11.425 49.775
14.275 50.975
10.125 47.525
6.125 52.625
14.925 50.525
8.475 50.775
8.125 49.175
10.525 53.125
6.625 50.225
12.275 48.825
12.575 50.775
13.025 53.625
13.275 48.925
10.325 49.875
6.725 53.075
14.075 51.625
9.575 52.775
8.725 47.725
14.175 50.625
7.275 47.875
14.475 51.325
15.225 53.325
13.325 48.675
14.175 53.575
9.525 48.375
5.825 50.675
11.325 48.275
10.275 50.975
8.075 50.825
11.675 52.775
7.425 50.175
11.025 49.425
10.975 48.775
6.625 48.225
11.625 53.575
6.375 53.125
8.925 48.525
10.875 51.775
11.575 51.325
8.125 52.425
6.925 48.825
14.075 52.225
8.075 49.675
11.625 49.825
8.425 53.225
9.725 47.975
11.875 51.625
9.475 48.475
14.125 52.825
9.875 53.525
12.925 50.425
7.725 47.925
8.925 52.425
11.075 50.475
10.575 48.275
14.875 50.625
8.575 52.825
15.125 49.275
10.975 48.125
11.875 49.325
12.625 51.025
6.225 47.375
10.025 48.375
8.325 47.775
8.775 54.375
13.875 53.625
10.875 47.875
9.775 50.575
10.175 51.175
5.975 50.875
11.325 54.725
14.475 50.425
8.775 51.525
9.975 47.725
11.925 51.875
5.875 47.275
11.975 52.625
14.025 52.925
14.875 50.725
7.675 47.775
11.775 53.675
12.725 54.025
8.875 54.625
13.625 49.375
10.225 51.375
7.525 48.225
10.925 52.725
14.475 48.375
6.725 49.075
11.975 51.725
11.125 52.325
12.625 49.825
12.875 47.625
10.625 49.825
15.025 50.325
14.225 51.425
14.275 50.875
6.825 52.825
5.925 50.975
6.325 47.625
7.075 52.675
11.125 54.825
11.425 51.175
9.175 54.925
9.425 50.975
5.925 53.125
9.275 53.375
12.575 50.175
13.725 49.025
9.575 50.475
7.675 47.975
14.825 49.625
12.825 53.575
14.675 48.075
11.375 48.975
12.375 50.875
9.025 48.725
6.025 51.725
9.825 50.575
13.725 49.575
9.675 52.675
13.675 53.375
12.575 53.025
12.275 48.775
11.575 47.275
14.425 51.875
6.675 51.225
8.925 52.025
13.225 49.575
6.025 47.925
10.475 49.075
14.325 52.975
9.225 54.175
13.475 52.775
5.875 50.325
10.675 50.675
12.375 50.125
9.975 51.425
13.175 53.225
9.575 52.375
13.975 50.175
9.425 54.725
8.125 49.525
10.825 47.275
7.225 50.975
14.925 51.725
8.625 53.775
10.625 49.725
13.925 47.975
11.825 48.325
11.025 49.625
7.025 49.975
7.175 51.575
9.775 54.325
7.425 49.475
8.675 51.325
5.775 53.025
7.825 50.125
12.075 52.475
6.775 52.075
10.025 49.925
7.775 48.525
12.125 51.075
9.175 53.275
6.675 50.575
15.175 52.575
12.725 47.475
6.125 48.575
6.325 48.925
13.175 51.675
11.475 53.575
8.175 50.075
8.425 50.275
9.175 54.325
9.775 55.025
10.075 52.575
6.925 53.125
10.675 47.525
6.625 52.525
14.875 49.675
8.525 48.875
10.525 50.025
13.675 48.975
13.025 49.625
13.475 52.925
11.075 48.875
11.375 48.175
14.025 48.625
6.275 52.125
12.225 52.675
9.125 53.925
10.025 48.275
11.675 54.125
12.075 55.225
9.675 50.625
8.925 52.125
12.225 48.075
12.825 53.825
8.875 50.825
8.175 49.425
8.325 51.725
5.925 52.925
9.625 48.975
8.025 49.525
14.775 49.725
6.375 47.525
13.375 50.325
7.075 49.175
13.825 50.775
14.175 52.675
10.825 48.425
9.875 51.775
14.925 52.525
13.575 48.675
6.925 53.225
12.725 48.025
13.975 48.275
11.075 49.725
9.775 51.725
14.225 51.725
6.875 49.925
11.275 51.175
6.075 52.075
8.175 50.025
11.775 55.225
13.825 53.925
11.775 49.975
8.175 47.775
10.125 49.825
5.875 50.075
13.275 51.225
12.175 51.925
11.875 47.875
15.125 51.275
5.925 51.275
6.925 51.525
15.225 51.725
7.625 51.575
6.275 51.425
10.175 52.875
14.825 50.275
12.475 48.475
15.175 48.575
6.825 51.225
7.775 52.025
6.775 48.075
14.575 48.025
15.075 53.175
6.525 50.025
11.375 53.175
7.875 50.775
6.125 48.275
8.875 49.725
6.525 53.125
13.775 48.575
6.475 48.775
15.075 55.075
11.675 51.075
13.925 49.075
13.575 48.775
7.325 51.625
14.475 51.875
10.825 51.225
6.325 52.375
11.375 53.675
10.275 48.875
7.575 52.975
9.675 51.025
9.425 49.675
10.025 51.625
10.325 47.475
8.125 52.025
11.175 47.475
9.975 54.175
9.025 51.925
9.425 48.925
12.175 49.025
7.875 47.625
13.325 49.825
8.825 48.175
6.275 52.025
11.575 50.825
14.575 48.375
15.025 49.975
7.425 52.425
10.875 53.225
13.125 53.875
7.525 52.225
8.075 50.525
11.675 50.625
10.825 48.525
10.525 49.325
6.275 51.225
12.125 50.875
10.525 49.075
6.225 52.525
7.325 53.675
6.425 51.275
13.375 48.075
10.925 53.775
15.025 51.625
11.875 49.475
9.525 48.575
13.775 50.925
9.975 50.275
11.775 51.925
14.725 53.525
14.975 51.375
13.125 52.975
7.925 50.575
10.675 47.625
5.925 51.575
11.125 52.125
14.625 48.775
9.275 47.775
11.425 50.825
12.875 54.325
10.925 52.225
5.825 51.675
5.775 51.475
13.175 53.275
15.225 50.725
8.475 50.075
7.475 52.925
13.975 52.175
14.175 53.525
11.775 50.575
10.425 47.375
10.375 52.775
7.525 51.875
9.325 49.775
7.475 47.725
11.675 52.075
10.625 52.525
8.675 53.725
14.575 51.575
15.075 49.525
9.525 53.225
7.875 49.475
15.125 48.225
11.325 51.725
6.875 53.225
9.525 52.125
7.675 50.525
14.675 50.375
12.025 47.525
12.725 50.625
14.375 50.875
6.225 47.775
9.225 47.925
8.925 55.125
9.525 49.125
12.125 48.325
5.775 48.175
12.975 50.525
10.425 53.275
8.825 54.775
6.625 50.375
6.225 52.275
13.825 50.375
12.425 50.675
15.025 53.175
7.275 51.025
13.375 51.525
8.375 52.675
9.375 50.675
15.075 52.775
7.875 48.925
7.325 47.275
10.675 48.075
8.625 47.325
10.475 51.025
8.825 49.275
11.975 47.925
12.575 49.075
12.825 49.975
7.325 47.425
10.725 53.225
5.875 50.125
9.375 50.225
13.525 52.775
5.925 53.275
7.125 47.875
8.075 52.175
8.525 47.725
14.225 50.875
7.575 50.025
8.525 52.775
6.675 51.875
13.825 49.875
10.325 50.325
14.125 53.025
10.675 53.475
9.175 52.325
8.325 52.325
9.375 54.975
12.425 51.475
9.925 48.025
12.325 54.175
9.225 49.475
13.525 49.875
10.475 47.275
7.375 47.675
8.575 52.775
13.375 50.975
10.675 51.475
8.675 51.475
8.575 48.425
10.075 54.125
6.825 48.125
6.075 51.425
14.225 49.875
12.925 53.375
11.075 53.725
8.575 48.625
8.175 48.525
14.675 51.575
8.375 50.575
9.875 49.975
14.625 49.275
6.625 51.775
12.525 53.125
15.225 52.225
9.425 51.275
12.275 51.275
13.225 52.475
12.975 52.525
9.625 51.675
12.325 53.125
12.925 50.375
9.875 47.975
7.025 49.475
14.475 48.975
9.625 50.025
11.225 54.475
8.375 48.725
10.225 48.175
13.825 50.275
13.275 50.175
13.125 53.225
12.675 48.375
14.975 51.025
12.175 52.975
12.925 48.975
9.225 50.775
14.625 48.425
13.675 50.975
9.425 49.925
9.575 47.675
13.575 51.725
15.175 53.725
13.425 51.275
14.225 47.575
7.975 47.625
7.375 49.825
11.575 51.525
7.425 47.375
10.525 53.525
10.825 52.875
7.275 52.125
6.175 52.325
12.575 47.925
8.825 47.525
7.375 52.125
12.575 48.975
8.925 54.275
6.425 49.575
11.675 51.725
11.525 50.475
9.625 48.825
10.675 49.825
15.225 53.375
11.175 49.825
11.125 49.875
11.525 53.675
7.075 49.125
13.475 53.125
12.425 51.125
10.725 54.925
15.025 52.675
6.225 53.175
13.075 51.175
12.525 54.175
6.575 52.175
7.775 48.975
8.375 54.875
10.225 52.025
8.325 52.375
10.325 47.775
7.225 47.575
14.725 49.775
10.025 50.625
14.575 50.925
7.425 52.525
11.125 48.425
14.375 49.175
13.125 52.775
7.025 50.825
9.775 51.675
10.275 51.675
8.475 48.875
14.825 48.175
11.275 50.175
6.775 50.625
12.325 53.375
13.175 47.475
14.425 48.375
12.425 53.275
12.525 49.675
11.275 54.425
12.175 50.475
11.525 51.875
13.175 48.475
12.375 51.425
9.525 48.675
10.025 49.075
9.225 52.575
7.575 47.825
11.675 53.775
13.725 49.475
9.625 48.875
14.075 48.925
9.225 52.225
14.675 52.025
6.925 51.475
8.925 49.375
6.925 48.525
11.025 53.825
6.375 50.475
12.225 54.975
10.325 52.075
14.075 51.025
11.975 51.875
6.775 51.225
6.825 47.525
6.525 50.675
13.725 52.625
13.525 50.925
11.225 52.125
7.925 50.875
11.125 48.175
10.625 52.075
6.025 52.525
5.825 48.425
13.325 54.375
6.675 47.825
9.075 48.825
13.075 54.325
11.575 51.275
14.675 48.675
13.125 54.175
6.675 51.425
7.925 51.575
13.975 52.225
10.125 49.625
9.775 48.575
9.225 49.725
15.125 49.225
7.025 51.775
11.625 47.425
9.225 51.475
12.525 51.975
12.775 47.825
12.025 52.475
7.425 53.625
5.875 49.125
9.575 54.425
13.975 50.725
11.525 51.775
10.125 51.975
7.375 49.275
11.425 53.375
14.775 50.725
10.775 53.025
12.575 52.975
9.825 51.575
7.325 53.225
15.175 50.775
13.675 53.475
12.575 53.475
11.925 48.725
9.225 47.475
9.625 50.875
10.175 47.975
15.125 52.225
8.725 51.825
13.625 47.325
12.475 54.025
7.025 50.475
11.775 47.675
14.575 50.275
8.725 51.525
11.425 50.975
8.125 49.675
11.475 50.425
5.875 47.925
10.425 54.025
10.725 52.475
6.875 48.925
7.975 48.425
9.275 54.675
6.725 48.775
9.675 52.475
11.025 51.875
7.175 51.025
10.625 52.725
10.225 48.325
13.925 47.575
5.875 52.975
6.075 52.625
9.875 52.175
13.525 51.125
11.025 52.875
12.475 52.825
12.075 51.625
5.825 52.125
13.025 50.675
7.225 53.375
13.225 51.625
15.075 52.075
9.825 52.075
14.725 51.075
12.025 53.325
7.525 51.625
10.375 47.825
12.025 52.175
7.275 51.425
6.325 52.175
9.675 50.075
11.875 48.625
10.625 48.975
10.575 52.525
12.275 48.125
10.175 48.175
6.775 49.325
6.225 47.425
10.075 51.575
8.075 53.075
5.875 51.525
8.725 49.425
7.175 47.875
13.875 49.875
12.975 53.175
12.775 47.375
8.275 53.525
6.525 51.625
6.225 52.775
13.675 53.825
5.825 49.325
7.225 50.575
7.875 48.125
8.125 48.875
7.275 48.925
10.775 53.825
6.875 51.975
14.275 51.575
8.775 49.775
8.625 48.075
10.175 47.475
9.525 51.425
8.225 49.175
8.275 48.775
8.425 50.225
11.925 50.675
12.225 47.975
6.925 47.775
9.075 49.875
9.425 53.125
12.375 50.975
9.925 51.125
7.525 53.275
7.275 53.075
13.975 49.625
12.625 49.125
6.425 49.075
9.275 54.475
7.575 47.925
14.425 48.625
11.575 53.175
13.175 50.525
5.875 52.125
14.375 52.775
7.225 52.875
11.675 48.875
8.725 54.825
11.925 54.025
11.025 48.575
13.075 52.475
12.425 52.075
9.025 50.275
6.875 50.575
13.025 54.275
13.075 50.725
7.325 50.025
8.925 53.825
13.125 47.425
9.875 50.075
10.975 48.025
13.825 51.925
14.425 51.525
11.225 51.975
10.825 54.125
12.725 48.775
7.625 52.175
12.675 49.575
10.825 52.525
11.325 52.575
12.325 53.025
8.475 50.425
12.675 49.025
8.625 48.675
11.075 54.275
10.625 50.025
9.375 50.175
10.975 47.375
11.175 48.275
7.175 47.425
14.375 50.725
6.625 51.975
13.825 49.275
6.775 49.975
11.975 49.675
10.125 49.375
6.875 47.525
13.125 52.625
10.575 54.175
6.275 48.375
13.875 52.025
13.275 47.425
13.725 49.925
12.075 53.375
12.325 53.225
14.175 51.275
10.925 48.825
14.475 52.975
14.025 50.125
13.975 47.875
10.925 50.925
9.225 55.175
14.425 50.425
12.875 49.875
5.775 51.675
11.925 52.125
12.125 52.125
12.975 53.975
7.375 48.975
8.575 53.175
9.775 53.075
10.825 52.625
11.575 53.125
11.475 53.475
13.575 48.875
9.125 51.475
12.025 53.525
14.575 47.725
11.525 53.375
6.525 48.275
8.625 49.525
13.925 47.625
13.125 51.775
12.125 50.125
13.425 54.325
14.075 47.875
12.625 49.025
13.725 47.925
10.425 48.725
6.875 48.425
14.025 52.125
8.975 48.375
12.775 50.175
6.425 51.425
8.025 53.175
12.925 49.675
9.625 50.325
8.875 49.275
11.125 47.775
7.425 48.925
12.675 52.475
9.325 52.625
7.125 48.075
10.925 49.875
12.375 52.825
11.875 50.475
12.625 48.725
10.775 51.375
11.575 48.275
8.425 52.575
10.575 48.725
7.025 51.025
9.075 51.275
8.725 51.425
8.175 49.625
15.025 50.225
8.475 50.725
12.125 53.875
15.025 49.025
11.825 52.675
12.775 49.875
9.025 48.775
11.075 48.425
7.775 47.725
6.725 48.275
10.875 47.775
9.575 53.125
11.175 51.975
8.175 53.125
9.725 48.725
8.175 50.925
13.975 50.375
11.475 48.875
9.425 52.475
15.225 49.625
6.525 48.775
13.075 50.125
10.925 53.075
12.275 52.375
9.525 52.825
12.625 51.625
11.825 48.425
13.125 50.125
8.275 47.775
7.175 50.875
8.625 49.575
12.925 53.775
15.075 50.975
12.525 52.725
14.275 49.775
14.225 51.625
13.375 53.575
6.125 51.975
11.075 53.625
12.075 49.025
12.275 49.925
7.275 50.325
11.325 51.425
6.525 51.675
9.075 48.675
7.375 51.725
10.225 50.925
13.425 50.775
8.225 48.875
10.675 49.475
9.375 49.075
9.325 51.575
11.625 50.575
11.275 52.175
9.025 51.225
15.175 52.675
8.925 47.875
11.575 50.175
11.825 47.975
6.625 49.975
7.875 48.425
8.225 50.125
14.925 50.275
14.575 50.125
8.775 51.475
13.175 53.475
7.375 51.925
13.275 47.675
13.225 53.025
6.775 48.375
12.975 48.675
14.625 50.575
12.125 49.825
14.575 48.525
9.325 49.175
8.525 52.125
9.525 47.725
12.025 48.475
7.425 49.275
7.825 51.925
12.775 53.225
8.575 50.625
12.425 49.175
7.075 47.525
9.775 49.525
13.475 53.275
13.575 52.225
8.875 54.825
11.425 52.075
8.525 47.975
8.625 52.075
7.925 47.375
11.475 47.975
8.525 52.475
7.225 52.175
11.875 53.225
8.925 53.375
11.275 53.325
7.475 47.925
11.525 51.725
13.125 53.725
6.375 49.675
11.675 52.725
7.025 53.425
14.625 47.875
9.325 55.025
13.475 47.275
11.125 52.425
11.875 53.275
13.025 53.175
9.275 54.525
12.175 51.375
6.275 48.075
8.525 51.925
12.075 48.425
13.625 53.825
9.275 52.675
12.975 47.575
10.225 53.475
14.975 48.425
14.675 47.675
11.325 47.675
14.375 51.225
12.775 51.125
11.125 53.275
6.675 49.625
12.275 52.725
6.375 52.725
9.475 53.275
6.325 53.325
11.225 49.325
7.725 48.675
8.075 53.025
9.375 54.625
14.925 49.125
11.225 49.675
10.225 49.075
13.125 52.925
12.325 53.575
11.025 49.475
13.275 49.475
14.525 50.475
11.625 52.475
9.025 49.625
12.275 49.775
12.675 54.425
7.925 48.225
13.725 54.125
8.025 52.775
13.425 52.275
14.125 53.675
10.125 51.175
9.925 48.525
14.575 52.525
9.275 54.725
8.675 51.825
12.925 50.875
12.625 48.475
11.075 52.925
7.375 53.325
6.525 50.575
11.525 47.725
11.325 48.625
14.075 53.475
13.875 51.375
9.925 52.725
12.975 47.375
13.175 49.925
8.675 50.775
11.475 54.825
14.775 51.325
7.675 51.775
13.425 48.075
7.225 49.225
10.975 51.975
14.725 51.775
5.825 50.325
12.925 48.325
14.825 53.825
7.525 50.475
9.525 51.525
10.125 52.775
12.725 48.425
7.025 53.125
9.175 50.025
9.725 52.475
10.825 49.425
7.375 53.375
14.525 52.025
9.475 47.975
11.325 49.125
11.775 47.475
14.225 49.625
8.775 48.025
7.775 48.075
9.625 48.575
7.525 50.075
10.225 51.075
9.075 55.075
11.175 51.225
6.275 52.975
15.075 52.025
12.325 52.475
10.575 51.025
14.725 48.225
9.825 47.975
8.675 54.875
13.325 51.425
6.675 53.325
14.475 47.375
9.125 49.825
6.975 53.125
8.425 50.525
11.925 54.675
13.225 53.275
7.025 51.075
9.225 50.425
7.375 51.875
11.125 52.575
6.125 47.925
10.825 50.825
14.725 51.425
10.825 49.475
9.425 48.525
14.225 47.375
13.975 53.625
11.475 49.875
8.425 48.675
8.975 53.025
10.575 51.925
8.975 49.525
9.075 52.625
7.425 51.675
6.725 50.175
9.275 51.775
12.175 47.475
11.525 48.225
8.425 50.775
10.375 51.475
7.825 49.625
14.225 50.825
13.875 49.925
10.025 49.125
11.525 51.025
12.275 50.775
8.175 49.575
10.425 53.025
11.775 54.775
10.125 51.225
13.875 49.825
13.225 51.175
11.825 53.675
11.675 51.025
5.925 47.375
14.625 47.275
7.425 48.125
9.525 54.825
8.725 51.325
10.225 51.625
13.075 52.725
10.975 51.925
10.975 51.625
13.525 52.725
12.625 52.575
14.875 53.875
15.025 51.975
10.075 48.425
7.275 51.575
11.125 52.625
6.325 49.725
11.225 53.025
8.125 47.975
10.325 52.125
15.025 55.025
10.675 52.425
6.725 49.725
9.225 47.325
6.725 47.575
13.225 48.175
11.125 47.325
10.475 52.975
13.675 47.375
11.625 52.025
7.125 47.725
13.675 51.425
7.375 47.375
6.825 52.325
6.425 50.325
7.925 53.225
14.075 53.575
9.025 49.075
7.175 48.275
6.325 51.325
7.725 52.525
13.825 53.825
7.075 48.375
8.025 49.375
5.825 52.525
11.375 50.075
10.675 54.125
10.325 49.125
9.875 52.275
6.125 49.775
11.725 53.025
11.275 52.525
7.225 48.925
11.625 54.775
14.175 49.275
9.175 54.975
10.175 49.275
12.925 50.775
13.675 48.075
9.825 49.925
9.475 49.375
11.975 50.725
6.625 52.875
7.825 48.725
14.525 53.625
6.025 52.925
8.725 50.725
13.575 48.725
8.575 48.275
9.475 54.025
14.125 48.375
10.675 55.125
11.425 48.375
7.775 47.925
7.925 50.625
10.175 52.125
12.775 48.125
12.825 50.475
8.175 53.175
6.725 52.275
9.325 51.075
11.175 52.625
15.175 53.825
6.625 49.425
14.325 50.825
14.225 49.325
13.925 48.225
15.075 49.175
13.325 51.925
6.725 52.625
6.525 51.775
7.975 49.925
10.075 48.725
10.525 54.075
12.675 49.975
6.475 49.625
13.025 50.625
7.725 49.825
9.925 47.425
10.925 48.175
13.375 53.925
13.275 48.775
6.575 50.675
10.025 50.125
6.275 47.725
10.725 49.775
6.325 52.575
13.275 49.375
7.425 51.875
14.425 50.975
7.325 52.625
6.275 47.475
11.325 53.625
9.925 54.375
6.525 49.575
11.375 48.525
10.425 52.275
9.675 52.775
8.625 47.925
9.025 53.825
9.825 48.825
6.575 51.625
14.675 52.975
6.225 52.825
11.725 51.575
11.975 50.775
12.025 49.425
9.575 51.325
14.975 49.725
7.175 51.625
10.675 49.575
13.275 48.025
11.425 52.775
10.075 50.275
13.675 48.325
11.925 53.375
12.675 49.175
7.425 47.525
6.425 52.925
6.325 47.475
11.975 48.775
12.675 48.025
7.375 48.125
9.975 51.875
8.875 47.975
6.625 47.275
12.475 50.425
14.925 49.075
6.525 48.025
6.025 50.875
14.375 47.425
5.825 51.425
12.925 51.175
7.375 50.275
14.275 48.675
12.275 48.675
6.775 52.875
7.825 51.225
6.725 47.925
7.625 50.775
14.675 51.425
15.175 53.525
10.525 49.525
7.075 50.075
14.025 51.025
14.675 51.225
11.525 48.975
14.775 52.975
6.075 48.675
10.525 50.125
12.875 50.625
12.025 50.425
11.725 50.725
12.175 49.225
10.375 52.675
14.225 51.275
7.925 51.475
12.375 49.125
15.125 51.125
10.025 51.825
11.075 48.075
10.225 47.325
7.975 47.325
11.075 49.875
12.975 53.775
13.125 50.375
7.125 49.625
11.125 48.575
12.425 51.975
13.275 54.475
6.275 50.675
9.275 55.125
9.875 49.275
6.425 48.325
7.525 50.675
6.725 49.625
7.175 48.475
14.925 50.575
10.625 51.675
11.175 50.725
13.475 52.675
8.725 51.475
11.675 48.375
10.775 52.375
7.875 48.175
8.325 48.125
7.875 47.475
7.975 51.425
14.025 51.725
9.275 51.325
14.425 51.825
8.825 52.825
6.925 50.075
6.475 51.825
9.875 47.625
5.975 53.375
13.225 49.175
8.725 47.475
8.825 55.075
13.825 51.875
11.875 49.975
10.125 48.175
12.275 54.175
10.775 48.675
9.175 48.125
7.175 49.025
13.575 52.625
10.975 52.575
9.275 49.975
6.375 47.775
8.075 52.075
6.275 51.025
10.975 53.375
14.675 52.775
9.625 51.375
8.125 48.075
14.575 49.225
13.225 48.125
6.775 52.775
11.625 54.725
13.175 48.225
12.725 51.975
14.975 50.375
14.975 48.525
12.625 48.875
9.125 50.125
10.725 49.325
10.525 47.325
8.475 53.075
8.225 49.975
9.125 48.475
13.925 48.325
13.025 50.075
14.575 47.875
12.875 49.975
13.175 53.925
11.025 47.375
9.325 53.675
9.325 49.325
13.075 50.225
12.875 51.725
6.525 49.075
9.125 54.775
12.725 47.875
6.725 52.675
13.625 51.325
8.725 53.275
8.975 48.825
7.775 49.775
6.725 48.625
9.475 48.025
14.825 49.125
10.975 53.675
14.575 51.425
5.775 48.575
12.775 51.525
8.025 50.275
9.075 53.575
14.425 49.025
14.325 51.075
12.425 48.175
7.625 51.625
9.725 52.375
8.675 51.375
8.975 47.375
7.825 53.575
13.925 52.375
10.525 48.025
8.075 52.425
11.875 53.375
14.125 47.825
9.275 50.375
11.525 49.275
6.225 50.925
11.525 50.925
12.025 54.025
8.575 53.575
11.525 51.425
6.325 48.575
10.625 48.125
8.825 49.975
12.325 53.425
6.975 47.525
13.975 49.925
11.275 53.875
12.375 50.475
6.825 49.675
12.125 48.275
12.275 47.275
10.875 49.175
11.025 48.125
13.975 47.275
6.325 50.025
7.675 53.625
11.275 47.475
7.925 49.725
12.775 49.475
9.325 51.325
6.775 47.575
14.825 49.325
10.775 55.225
6.125 48.775
8.825 49.875
11.425 53.425
10.925 52.625
15.225 49.525
14.125 49.225
10.475 50.225
9.825 50.175
12.475 48.075
10.075 50.675
5.925 51.675
14.875 48.775
12.125 51.175
13.175 48.075
9.875 50.875
10.925 47.875
15.125 52.625
8.425 52.525
6.925 52.175
5.875 48.125
11.725 48.925
6.375 47.725
13.675 49.575
13.375 51.275
11.825 51.275
8.625 52.375
9.775 53.875
10.675 51.125
12.125 47.425
9.625 52.375
7.875 51.675
13.275 53.275
8.925 55.025
9.875 53.825
7.425 48.625
10.075 52.775
14.025 51.175
12.475 53.575
9.125 51.075
13.075 53.025
11.025 49.375
8.675 47.575
8.375 47.975
12.175 51.125
10.325 50.175
10.775 53.875
8.975 51.575
15.175 48.625
13.625 48.775
9.525 54.975
6.375 48.425
13.225 52.925
11.825 49.725
6.775 48.025
14.475 50.825
12.325 48.925
9.275 52.275
12.425 51.175
14.525 49.825
9.425 49.525
10.375 52.175
6.475 47.775
14.225 47.875
11.725 52.875
9.175 48.875
11.875 54.075
10.825 52.125
11.675 49.475
14.125 48.975
13.825 48.875
7.125 52.275
7.025 48.225
10.225 47.725
11.075 52.375
9.375 47.475
13.925 50.025
7.075 49.425
9.525 53.775
12.975 47.975
11.525 47.275
13.425 51.775
14.975 50.125
12.825 51.925
10.825 50.575
5.775 48.675
7.375 53.675
8.175 48.775
7.925 49.575
13.875 50.375
6.225 49.225
13.775 47.625
13.675 50.275
13.975 51.025
6.675 51.475
14.075 49.825
14.425 52.525
6.275 48.325
6.175 49.525
14.075 49.525
13.625 52.875
12.675 48.925
6.475 53.175
13.775 50.575
11.525 53.175
8.125 48.675
11.325 52.475
10.275 48.325
6.175 52.725
13.075 47.775
9.675 47.675
15.075 54.025
13.925 48.525
14.075 50.475
9.775 51.875
9.975 50.175
6.375 53.025
13.725 48.325
15.025 49.175
8.525 51.625
8.475 49.075
10.075 52.225
10.175 53.475
10.025 52.925
9.475 49.825
9.925 51.425
6.225 52.875
7.075 51.225
13.725 51.225
12.225 52.825
10.625 50.475
9.875 50.125
12.925 52.325
5.775 48.625
9.125 48.375
14.125 51.025
7.325 51.275
7.975 48.175
12.275 52.325
8.675 53.275
13.525 52.825
12.075 50.775
8.275 49.325
13.375 50.275
14.425 50.225
8.425 50.375
12.625 52.525
11.425 51.575
12.925 51.025
9.525 50.025
13.675 53.075
7.625 48.925
8.975 47.575
6.725 48.075
8.325 52.875
10.475 53.875
9.925 49.875
6.475 51.225
13.275 51.475
13.225 50.825
8.975 47.425
8.825 52.625
13.075 52.975
10.675 52.175
11.125 53.325
5.775 50.875
8.675 48.675
11.725 49.925
10.975 53.225
14.475 48.325
11.625 51.375
7.025 48.275
12.925 48.875
6.775 52.025
10.975 50.775
6.375 50.975
7.125 48.725
6.775 50.225
11.175 49.275
9.175 50.275
10.025 51.025
11.675 53.475
12.125 52.725
12.525 53.575
10.275 51.275
13.325 47.925
13.275 47.975
9.925 51.725
12.325 52.175
11.475 49.225
13.975 48.125
11.325 52.025
7.375 52.775
6.375 51.075
6.725 51.625
6.825 51.425
11.825 51.925
12.775 53.875
10.925 54.125
8.025 52.025
9.575 49.575
9.925 49.625
7.025 47.675
13.825 49.725
7.675 49.225
14.725 55.075
13.375 54.075
11.775 52.375
6.675 48.175
7.475 48.275
8.075 53.175
14.425 51.675
12.725 53.775
6.075 49.875
6.325 48.075
14.375 49.875
13.575 50.875
9.975 47.675
8.525 47.375
7.425 47.825
5.925 51.875
7.625 52.825
8.425 50.025
12.125 52.575
14.725 55.175
8.325 53.575
12.375 52.125
9.675 51.625
14.375 49.525
10.525 50.975
10.975 49.625
8.725 47.875
14.575 51.625
10.025 52.075
10.975 52.375
10.875 51.975
7.825 48.225
7.525 52.275
5.825 48.525
8.925 48.725
11.825 47.675
9.125 53.275
13.675 50.125
8.475 48.225
10.075 55.225
13.325 51.325
15.075 48.175
9.075 50.225
9.575 54.125
6.525 50.325
11.325 52.625
11.075 53.425
12.675 47.975
6.175 52.575
11.575 47.925
10.775 47.325
12.875 54.175
10.875 53.625
9.175 49.075
14.725 50.825
11.275 53.225
7.525 48.275
14.875 50.675
8.675 49.025
6.425 47.825
11.975 51.525
11.425 53.225
8.825 49.075
11.775 48.775
13.225 47.725
5.975 48.325
11.225 51.775
13.625 49.175
11.975 51.125
11.875 52.325
7.675 52.975
9.825 48.525
13.375 48.575
13.525 50.875
8.325 50.525
14.925 53.975
7.425 52.875
11.975 53.675
7.875 52.575
12.875 48.775
11.175 54.875
14.075 47.925
8.925 54.975
7.575 52.875
8.925 52.825
14.925 48.325
10.025 48.925
6.875 47.825
11.325 49.475
13.575 52.575
14.875 55.225
9.925 49.175
11.925 52.175
13.225 49.375
11.275 51.975
12.975 49.575
10.375 49.025
9.625 51.225
10.225 53.025
10.225 52.875
14.325 49.825
10.075 53.025
12.175 48.625
8.225 51.775
9.225 53.575
11.925 49.225
14.125 47.425
10.725 50.675
14.225 47.475
10.375 49.575
6.625 52.675
10.125 49.125
10.575 47.425
11.775 51.025
13.825 52.575
14.025 53.575
6.975 50.975
9.075 48.925
12.325 52.375
13.525 48.875
8.325 51.825
10.525 49.275
7.375 48.925
14.475 48.675
10.075 50.525
11.975 47.875
13.875 51.825
6.625 47.975
10.075 48.275
9.525 54.175
13.275 48.375
13.575 50.425
10.625 49.675
10.025 49.825
15.075 49.825
11.075 52.425
6.375 47.475
10.425 49.775
13.225 48.025
11.425 48.575
10.275 48.175
6.825 51.925
13.975 49.425
6.875 51.475
12.075 53.275
14.825 50.825
9.125 50.925
9.725 49.225
13.675 47.275
7.075 50.675
10.125 53.275
14.425 52.625
6.075 49.525
7.975 48.875
14.925 49.475
10.375 53.925
12.625 53.675
9.575 50.875
15.075 48.375
7.225 47.875
5.775 47.725
6.825 52.775
6.775 51.275
13.025 54.325
5.875 50.375
9.575 52.925
6.825 52.675
9.625 54.925
8.425 50.325
8.125 52.925
7.125 49.175
6.375 47.825
12.025 50.325
11.925 48.975
7.725 48.725
12.275 51.975
6.125 47.825
9.375 49.375
14.025 48.275
14.025 49.375
6.175 48.625
6.625 51.575
12.075 48.575
10.175 47.775
13.625 53.575
10.825 51.925
7.175 52.475
7.675 49.975
10.825 52.775
12.375 51.825
10.475 49.225
11.975 49.575
11.625 53.125
12.375 53.975
9.025 47.425
14.775 53.525
10.875 47.675
10.325 51.925
9.425 47.475
8.325 53.075
5.875 51.475
8.625 49.075
13.525 53.625
13.525 49.625
14.825 51.725
10.675 54.075
10.675 55.175
8.775 47.575
14.775 53.025
10.475 48.125
7.675 49.275
10.925 48.425
6.275 49.075
14.525 47.975
14.675 47.475
10.675 54.225
14.025 49.175
8.975 51.225
12.875 47.875
10.325 51.875
12.725 49.575
8.225 49.875
7.875 53.675
13.625 53.125
11.275 49.325
8.775 48.325
11.775 49.375
7.675 51.175
10.625 49.525
11.575 48.175
14.625 51.775
13.575 49.125
8.775 47.675
8.675 51.675
8.925 51.575
12.375 51.175
7.275 52.825
13.675 47.975
7.125 49.525
12.525 51.625
14.425 48.525
11.025 49.125
10.925 47.775
12.825 49.225
11.775 54.075
9.325 54.975
13.925 49.275
8.575 53.675
8.225 49.325
13.525 52.525
7.475 51.075
9.725 54.025
13.825 49.025
10.025 49.775
11.375 47.375
14.675 48.475
14.075 51.075
12.125 53.775
8.025 48.125
13.175 52.025
7.575 49.625
9.325 51.775
14.625 47.675
8.675 48.525
9.325 54.325
6.675 51.675
15.225 47.725
14.275 47.575
12.725 53.525
14.975 52.025
11.975 53.475
12.625 50.225
5.975 48.825
14.725 47.725
12.325 54.225
11.225 50.675
14.575 52.975
7.025 48.975
8.925 53.175
12.725 48.275
14.475 52.175
10.425 51.425
8.975 49.675
12.375 51.125
11.925 51.075
10.175 51.375
14.725 53.575
10.275 51.975
10.575 51.525
8.625 49.875
10.425 50.975
13.825 52.375
12.225 51.775
13.675 51.625
10.225 48.825
7.925 49.175
9.975 52.025
13.425 50.975
6.125 50.075
11.575 49.375
8.625 53.575
9.225 47.425
10.825 49.125
9.525 48.275
14.375 48.625
10.825 50.325
12.525 47.875
9.575 49.075
8.825 51.075
14.275 50.125
8.775 48.675
6.675 50.875
9.475 49.025
7.825 50.375
14.725 55.225
13.425 52.025
7.825 49.125
11.025 51.825
6.075 49.675
13.575 51.825
8.125 51.525
9.925 50.325
9.325 54.925
12.075 50.925
10.275 47.775
11.825 48.825
7.525 48.775
14.575 52.775
8.675 50.225
12.025 47.325
11.625 50.275
13.425 52.075
6.575 48.525
6.725 51.075
7.325 52.975
12.925 51.375
11.775 52.575
7.475 47.275
10.275 50.025
9.475 50.775
12.425 47.975
13.525 48.125
15.175 48.025
6.075 48.125
10.925 49.775
14.425 52.325
9.975 51.675
9.475 48.425
5.775 52.525
6.075 51.675
12.125 52.375
7.425 49.525
12.225 48.125
9.525 51.725
15.025 53.275
11.575 47.775
8.175 49.225
6.225 47.875
6.575 52.625
11.375 54.675
9.325 47.775
9.675 49.175
14.775 55.075
9.675 50.525
7.475 52.225
10.575 53.825
8.225 53.125
13.675 48.175
11.225 47.625
8.575 48.175
14.425 52.125
13.525 51.875
9.375 51.425
15.075 51.825
7.425 53.025
9.625 49.275
12.675 52.725
12.425 48.675
8.425 47.525
14.075 49.575
11.675 51.325
14.975 49.375
13.775 48.375
8.125 47.825
14.225 48.175
9.525 51.325
9.075 52.225
11.925 48.325
12.225 52.375
8.725 50.775
5.775 49.775
12.275 49.825
11.225 54.775
8.425 48.925
6.725 52.125
8.525 51.025
7.925 48.675
11.525 48.175
14.175 52.575
7.425 51.525
6.875 50.275
8.375 48.775
6.725 51.225
14.775 52.625
9.825 49.025
11.625 51.775
11.075 50.725
10.275 53.275
10.725 53.725
14.125 51.625
6.025 51.025
9.925 52.675
7.675 51.875
14.525 47.525
8.925 48.625
6.975 50.425
6.525 52.025
10.225 53.075
11.825 50.125
8.425 50.975
13.125 52.825
6.325 49.975
10.025 50.225
7.875 51.275
6.525 51.125
8.875 49.925
13.325 53.875
8.775 53.325
6.575 48.425
14.125 49.175
10.925 49.825
8.075 52.775
14.425 50.875
12.525 50.625
12.925 49.225
11.625 52.875
10.075 49.475
13.125 47.275
8.875 53.975
15.075 51.075
14.525 50.925
8.375 51.175
10.475 53.575
9.075 54.075
15.125 52.175
9.525 49.375
10.375 53.125
8.725 50.625
7.725 49.425
11.225 49.175
12.375 52.525
8.675 53.075
12.775 50.925
7.725 52.725
15.075 50.625
12.575 50.075
8.325 51.525
9.375 49.625
10.425 48.875
10.375 49.875
6.925 50.725
13.975 48.525
11.525 47.625
11.875 51.075
8.625 52.925
11.375 50.725
6.975 47.325
10.875 51.075
11.625 49.875
8.825 52.925
5.975 49.975
8.425 52.175
12.775 50.975
14.625 52.075
8.575 52.075
6.325 50.575
12.675 50.275
10.225 53.225
7.975 48.725
10.475 48.225
8.425 48.475
9.025 55.175
14.375 49.375
11.775 51.475
9.775 53.275
14.725 51.625
14.825 50.675
11.225 48.075
8.925 51.225
14.175 51.725
11.275 53.775
10.325 49.375
9.975 52.975
6.025 50.625
14.175 49.675
10.025 53.225
12.125 47.825
7.925 49.625
12.975 48.875
13.625 47.425
13.325 51.825
10.725 51.275
7.925 53.175
15.075 49.225
11.575 48.975
9.075 51.725
14.325 51.725
8.225 47.525
8.625 50.625
13.725 50.925
9.875 49.725
8.325 50.075
13.525 49.025
9.625 47.675
11.825 48.275
14.025 49.225
5.875 51.775
10.225 51.125
11.575 47.575
14.625 48.475
9.075 51.025
15.075 51.525
10.875 51.925
12.925 53.175
12.925 48.475
10.575 49.525
7.875 49.725
10.575 48.325
14.875 52.675
13.625 51.475
9.425 54.625
13.925 48.175
13.825 48.975
13.675 48.575
15.125 48.425
7.925 49.525
8.875 54.225
14.025 51.875
12.725 49.675
6.125 52.075
15.175 49.375
5.925 52.525
15.075 49.625
9.775 51.375
13.475 48.875
9.175 53.775
9.725 50.525
9.675 49.925
13.625 47.575
11.175 47.925
12.925 52.525
13.125 49.075
6.525 48.725
11.625 49.275
5.875 49.175
10.475 47.925
9.675 54.725
8.975 53.075
13.275 52.725
14.475 50.025
14.475 52.375
12.475 51.825
6.775 52.625
10.125 49.675
12.575 48.875
7.475 47.325
11.775 51.325
11.125 49.975
7.975 48.125
7.775 52.875
14.575 53.375
6.925 52.425
8.225 49.025
12.225 48.375
9.625 48.525
11.725 47.525
11.875 51.525
13.325 47.625
7.075 47.725
9.325 48.275
12.875 50.325
9.075 48.375
14.675 53.325
11.325 50.725
9.575 47.475
6.725 53.125
9.025 53.375
7.125 50.125
13.325 50.375
12.325 47.575
5.825 50.025
12.975 51.075
11.575 47.475
8.775 51.175
14.225 49.675
8.525 49.925
14.475 49.875
9.975 52.125
6.825 50.825
14.375 48.125
6.175 48.525
13.475 52.125
8.775 47.725
12.975 53.725
10.125 51.725
12.525 52.125
8.925 55.225
12.175 52.175
13.725 51.525
7.525 47.825
8.275 50.025
11.375 51.025
6.675 50.125
10.425 53.575
12.325 53.625
11.375 53.275
12.975 48.275
9.925 50.025
12.825 48.425
14.225 50.975
8.075 49.225
6.275 52.825
8.525 50.925
13.475 54.425
10.875 47.825
10.325 47.825
9.275 48.875
14.475 52.225
10.825 51.875
14.725 53.775
12.825 51.475
8.975 51.975
13.475 50.725
6.775 52.925
9.075 49.625
6.775 49.425
12.875 51.775
10.175 49.875
13.675 52.125
14.225 49.075
12.625 53.375
14.925 51.825
14.125 49.775
7.825 50.075
8.175 52.425
14.225 48.225
5.775 47.375
14.225 52.075
6.075 50.525
14.825 49.925
10.675 51.325
8.675 47.425
13.875 52.825
9.675 49.575
14.825 49.175
14.575 51.925
13.425 48.775
14.075 49.475
10.575 51.275
9.025 50.675
8.675 49.225
14.075 48.825
10.125 50.925
14.825 52.975
7.775 52.125
12.525 51.075
10.375 54.425
14.475 53.925
8.975 53.725
13.975 47.825
8.975 50.025
8.025 50.175
11.175 53.475
13.175 47.675
10.375 48.775
8.875 52.475
10.325 53.625
10.425 53.525
10.775 52.125
6.975 51.425
9.375 52.075
14.125 52.275
15.225 52.725
12.975 49.475
5.975 52.125
9.425 53.525
11.375 50.275
13.225 51.025
13.975 49.175
7.975 50.075
7.325 50.125
13.775 50.075
11.225 49.075
9.475 50.125
7.875 51.025
14.025 48.475
8.825 50.775
10.575 50.075
7.525 47.725
9.375 47.775
13.875 53.425
11.625 48.475
12.175 53.575
8.675 49.425
6.025 48.125
10.325 49.075
8.625 49.975
10.325 50.225
9.125 51.525
7.375 51.025
8.775 48.275
6.025 51.825
10.725 50.725
9.875 51.025
12.825 49.475
13.575 53.975
11.275 48.775
9.375 54.725
12.075 47.275
13.625 47.725
10.175 51.275
12.025 49.975
11.175 48.575
11.675 48.475
8.825 53.375
10.175 49.225
12.575 53.275
13.025 51.875
14.375 52.175
11.425 51.325
11.025 53.025
14.275 49.075
7.525 49.425
14.975 51.075
10.275 53.725
9.975 49.175
13.775 53.825
12.825 49.625
7.675 53.425
13.925 49.225
9.775 49.675
14.225 51.925
6.725 50.375
8.175 49.825
10.175 48.725
6.625 49.125
6.625 51.225
6.725 48.025
12.875 49.625
5.925 53.175
10.625 52.575
12.925 53.025
12.925 51.475
14.325 52.375
12.425 49.975
12.925 54.325
6.125 48.025
10.675 53.275
6.025 48.025
6.025 48.425
8.875 48.425
13.925 53.125
13.125 52.725
12.375 53.575
13.925 52.675
13.075 48.025
7.075 51.775
8.775 52.975
8.475 52.275
9.975 51.275
10.825 49.825
7.475 48.475
14.575 49.775
10.025 50.925
14.375 53.375
10.175 55.125
10.325 49.025
6.975 48.575
11.425 52.025
13.625 54.025
12.275 49.375
14.775 48.925
7.675 53.325
13.075 50.775
9.025 54.575
7.275 47.725
12.375 51.575
8.225 50.225
10.375 53.875
8.425 51.175
11.575 48.525
6.825 49.625
13.125 49.425
6.125 48.375
8.075 48.425
14.175 50.175
12.225 52.025
10.175 47.675
12.175 48.825
9.225 54.725
12.075 50.175
9.325 50.175
9.425 50.875
9.575 49.375
7.875 47.375
8.775 49.625
9.825 47.425
13.175 48.025
12.975 50.375
11.425 47.525
6.725 47.275
11.825 48.575
8.775 54.975
14.825 51.325
14.675 52.325
9.075 54.775
8.525 50.225
12.825 53.675
14.325 49.625
5.875 49.025
11.025 52.175
15.225 53.175
13.625 54.075
12.775 51.575
14.575 48.975
9.875 51.925
10.575 49.025
15.075 52.125
12.075 51.525
12.475 47.825
11.125 53.575
11.875 54.925
10.425 53.425
14.875 49.375
11.925 54.625
10.275 47.375
13.625 48.825
15.175 54.025
6.825 48.725
11.675 48.125
14.825 52.775
7.275 48.575
8.725 53.425
14.775 48.825
11.875 47.725
15.125 51.375
14.675 49.775
8.375 51.325
9.675 53.925
11.725 48.075
8.875 47.675
8.475 51.625
14.875 48.825
11.575 48.125
14.175 50.775
14.075 49.675
15.075 47.525
11.825 53.375
6.775 51.025
6.825 47.625
8.325 53.225
5.825 47.625
12.875 48.625
15.075 47.275
14.925 50.825
12.975 47.675
10.925 52.875
8.275 50.875
9.075 55.125
13.875 52.275
12.325 54.975
9.975 52.075
6.425 52.375
7.525 48.475
12.275 52.475
15.175 50.275
6.375 48.225
6.125 50.175
5.775 49.525
11.825 52.325
6.175 50.875
8.975 53.375
6.975 48.675
9.325 54.675
9.825 53.875
10.525 51.075
10.025 53.825
6.725 52.425
10.475 47.575
10.625 49.775
11.325 52.225
11.475 54.725
7.175 47.325
14.225 51.975
8.625 51.025
11.875 50.775
8.175 52.575
9.125 49.525
10.325 53.225
9.825 51.275
12.575 53.425
8.425 52.275
11.325 53.175
13.575 53.075
13.675 48.025
9.625 49.725
9.025 47.525
10.575 54.975
8.875 50.875
10.675 53.225
14.925 48.725
10.225 50.525
6.125 47.375
7.125 50.625
11.675 49.625
9.125 51.175
7.825 48.825
14.275 48.625
8.775 53.625
6.125 52.275
8.475 47.325
12.725 50.575
11.875 48.275
6.575 49.775
12.475 50.525
14.175 48.525
14.975 52.425
12.425 49.625
7.425 48.725
9.475 50.175
6.475 53.375
6.675 52.175
14.025 52.175
9.525 50.925
6.325 51.625
9.225 53.975
11.925 47.625
8.875 49.575
13.825 49.975
15.225 47.475
6.375 48.875
12.975 50.825
7.875 51.725
14.325 51.175
12.475 51.425
9.325 50.575
13.475 49.375
5.975 48.075
12.525 52.925
8.425 52.225
10.625 53.225
11.175 47.825
8.475 51.675
12.925 52.675
14.475 51.425
15.225 52.175
14.775 48.075
12.925 52.975
8.125 53.425
14.575 49.575
12.625 52.625
9.175 52.025
14.675 48.625
9.075 53.525
6.425 49.025
9.125 54.175
10.725 54.075
10.875 52.375
10.925 48.875
6.275 52.725
9.825 47.925
7.725 48.825
14.925 52.975
8.425 47.275
14.775 53.275
10.975 53.175
5.925 48.325
14.525 52.325
9.325 48.525
10.525 53.875
10.725 50.025
9.625 50.725
11.975 53.575
8.775 50.675
6.225 48.775
8.575 48.075
9.525 47.325
9.975 53.325
14.875 48.675
12.525 54.325
11.075 54.775
12.925 47.475
12.425 47.625
8.925 53.975
12.075 50.625
15.125 52.575
11.325 50.375
10.925 50.225
6.175 49.125
8.225 47.725
10.125 48.975
11.225 52.425
12.775 50.575
10.025 48.775
9.375 48.475
5.975 52.025
13.725 52.825
8.725 51.125
14.975 51.725
14.925 53.225
11.625 51.975
8.875 50.775
8.875 50.475
13.975 47.425
13.175 52.625
14.375 53.225
14.675 47.925
7.625 48.775
7.175 48.175
10.925 47.575
6.225 48.025
15.075 53.425
6.275 51.575
6.425 52.575
8.975 48.525
9.275 49.875
11.675 53.925
13.475 49.475
8.925 48.225
7.775 51.875
11.925 55.025
13.825 53.975
11.225 49.925
12.575 48.775
7.025 48.525
14.375 51.175
12.025 54.775
15.075 54.075
13.275 49.175
8.975 54.525
10.825 52.075
14.875 53.975
7.775 51.375
14.425 48.725
7.475 50.025
13.975 50.125
5.925 49.825
6.475 47.725
11.025 47.975
8.225 52.925
10.275 47.875
9.725 53.325
9.075 49.075
11.125 50.975
14.875 50.225
7.775 51.125
9.925 47.525
14.125 52.475
9.575 51.275
9.125 50.025
14.775 49.125
14.725 49.175
8.925 53.925
14.775 47.675
6.875 49.075
7.875 49.125
11.575 52.375
10.025 49.175
8.175 50.975
5.975 53.025
7.075 47.625
9.975 50.825
14.075 49.175
14.025 52.425
14.525 51.875
9.925 51.375
5.875 47.375
11.625 51.725
12.775 51.225
10.025 54.275
13.175 47.325
9.425 51.575
14.375 47.675
10.875 54.225
10.875 50.175
12.725 49.525
9.975 47.425
5.825 50.975
10.225 50.775
6.425 48.625
13.575 51.525
11.375 48.625
11.925 50.175
8.875 48.175
14.875 51.475
10.125 54.025
12.875 53.025
5.875 53.175
11.675 53.425
9.075 53.975
8.275 53.575
6.125 47.475
6.875 47.325
8.575 47.775
14.575 52.175
12.525 52.375
11.275 50.475
8.375 51.725
10.825 54.975
6.475 50.675
7.175 48.325
6.775 50.825
12.325 48.125
7.725 53.575
11.825 50.975
14.975 52.525
7.575 53.325
10.125 48.025
9.075 47.975
12.775 53.575
8.125 51.675
9.075 47.725
12.675 52.675
13.125 51.475
11.725 51.875
10.225 54.325
9.325 49.825
7.825 50.675
6.175 50.725
11.825 52.975
9.875 53.425
15.225 48.525
12.975 54.175
12.975 54.075
10.975 53.875
8.075 50.675
13.425 53.075
6.075 49.025
5.875 48.675
12.175 52.825
13.325 49.225
9.375 52.025
10.075 53.475
14.125 53.525
11.875 54.125
10.275 55.225
7.225 52.525
9.875 48.625
14.575 48.725
9.325 54.275
10.925 53.175
8.525 50.775
14.625 50.275
9.925 50.825
14.575 48.475
14.975 48.725
11.825 47.525
13.025 48.925
13.775 47.475
8.275 49.975
10.875 53.025
10.625 49.325
6.375 48.825
9.475 53.525
13.475 51.875
12.175 48.925
11.575 52.275
12.575 49.875
10.025 54.125
10.275 51.425
13.125 49.125
7.125 47.825
5.825 51.325
12.825 48.075
13.525 49.725
15.075 52.325
14.675 50.975
8.975 50.525
11.725 48.675
8.775 47.425
14.675 49.125
9.825 49.675
11.025 53.225
10.025 50.975
8.375 53.475
8.475 50.675
13.225 51.475
11.625 48.725
14.675 52.575
7.725 53.275
9.075 51.575
14.325 48.025
10.275 47.725
9.175 52.775
7.475 47.975
10.425 50.875
12.825 47.375
9.775 51.825
6.075 52.325
13.225 52.375
6.375 50.925
14.625 48.925
13.725 53.575
6.775 49.175
12.925 49.275
11.475 53.375
7.075 48.825
7.775 51.825
8.375 52.925
9.125 48.925
9.175 53.475
14.925 49.175
13.775 48.675
11.925 48.425
11.375 51.425
6.625 48.075
12.475 52.975
9.025 51.325
12.525 48.525
12.075 50.125
10.425 49.275
7.775 51.425
13.525 47.275
9.475 52.975
13.975 49.475
13.175 50.275
11.325 52.675
13.775 51.575
9.225 52.725
9.775 48.225
8.125 53.275
9.375 51.075
10.375 48.075
8.375 50.975
10.675 53.525
8.675 49.375
10.925 48.725
14.625 51.425
6.375 51.325
7.825 47.775
14.275 50.725
11.475 52.825
6.975 52.125
12.575 47.525
9.875 50.425
14.125 47.575
9.025 50.325
7.075 49.775
13.225 49.675
11.925 51.325
13.175 53.625
15.175 53.375
6.275 51.775
12.725 48.525
6.575 48.375
10.125 50.675
12.575 49.625
9.625 50.975
10.425 52.425
13.975 51.075
11.125 48.675
7.775 47.775
11.025 53.625
7.025 52.325
13.425 50.275
6.625 52.475
14.225 49.725
13.075 51.125
14.775 50.775
6.375 49.175
11.725 47.375
13.725 51.825
8.975 48.975
13.775 48.225
8.075 52.025
7.925 47.325
11.425 51.475
10.625 51.125
12.675 52.575
8.775 49.525
12.575 54.125
7.475 51.525
7.325 51.925
12.825 48.625
9.275 48.075
15.175 52.875
11.075 49.475
13.075 53.275
7.475 53.375
7.125 49.825
6.025 52.325
9.025 53.125
10.625 52.925
6.425 52.725
9.325 52.225
14.525 53.275
7.225 51.925
11.175 51.075
9.325 48.075
12.775 48.575
13.325 50.275
9.725 55.025
7.075 49.225
14.675 47.525
13.425 49.075
9.675 49.875
6.825 51.725
6.325 53.375
12.425 48.825
9.475 51.875
9.425 49.975
7.875 48.575
11.475 48.725
7.925 53.625
14.625 53.075
12.025 49.225
14.975 52.875
12.725 47.675
8.575 47.675
14.525 49.325
12.825 51.575
12.075 53.625
6.525 48.875
6.125 53.075
12.675 49.225
9.975 53.375
5.925 50.425
6.075 49.925
11.575 47.675
12.925 48.225
12.525 51.725
10.275 52.525
9.275 51.225
11.475 50.975
14.975 48.575
9.425 52.875
6.925 48.975
7.075 50.775
11.975 47.325
10.825 52.425
9.525 52.975
10.175 48.375
13.275 52.975
14.625 49.375
8.375 52.025
13.325 53.725
12.225 52.725
12.675 53.325
7.475 49.775
10.325 53.325
12.775 50.875
11.375 48.125
14.325 50.375
6.675 52.625
14.825 47.875
11.775 55.175
14.925 52.375
10.425 51.375
8.825 51.875
12.525 49.475
13.925 47.725
13.775 50.475
7.925 49.925
14.475 52.325
14.975 53.375
10.125 47.775
6.225 52.125
7.325 48.825
10.425 55.125
11.575 49.325
12.425 50.875
14.025 50.525
9.925 52.475
12.775 53.775
12.925 51.275
15.175 47.975
14.875 50.775
13.625 53.175
11.975 51.275
10.975 50.125
14.075 50.875
6.925 51.175
12.875 50.725
8.775 49.575
10.625 48.375
7.475 50.375
10.725 48.825
9.575 52.125
12.075 47.325
10.975 49.525
8.375 48.525
12.725 48.675
14.625 50.225
10.925 49.225
9.225 52.475
6.175 48.875
13.125 50.225
14.325 48.575
7.525 52.625
12.125 48.525
8.375 48.225
8.825 48.525
13.275 52.775
14.775 48.325
14.725 48.775
7.525 52.525
13.075 51.925
10.525 53.475
8.075 53.125
12.125 47.875
9.325 47.275
13.125 51.525
8.475 51.975
13.275 52.025
11.175 52.125
12.075 49.125
6.775 48.725
6.925 52.475
13.075 48.975
8.225 47.625
13.825 51.625
12.875 52.325
8.725 51.225
7.475 47.375
14.325 53.225
8.175 50.575
11.875 53.475
8.025 52.725
13.425 50.825
15.075 48.775
7.575 49.375
5.975 49.825
8.225 51.575
13.975 50.675
9.425 47.675
11.175 47.975
14.075 48.775
11.925 47.375
10.625 53.925
6.575 49.125
8.375 51.075
11.025 48.875
6.875 52.825
8.975 53.325
6.775 53.075
11.575 52.975
14.675 53.775
14.675 49.175
8.725 53.675
6.975 52.225
8.925 53.675
13.425 49.525
7.775 51.225
14.625 50.725
6.275 52.525
7.175 50.575
12.625 53.225
9.225 49.575
8.275 47.575
11.725 53.775
7.275 47.975
14.575 53.275
10.325 53.825
7.275 49.825
5.775 48.525
7.925 51.275
9.575 48.225
13.825 53.525
6.025 49.025
10.025 48.675
6.675 51.975
8.825 53.325
10.625 48.275
6.625 53.325
10.025 51.875
14.175 49.725
11.525 48.525
12.475 54.125
8.775 48.725
7.325 52.525
7.675 53.275
13.075 52.025
11.225 47.275
8.825 55.225
8.675 47.975
9.225 51.075
6.825 47.325
12.125 53.375
11.725 48.125
9.375 51.125
8.825 54.475
7.775 52.175
12.725 52.975
9.525 53.875
10.775 49.725
12.175 52.375
7.175 51.075
12.275 52.525
13.775 51.975
9.225 52.025
14.675 48.875
6.275 48.575
11.725 47.425
6.175 51.875
10.625 53.975
8.975 55.225
9.425 53.825
13.925 52.125
9.475 53.125
12.125 53.425
8.675 51.575
14.075 51.225
8.725 50.925
9.825 55.025
10.375 51.275
9.675 52.125
6.575 48.675
11.225 53.425
7.525 51.925
9.425 52.675
10.375 51.525
8.925 53.725
10.325 49.475
6.925 49.175
7.175 49.675
6.375 49.225
6.075 52.425
7.075 50.925
9.425 52.925
12.525 50.575
8.575 53.475
6.775 49.125
5.875 49.725
7.525 48.325
6.875 52.225
7.125 48.575
14.125 49.475
11.225 50.425
14.725 52.925
7.975 50.475
8.325 50.575
6.225 49.875
7.225 52.075
8.025 53.075
12.675 49.525
6.625 50.775
6.775 50.175
10.525 47.425
12.475 53.175
12.475 48.525
14.175 50.075
15.025 53.975
13.925 49.775
13.925 49.825
12.975 47.275
5.975 51.325
11.375 51.625
11.275 49.725
9.175 49.025
14.875 47.675
11.525 51.825
11.125 51.275
10.275 50.475
9.125 53.425
8.275 50.475
12.225 54.025
11.275 51.275
9.675 53.775
9.725 49.425
10.025 48.475
13.675 51.275
8.875 48.575
8.275 53.275
13.025 48.325
7.525 50.125
8.175 47.275
7.925 51.825
10.175 51.875
11.675 50.125
9.325 50.525
9.225 49.875
14.275 48.375
14.975 49.225
8.325 52.225
13.975 52.725
9.625 52.325
9.925 49.075
7.925 50.275
10.825 52.275
10.575 49.575
7.975 50.375
11.025 53.975
8.175 51.375
8.125 51.125
12.475 53.525
9.375 50.625
13.425 54.025
12.225 47.525
10.675 52.975
11.675 51.375
8.725 52.075
11.825 53.025
10.075 53.075
13.875 51.075
14.625 52.625
8.125 49.125
11.975 53.425
10.675 50.075
14.975 47.375
13.725 48.675
9.275 50.425
12.725 52.225
14.525 51.725
14.625 47.975
8.575 51.075
7.225 47.775
14.425 51.025
11.125 47.625
14.225 51.525
8.025 49.975
14.625 50.075
14.375 52.375
11.375 53.125
13.075 52.525
6.075 48.175
8.625 52.675
9.775 49.425
6.175 47.625
10.175 50.725
12.475 47.775
12.075 53.425
12.175 48.375
9.575 48.125
7.775 50.425
12.575 47.375
14.425 49.275
13.275 53.125
9.025 49.575
13.675 47.725
12.175 48.025
9.675 54.025
12.125 53.625
11.525 49.725
14.725 52.525
6.225 52.925
7.225 50.925
13.625 53.225
11.525 50.425
10.425 53.375
11.775 50.125
11.025 49.975
6.375 50.275
14.825 52.475
12.475 52.525
14.525 51.975
14.375 49.625
8.075 50.075
14.375 47.575
11.125 51.775
10.625 48.875
13.675 52.575
12.275 51.325
8.475 48.325
12.675 52.325
8.225 49.675
8.875 53.625
13.125 52.075
10.275 51.925
6.125 48.425
7.075 49.725
12.225 48.475
9.675 51.375
7.025 53.225
14.925 54.025
6.725 48.875
8.725 52.775
10.125 53.725
12.375 53.175
8.575 52.125
7.975 47.375
11.825 52.275
14.875 49.825
12.575 51.425
8.875 53.675
7.075 52.825
12.775 52.025
15.175 53.975
13.425 49.025
7.375 53.125
11.675 50.525
7.325 49.175
14.975 47.475
12.725 51.925
14.725 53.275
7.275 53.475
5.975 49.325
14.125 52.875
13.275 51.675
8.975 52.275
7.375 51.175
12.025 50.175
7.075 50.975
12.525 50.025
9.125 52.475
8.375 51.475
14.225 52.025
14.875 50.025
6.625 49.275
7.725 51.125
10.075 48.625
13.975 48.475
13.125 51.675
12.625 47.475
7.425 51.375
7.275 48.625
9.775 47.525
7.225 52.725
5.775 53.275
13.775 53.225
9.425 54.425
10.225 54.125
8.525 51.425
6.525 48.825
8.925 48.325
14.975 53.125
10.475 50.725
7.975 48.775
10.125 50.125
11.725 48.325
12.525 50.925
8.425 51.125
5.825 49.475
10.775 52.675
9.075 48.575
10.125 49.025
12.575 50.725
10.475 52.725
8.275 49.275
13.875 50.725
6.275 47.375
13.825 48.375
13.525 49.125
14.475 50.375
14.775 50.875
7.325 52.425
10.025 49.525
14.425 49.375
8.075 49.925
8.225 47.825
9.175 52.875
13.475 48.525
8.775 52.725
12.675 50.525
11.075 53.575
15.225 52.325
12.375 49.375
9.375 52.475
10.975 49.125
13.525 49.525
5.975 51.675
14.375 53.125
6.725 51.575
11.125 52.275
7.875 48.225
12.075 52.025
8.825 47.625
6.425 50.475
7.025 53.075
10.675 47.725
5.875 49.275
11.275 49.075
12.225 48.025
15.225 49.025
8.275 51.975
10.375 53.975
13.825 51.775
11.875 49.075
12.375 47.925
10.075 53.425
9.625 51.975
9.175 48.775
11.925 49.875
14.525 51.825
7.325 49.225
13.925 51.675
10.125 48.875
6.275 50.825
7.175 51.825
7.225 51.875
13.075 49.525
11.525 51.675
9.325 50.725
9.575 53.425
12.975 48.025
7.975 49.425
13.475 47.925
10.825 52.025
9.825 49.175
9.475 52.475
10.375 52.275
8.325 49.475
6.675 51.275
8.325 51.475
14.475 51.775
8.175 52.775
9.575 51.875
8.175 52.925
10.175 53.425
7.475 51.275
11.825 50.825
8.275 47.725
11.275 53.375
5.775 48.425
11.025 51.275
9.325 53.375
14.075 48.875
8.075 53.525
13.625 52.625
10.775 52.025
12.475 50.625
13.825 52.325
9.925 49.225
5.775 52.925
7.875 47.875
11.225 48.375
8.275 51.225
12.725 53.225
13.125 51.275
12.475 51.475
14.825 48.925
8.175 48.625
8.775 53.275
12.675 53.125
10.625 52.775
14.725 50.925
12.625 49.425
8.025 51.525
8.975 53.925
7.425 47.475
9.625 47.925
6.875 52.475
14.275 49.425
8.425 49.875
10.325 50.875
9.175 49.575
7.725 51.425
11.075 51.625
14.475 52.275
10.925 47.925
14.325 48.925
6.425 48.425
10.825 53.875
14.825 51.925
13.375 48.325
12.425 52.525
6.575 49.075
13.225 50.275
6.025 52.225
11.425 50.875
8.275 47.275
6.075 51.175
9.575 54.575
12.025 48.925
8.475 47.275
10.475 48.575
7.375 49.725
10.925 48.475
13.525 47.325
8.525 47.825
14.875 50.525
5.875 53.125
7.875 53.625
9.675 54.625
7.825 49.875
6.425 51.525
9.275 54.925
12.275 52.275
14.625 52.425
11.975 53.625
10.475 50.825
7.325 47.475
10.325 52.025
6.575 53.425
10.525 54.325
9.725 50.125
13.425 49.175
6.825 48.825
6.975 47.775
12.325 51.975
10.875 52.575
14.125 48.425
12.325 49.725
14.175 52.125
12.125 53.975
5.775 52.125
6.575 50.775
12.275 52.925
11.375 47.975
8.775 48.425
8.325 48.175
14.425 49.425
12.775 53.725
9.225 51.375
13.225 52.675
9.425 51.075
12.125 50.725
12.575 53.875
7.825 52.475
9.625 49.075
6.025 52.175
9.225 48.975
8.925 48.075
15.225 49.875
14.525 51.225
14.075 51.425
14.275 49.325
14.425 52.425
8.375 48.425
11.275 47.675
6.825 48.475
13.725 51.575
12.275 53.525
10.675 50.125
13.675 51.775
10.025 48.025
14.925 53.275
8.375 49.325
11.775 49.225
12.025 52.675
7.875 48.275
10.225 49.325
11.975 49.425
12.225 53.575
10.775 53.675
10.975 53.525
11.975 47.775
10.325 50.925
14.275 51.775
12.475 52.625
8.875 51.425
9.625 50.775
12.975 53.575
7.025 49.875
8.675 52.625
10.125 47.675
7.725 49.775
10.175 52.525
14.725 48.525
15.025 50.075
6.675 49.875
8.125 52.175
10.475 51.875
9.025 48.475
9.575 50.325
7.325 50.975
7.575 49.975
9.975 53.575
5.925 47.575
11.475 52.525
10.675 48.625
11.775 53.225
13.825 53.775
14.125 50.275
12.325 52.725
14.475 50.475
8.525 48.075
11.925 50.225
15.025 50.475
15.175 48.975
11.575 48.375
10.075 47.475
12.325 49.875
11.275 50.775
6.175 52.825
13.975 53.325
11.375 52.225
10.525 50.375
14.725 52.625
12.825 54.175
12.325 49.525
10.375 48.125
12.025 49.725
8.375 49.625
13.975 52.375
9.625 50.275
14.075 50.675
7.675 49.925
10.775 51.575
11.575 49.775
12.275 53.725
15.025 48.325
14.075 49.025
9.625 52.875
7.925 47.575
7.025 47.775
13.025 50.225
8.875 49.875
9.075 47.375
6.475 53.325
10.975 50.275
11.875 55.025
13.975 51.225
6.675 50.275
9.475 49.275
7.425 51.275
8.975 50.325
6.925 52.575
14.275 48.325
6.575 53.225
10.975 48.475
10.775 53.525
12.775 51.725
12.875 50.825
6.825 49.925
14.575 53.025
14.125 51.575
11.125 53.375
10.025 49.425
13.925 51.375
6.875 51.725
10.525 48.975
9.775 52.775
6.525 52.325
6.875 49.625
8.125 50.475
8.675 48.825
10.525 53.975
7.225 51.425
5.975 48.675
12.525 48.675
11.125 47.925
10.875 48.425
11.725 48.425
14.125 53.875
5.975 48.125
9.125 48.275
9.175 47.925
7.125 47.925
12.075 49.775
8.775 50.425
9.175 54.475
7.975 48.475
7.625 53.625
12.475 48.025
8.725 51.875
9.125 49.575
6.775 49.525
13.025 48.875
14.925 52.025
13.825 53.225
8.375 50.625
11.575 53.775
8.825 48.225
6.475 48.275
9.275 54.125
13.225 53.875
13.275 52.875
11.625 51.475
8.225 51.025
7.825 50.975
8.225 48.525
6.775 52.375
12.375 48.625
8.025 50.325
11.825 55.125
9.225 51.925
11.425 48.225
9.425 55.175
13.375 48.175
13.675 51.325
11.775 48.275
8.325 48.525
8.475 48.925
10.725 49.675
14.925 51.375
13.025 51.825
10.975 54.325
8.525 52.575
12.375 49.025
7.675 52.575
13.175 51.375
14.575 52.325
10.525 49.225
10.575 52.475
13.325 48.775
10.425 55.225
6.025 47.825
6.025 52.675
10.125 47.825
12.875 48.975
10.775 49.275
9.775 52.975
11.225 47.875
13.025 47.875
7.875 50.375
11.725 51.275
8.825 50.425
10.025 54.925
9.525 52.525
14.175 52.175
10.775 51.825
7.175 48.425
9.575 49.275
6.225 51.775
10.225 47.625
10.025 48.425
11.825 50.625
14.525 51.125
8.825 49.925
14.125 48.275
13.825 50.425
13.075 51.575
11.125 49.725
13.325 48.025
14.475 49.775
13.625 50.875
6.075 52.125
12.225 49.675
8.875 54.925
6.525 52.775
9.725 50.425
7.675 51.625
11.925 53.025
8.875 48.725
7.125 48.675
10.675 50.575
13.175 50.725
6.275 49.475
12.575 52.475
15.175 53.075
11.775 48.725
12.475 50.925
9.225 50.275
9.775 49.575
14.775 53.175
6.025 48.375
6.775 50.925
6.875 47.775
12.075 55.075
13.875 50.475
11.875 48.575
7.325 47.775
5.775 48.125
7.675 47.725
9.925 51.675
8.025 48.825
11.575 51.225
9.525 49.775
13.275 54.125
10.725 53.925
12.525 51.525
12.575 52.375
9.325 49.375
12.325 50.475
5.825 49.725
11.775 54.025
11.325 51.225
5.975 52.525
11.775 52.225
10.725 50.125
9.125 50.475
5.875 48.175
6.575 52.225
12.075 53.775
14.975 50.025
8.075 47.975
9.875 52.075
10.125 52.075
10.575 49.875
14.425 51.175
11.725 53.225
12.225 50.925
6.775 51.325
12.175 50.225
11.225 49.825
11.825 51.525
7.075 52.575
10.775 49.775
9.725 50.175
13.775 52.375
9.975 52.375
7.225 49.625
13.675 52.325
14.975 49.625
13.175 50.675
7.575 53.375
13.875 51.475
8.525 53.125
8.975 49.725
11.975 52.775
13.475 47.675
10.225 51.225
8.875 51.575
5.775 51.875
12.225 50.625
6.675 52.675
11.775 52.325
6.175 49.975
8.375 50.375
9.125 49.475
12.825 51.075
10.425 54.175
10.225 48.625
12.375 52.725
7.975 50.925
14.725 50.175
8.375 51.375
12.525 52.625
6.975 51.025
12.475 48.225
10.825 51.375
8.925 51.475
6.475 52.375
10.825 49.325
8.725 49.575
12.275 53.575
11.025 50.025
10.125 52.325
9.175 52.225
7.775 53.475
7.275 48.225
13.825 49.625
8.325 49.225
11.475 47.525
13.925 48.825
14.625 52.875
10.075 50.075
7.925 53.375
11.425 53.525
13.175 48.625
11.475 48.125
7.825 48.675
14.225 48.025
9.875 52.875
13.725 52.275
10.025 53.575
9.275 51.125
10.725 52.125
8.975 48.775
12.375 48.925
8.625 52.425
6.425 49.475
8.125 50.675
6.925 49.425
12.675 49.925
13.425 51.225
8.025 47.675
8.475 51.125
13.675 49.075
14.175 50.425
12.625 54.175
10.025 53.625
13.575 53.525
11.725 48.575
11.575 53.025
13.875 50.325
9.225 54.925
9.425 54.475
9.725 53.175
5.825 47.425
11.425 50.675
13.525 53.275
9.925 54.075
10.525 50.775
12.725 49.075
9.725 54.075
9.225 53.275
6.775 47.825
12.425 51.775
10.875 53.675
9.325 51.975
9.575 49.775
5.925 47.275
7.575 47.975
8.975 54.325
13.875 51.675
13.425 50.025
12.225 53.525
8.275 48.325
13.075 50.925
7.725 50.325
13.875 53.175
11.825 50.525
9.025 47.275
5.825 48.225
7.925 49.975
10.425 50.575
5.825 49.775
7.075 52.775
11.175 49.675
7.875 51.825
14.075 52.825
7.825 51.775
10.975 52.275
10.475 51.625
10.875 51.675
12.425 52.125
15.125 52.375
14.325 49.075
10.475 54.175
9.125 53.375
14.875 48.575
14.375 48.175
13.175 49.275
9.175 51.675
10.525 55.175
8.825 52.325
13.225 48.775
14.025 47.525
12.125 50.425
9.775 47.475
14.025 53.225
13.575 48.625
12.625 48.025
11.375 47.425
10.425 51.225
11.275 51.125
9.175 47.375
14.725 48.825
11.375 51.775
9.675 51.575
10.675 48.475
7.225 51.575
13.275 47.375
13.525 49.775
10.225 50.425
12.875 51.975
12.425 51.875
14.925 49.825
12.475 49.825
15.025 50.275
9.975 53.225
8.075 52.675
14.425 50.025
7.875 51.775
14.125 50.425
13.125 52.125
11.525 53.275
6.675 50.675
7.325 49.675
8.275 48.025
5.775 50.775
7.425 51.725
5.875 49.975
11.025 48.225
9.925 54.625
8.425 53.325
10.325 53.175
6.225 48.325
11.575 50.975
7.925 52.275
11.025 51.525
6.125 48.175
6.875 47.575
14.725 53.825
5.775 50.125
14.625 52.775
10.475 51.525
10.825 47.575
14.625 49.025
9.075 50.075
6.125 47.725
14.425 52.975
13.575 52.125
14.325 53.375
14.425 52.225
7.275 47.675
9.575 47.375
9.975 49.425
14.025 51.525
14.675 51.475
9.325 50.375
13.375 51.675
14.825 49.075
9.525 53.525
14.525 48.775
11.375 49.475
11.825 47.575
9.225 50.675
6.575 48.975
12.825 52.125
14.575 49.325
11.325 51.675
13.125 50.775
10.425 54.075
6.325 51.375
10.675 51.075
11.675 52.475
10.175 53.525
11.475 50.475
10.425 53.825
10.175 51.825
9.875 51.075
9.775 49.975
8.425 54.725
13.125 52.225
7.125 51.625
12.425 49.225
12.475 49.675
7.925 50.475
7.925 47.625
12.825 53.925
15.125 48.575
14.375 49.275
6.125 50.275
14.125 51.475
5.975 49.925
9.675 53.175
10.075 54.325
14.225 50.025
7.125 52.175
7.725 47.275
9.925 54.525
9.775 51.525
6.375 50.525
9.775 51.275
9.175 51.125
10.475 48.775
11.325 49.975
9.075 53.025
13.425 53.975
6.075 50.275
7.925 51.425
10.525 53.275
11.725 49.375
11.625 55.225
7.825 52.875
13.375 52.225
9.425 48.275
10.775 49.025
7.375 47.325
11.625 52.375
8.125 51.075
15.125 52.125
8.675 51.875
9.375 48.425
15.225 49.425
11.075 50.625
13.475 48.125
14.825 52.725
13.875 51.975
5.825 50.225
9.375 49.225
6.125 47.325
15.125 47.975
8.125 49.225
12.275 49.025
10.825 50.175
7.075 52.925
9.075 53.125
11.575 51.675
13.875 51.575
14.125 50.925
15.125 53.625
13.725 53.325
14.975 53.425
6.475 48.825
5.925 49.375
7.975 52.725
12.875 49.575
9.825 49.975
8.475 47.975
7.225 48.225
13.525 48.025
12.325 47.975
8.725 48.275
12.325 47.325
5.925 52.275
8.825 48.425
14.875 53.025
11.125 51.225
12.975 49.875
10.075 49.675
13.575 47.525
10.425 54.375
15.225 51.375
14.375 47.375
6.625 51.125
14.975 50.625
13.325 47.575
13.775 50.875
5.975 48.025
11.275 51.725
6.125 53.325
10.825 47.975
12.375 47.525
14.275 47.675
11.075 51.025
7.575 47.575
10.475 48.725
7.525 49.325
14.625 53.675
10.875 53.525
9.225 48.875
8.025 53.375
13.425 47.675
13.875 50.225
8.375 47.375
9.075 53.625
9.225 48.075
6.325 48.625
6.125 50.475
14.625 48.075
11.825 52.875
7.425 50.875
13.125 53.775
10.625 51.775
12.075 51.125
12.275 53.775
12.375 51.075
8.925 50.475
15.025 53.325
10.275 48.725
8.575 49.925
12.125 49.125
12.625 47.625
10.675 51.375
7.575 53.425
9.275 49.575
9.925 53.975
9.525 51.925
8.825 50.375
7.575 49.925
7.475 48.875
7.375 48.025
14.225 50.725
9.425 55.025
7.125 53.575
11.025 53.375
10.675 49.725
13.925 48.075
12.375 48.375
11.575 53.225
13.125 49.025
14.025 53.025
6.175 51.825
14.025 52.775
9.775 49.225
11.575 47.375
13.775 50.725
8.175 52.825
11.125 48.875
11.075 50.825
6.675 49.125
7.375 53.225
11.325 51.375
5.875 48.275
11.275 53.675
11.625 48.975
13.325 47.675
6.625 48.125
8.375 50.425
14.925 50.475
12.725 50.825
7.575 52.675
12.625 47.875
14.225 51.325
14.575 53.725
10.275 51.775
9.475 47.725
6.475 50.975
10.725 51.525
8.625 50.125
6.825 50.225
11.375 49.375
14.675 51.175
8.075 50.225
12.775 50.125
14.875 53.475
9.575 47.425
11.475 52.875
9.975 47.325
10.575 50.425
7.875 51.225
6.525 50.125
8.875 50.075
9.475 50.575
13.775 47.975
6.875 47.625
13.075 49.425
8.975 52.225
9.175 51.975
14.525 53.075
14.325 53.275
12.825 47.825
11.725 51.075
7.225 47.475
14.825 47.775
11.975 53.975
7.075 53.225
10.625 50.575
6.025 47.675
7.575 51.425
13.425 48.575
14.075 52.125
14.775 50.175
6.925 53.325
9.075 55.175
8.275 47.475
11.275 49.625
12.675 54.075
10.425 53.975
7.375 51.625
11.025 53.675
11.825 51.175
13.575 53.625
9.775 47.875
8.875 49.825
12.575 52.325
6.825 50.575
14.025 50.625
9.675 48.775
12.375 50.825
6.975 52.625
12.175 50.825
8.275 49.825
10.775 51.475
15.225 47.525
8.325 52.575
7.425 53.225
14.425 47.925
9.875 54.325
7.425 48.575
10.475 49.575
12.475 52.175
10.125 52.625
11.075 54.375
9.475 51.575
8.475 51.225
15.025 48.075
7.075 50.375
14.675 49.575
11.925 47.925
15.225 48.825
13.375 52.775
11.175 51.525
8.275 47.375
6.825 47.675
9.025 47.975
7.025 52.375
13.275 53.425
15.075 50.725
8.725 47.625
9.475 53.475
13.875 49.475
7.825 52.225
7.725 50.475
15.175 54.075
8.325 48.675
7.725 51.675
13.225 51.825
12.325 50.225
6.075 47.875
11.375 50.025
6.625 48.475
13.325 51.075
14.625 51.325
14.475 50.975
12.925 50.025
6.975 51.975
7.675 51.675
11.125 48.125
15.025 52.075
9.675 54.425
5.925 50.475
10.775 50.175
12.775 49.125
8.175 49.525
13.325 49.425
7.775 52.925
6.825 53.375
8.925 50.325
8.775 48.975
10.825 50.925
7.525 50.525
6.775 50.325
15.125 48.725
5.875 50.725
14.425 50.625
8.525 47.925
14.725 51.125
12.975 48.725
14.775 50.925
14.475 51.275
9.025 50.125
14.425 53.325
13.675 49.275
13.975 52.775
7.175 53.425
6.525 53.025
11.875 50.225
5.775 52.825
14.075 49.075
13.225 48.625
13.025 51.375
14.675 47.975
12.275 48.225
5.825 50.275
6.325 49.025
9.375 54.525
13.775 53.125
13.925 47.325
6.725 52.825
14.725 48.175
10.675 52.025
8.175 48.375
9.175 47.975
8.175 51.875
12.375 50.625
11.925 53.925
11.425 52.425
13.125 49.575
7.075 51.475
14.425 49.875
7.525 52.975
6.875 49.175
12.325 51.675
6.575 47.525
11.875 50.025
14.575 52.725
9.175 54.725
11.075 50.875
8.475 47.525
11.275 52.825
8.125 51.725
11.275 52.125
8.675 52.825
6.125 48.825
7.125 52.725
6.825 49.425
12.425 50.225
8.575 52.175
7.575 52.275
9.075 51.975
14.275 47.725
7.325 52.575
7.725 53.425
12.725 54.225
13.225 48.425
10.725 52.275
6.025 49.975
10.275 52.275
15.225 48.575
11.625 52.425
6.425 49.775
7.825 50.725
5.925 48.625
9.525 48.775
9.575 52.225
11.675 53.825
7.725 52.675
13.975 52.675
12.425 47.825
8.125 49.775
8.425 52.075
10.575 51.875
7.625 51.675
8.525 52.725
9.725 51.275
10.675 55.225
15.225 50.375
11.575 50.425
10.225 50.725
10.925 49.175
12.275 50.525
12.875 49.925
10.325 47.425
9.225 47.975
6.025 48.275
6.225 48.175
12.375 53.925
8.975 48.025
5.775 51.175
13.375 49.525
11.975 52.825
5.975 47.975
9.925 54.675
15.025 53.825
9.025 52.875
12.475 49.425
6.325 51.975
12.425 51.275
6.875 52.625
14.875 47.275
10.775 54.975
9.775 53.575
5.775 52.375
6.675 52.425
5.775 49.825
13.425 49.225
13.525 53.925
11.275 53.125
10.975 49.775
14.275 49.625
13.525 49.175
13.925 52.025
8.575 53.025
10.275 50.825
13.125 50.875
6.775 50.775
6.875 51.025
13.375 50.625
10.375 47.475
6.425 49.725
13.775 52.075
5.925 48.925
12.475 50.575
15.075 53.925
10.975 51.675
14.825 50.125
8.875 49.775
13.075 49.775
11.525 53.525
14.075 53.275
13.175 50.375
7.625 53.475
7.425 50.225
12.925 49.775
9.325 47.725
11.525 50.675
11.975 52.375
8.075 48.725
7.975 50.425
11.525 49.525
11.475 54.675
9.825 54.725
14.025 53.125
9.375 54.575
12.225 52.875
14.075 52.875
8.275 48.125
14.225 49.125
6.025 47.775
11.975 48.725
9.925 48.325
10.025 50.425
14.875 47.775
10.325 53.875
8.075 53.575
8.425 47.625
14.975 50.225
7.675 52.825
7.675 50.225
7.525 53.375
14.075 50.975
11.775 53.125
10.525 52.925
10.475 53.925
10.875 53.825
7.975 48.025
5.925 53.075
9.525 52.225
13.425 49.275
13.475 48.725
12.425 48.525
10.225 52.675
7.025 50.125
7.525 49.525
6.975 52.675
9.575 50.225
12.075 52.525
12.675 48.725
13.725 48.425
11.275 49.525
5.775 50.175
10.325 47.525
14.875 47.375
8.825 50.275
5.875 50.925
13.675 50.425
9.025 48.275
7.675 48.125
9.925 47.875
9.325 51.025
6.325 49.325
11.575 47.625
13.675 48.725
9.725 49.675
9.075 54.225
8.525 53.225
12.725 49.175
8.875 52.225
11.775 47.625
10.375 48.925
14.875 47.425
5.975 51.175
7.125 51.275
13.825 48.325
14.525 49.775
7.975 53.425
14.525 51.925
10.525 49.125
6.625 48.425
11.875 54.775
12.725 49.025
9.075 52.475
13.175 47.525
9.125 50.325
8.175 51.225
12.225 53.775
13.975 50.025
9.375 53.925
12.225 50.375
7.125 51.875
6.375 47.625
12.025 52.275
8.125 48.375
7.975 49.325
13.175 50.175
7.125 53.375
12.525 47.725
8.925 48.825
8.025 53.575
13.675 47.775
10.875 54.275
14.775 49.425
6.325 48.125
11.975 49.975
8.275 52.625
11.575 47.975
13.125 47.725
13.225 49.775
13.275 47.275
12.625 49.925
9.775 49.475
9.475 53.425
14.325 52.875
7.125 50.975
12.125 47.275
9.325 53.125
10.175 47.725
14.825 48.075
9.675 54.575
14.475 53.475
6.975 47.625
10.875 51.425
11.025 50.325
8.925 53.425
14.925 47.625
10.725 53.125
13.525 53.175
8.825 49.175
13.375 53.025
6.225 49.475
9.975 48.275
7.825 48.275
10.925 50.575
11.825 52.225
8.625 50.425
10.475 55.125
7.225 47.425
8.525 47.325
8.575 49.675
11.175 49.575
5.825 49.425
11.275 54.775
9.275 51.925
13.025 50.475
8.375 51.925
9.075 49.475
12.175 52.775
9.175 51.025
15.125 51.175
10.125 52.125
7.225 51.375
12.525 51.425
10.975 51.575
7.375 52.525
11.075 50.175
11.825 49.425
13.725 49.275
6.475 51.875
7.775 47.475
11.775 49.925
11.575 53.625
14.225 51.575
7.225 49.825
14.775 50.625
6.875 49.225
9.775 51.025
6.925 49.875
12.725 50.225
13.625 52.275
14.125 47.875
7.225 52.325
8.225 48.775
12.675 50.475
10.275 49.225
14.725 48.475
13.275 50.375
9.625 54.475
8.275 49.175
7.575 49.575
6.475 52.025
10.525 49.175
10.125 51.275
12.875 49.775
13.275 52.175
5.775 50.525
15.075 49.325
11.075 50.675
12.925 47.525
9.725 49.625
6.025 48.775
9.075 50.675
8.125 53.075
9.825 53.825
11.325 50.225
7.775 47.425
6.675 48.875
10.775 49.925
6.925 47.975
13.025 53.125
10.375 51.875
5.825 53.325
12.125 47.475
12.625 49.525
8.725 50.975
13.675 49.875
7.975 52.925
10.275 54.075
8.425 51.925
7.925 47.675
8.975 48.925
9.325 53.175
13.425 47.625
11.925 50.575
15.125 49.675
14.475 49.175
14.125 53.725
6.425 50.175
8.425 50.475
13.225 53.325
12.225 48.975
11.275 47.975
9.675 48.125
12.775 52.125
13.225 51.125
12.175 47.825
8.575 49.975
6.075 51.225
8.875 52.825
8.625 51.075
5.775 52.675
14.075 52.575
13.775 53.675
12.675 50.575
11.125 52.475
13.875 47.575
14.975 49.275
8.375 50.025
8.625 52.775
14.175 50.275
9.275 48.825
13.925 53.875
9.525 50.975
5.975 52.575
13.125 47.825
14.675 53.975
9.275 50.175
12.575 53.375
14.875 49.075
11.775 52.675
8.575 52.675
10.325 47.275
14.125 47.725
10.425 50.125
7.025 51.525
8.875 48.225
13.875 47.725
12.125 55.075
15.175 48.075
15.175 51.575
9.625 48.375
12.975 48.825
12.025 51.575
10.975 49.925
12.575 49.825
6.875 52.325
8.975 52.625
11.475 50.225
8.025 53.275
10.825 53.475
12.925 53.875
10.425 50.475
11.225 48.825
9.525 54.025
8.325 49.725
11.725 50.225
6.825 49.275
9.325 54.825
13.825 48.125
11.475 49.175
10.675 53.925
6.325 49.925
9.175 47.825
13.775 52.875
10.925 53.275
14.975 47.275
7.625 48.525
7.375 50.675
11.225 51.475
10.425 48.775
12.775 54.375
6.425 48.525
7.975 51.625
9.925 48.925
7.625 48.025
14.025 49.475
13.375 51.475
9.025 52.325
13.175 53.725
7.175 48.075
10.125 53.575
11.125 49.275
11.225 48.675
7.875 51.875
11.475 51.975
8.375 49.475
12.575 49.775
12.475 50.725
12.475 53.625
11.675 53.975
6.775 51.125
11.525 53.775
11.375 51.975
10.175 55.175
14.675 50.175
14.175 50.025
6.675 52.775
12.125 49.725
12.625 52.375
11.625 53.375
15.025 48.625
10.025 47.525
14.925 51.525
8.825 49.725
11.675 52.825
6.225 49.625
14.425 52.775
11.125 52.775
11.175 48.825
13.875 49.175
9.225 54.825
9.625 51.425
13.725 53.625
14.975 54.025
9.425 54.375
11.725 48.825
9.175 49.425
7.475 50.925
11.775 54.875
15.025 51.175
14.575 48.175
13.775 53.625
6.625 51.075
13.575 51.075
7.725 52.125
10.375 51.975
7.425 49.575
11.175 48.325
12.425 53.025
11.525 48.275
13.225 52.125
8.225 48.025
14.025 48.225
9.125 54.925
11.925 52.475
12.375 49.475
12.375 52.475
10.075 52.375
5.925 50.075
14.725 47.625
11.725 47.575
13.275 53.475
9.775 53.525
6.675 49.075
6.025 49.125
13.475 50.125
10.275 48.375
6.325 52.525
15.025 50.575
9.375 48.075
8.875 55.175
9.225 53.675
6.875 49.125
8.525 48.225
11.925 49.125
6.875 53.325
8.725 53.075
9.325 47.325
14.175 53.025
11.825 49.825
12.575 51.825
13.525 49.675
15.125 50.125
10.175 53.975
6.375 52.575
8.025 51.675
6.525 47.425
9.575 52.875
8.025 52.925
7.475 52.875
9.125 55.025
15.125 48.025
7.875 53.125
13.275 51.725
14.975 53.475
12.875 51.275
12.975 51.475
8.875 49.475
12.075 51.275
14.225 52.375
9.175 47.775
13.325 50.325
12.225 50.275
7.075 48.925
5.825 47.325
8.625 53.325
8.875 47.425
9.625 49.975
12.675 50.675
13.225 54.025
13.625 53.675
9.025 54.225
9.175 53.825
6.025 53.075
9.225 54.375
11.075 51.675
12.975 53.475
7.075 47.325
10.675 47.925
13.775 52.125
12.825 49.825
10.825 48.625
8.325 51.375
10.075 52.275
13.025 49.725
8.575 49.075
14.125 48.475
9.425 48.725
14.075 53.125
13.625 54.575
9.575 50.625
13.675 53.575
13.625 51.425
9.625 47.575
10.125 49.875
8.925 53.225
10.775 48.225
10.475 53.425
8.525 50.025
11.025 48.625
5.975 50.675
12.625 51.975
9.475 52.875
11.475 53.075
13.075 50.025
5.975 51.375
14.525 50.225
12.225 51.875
8.575 50.775
6.225 48.675
10.925 52.925
12.525 53.475
13.575 48.375
14.975 53.825
9.425 53.425
5.875 50.875
7.275 48.175
10.825 48.275
12.875 53.375
13.575 54.525
14.675 48.775
13.225 51.675
7.425 50.075
7.125 52.625
15.225 48.425
10.175 53.875
9.975 47.525
10.625 52.225
12.625 47.725
7.475 49.625
12.625 47.425
10.025 48.175
14.375 52.125
11.825 53.225
14.175 51.075
6.975 51.875
6.525 50.275
8.275 47.975
6.275 48.025
11.925 53.475
8.225 48.375
7.775 49.325
14.475 53.125
7.625 48.375
7.675 48.425
11.375 50.125
9.725 48.425
12.175 51.075
6.875 48.325
12.875 49.425
12.925 50.525
15.225 48.225
9.975 47.575
12.125 52.525
13.125 51.825
13.125 53.825
11.875 49.375
10.175 53.925
11.475 51.525
7.225 52.575
9.975 53.525
13.775 49.425
7.925 48.725
5.875 51.925
8.025 49.325
12.525 49.025
11.375 52.275
6.875 53.275
12.575 53.975
12.275 48.725
9.875 52.775
9.775 51.325
14.675 49.875
8.375 49.925
14.925 47.575
7.725 51.475
10.925 50.325
8.925 47.675
5.975 53.175
6.475 53.275
10.275 51.625
7.875 50.975
14.775 53.075
12.875 48.375
7.625 52.425
13.175 50.225
6.375 49.325
9.675 55.225
7.875 47.725
6.725 49.775
8.025 53.475
13.375 51.625
12.175 53.275
12.925 49.375
11.225 54.725
13.625 48.875
14.325 47.925
9.575 50.925
12.675 48.475
12.025 55.225
9.425 49.025
12.575 54.425
14.825 52.125
15.075 50.375
13.875 50.675
6.725 49.525
5.875 49.675
13.875 49.725
8.875 52.625
12.525 49.225
11.175 48.425
5.825 48.625
5.925 53.025
7.675 52.425
13.875 52.475
13.725 52.525
12.475 47.325
12.275 51.425
9.825 51.325
14.725 48.575
7.025 49.175
7.375 53.425
6.775 52.425
5.875 51.275
6.975 50.025
8.775 52.825
11.575 53.725
11.475 53.175
11.625 50.675
7.425 48.325
6.025 49.575
15.225 53.725
14.725 50.875
12.075 47.925
13.525 54.075
9.975 53.625
14.075 52.725
9.325 49.225
11.175 48.525
11.425 49.225
13.875 49.075
9.775 50.975
15.175 47.375
13.675 52.225
11.525 51.575
10.725 51.375
6.175 48.725
14.025 49.325
8.625 52.625
12.675 52.175
6.025 51.225
9.475 55.175
11.175 53.375
9.375 50.375
12.525 52.775
13.925 48.375
11.925 52.025
8.025 50.775
10.025 52.475
6.175 52.475
14.975 48.225
7.425 52.375
10.075 51.825
13.475 50.825
8.225 48.425
6.225 50.225
10.575 50.375
10.375 50.525
13.225 53.825
9.275 48.325
9.025 55.075
6.025 49.175
11.325 50.075
5.925 53.325
10.975 48.675
6.225 51.475
11.125 49.475
12.075 52.875
6.575 47.375
10.275 47.975
5.925 52.175
14.475 48.425
11.175 52.775
12.525 47.775
12.925 49.625
7.925 50.825
13.475 48.225
13.375 47.375
7.175 53.525
6.725 48.325
14.675 51.275
14.575 47.675
6.675 53.125
7.175 49.175
13.725 47.525
6.925 48.325
10.125 49.225
14.125 48.725
10.475 47.775
14.975 48.975
10.175 52.425
6.725 49.325
11.675 51.575
10.625 51.175
10.425 53.325
14.475 51.825
9.225 47.875
5.975 48.725
14.125 51.225
8.175 48.275
10.275 49.325
6.375 52.175
13.575 48.825
9.325 53.275
7.025 51.925
11.125 48.325
6.825 49.525
13.975 49.125
8.625 47.675
7.375 51.825
6.125 50.575
8.775 52.925
12.475 48.175
7.075 47.275
6.475 50.775
11.875 54.025
15.125 51.025
6.275 49.225
10.175 47.575
9.325 49.725
10.175 48.475
15.175 52.275
9.575 47.325
9.075 53.075
10.175 50.875
8.775 48.775
6.875 52.525
6.925 53.025
8.225 51.175
13.675 48.275
12.875 53.225
6.625 49.375
6.275 53.225
6.275 51.625
13.725 49.375
8.425 53.425
10.975 52.825
10.825 47.775
13.075 54.125
15.125 50.675
14.425 49.925
12.275 50.575
9.275 51.575
11.325 48.925
8.775 51.425
5.925 47.525
10.825 49.925
8.075 47.625
14.125 48.925
10.475 51.475
9.025 48.425
7.925 48.425
9.625 53.375
7.775 53.275
10.425 52.975
10.425 52.825
6.725 50.125
11.425 50.575
9.925 51.525
5.975 49.675
14.475 50.875
7.775 53.375
12.225 51.525
11.025 49.175
7.625 48.475
11.875 47.925
8.375 50.725
14.075 50.025
7.825 52.425
10.425 49.575
11.625 53.925
10.925 47.675
9.575 47.975
13.975 48.675
11.475 49.925
14.075 52.625
13.825 54.075
5.775 50.925
8.775 50.975
14.025 50.975
12.425 53.725
13.125 53.975
9.225 53.425
14.725 50.375
5.925 49.725
13.175 51.575
11.375 47.875
12.325 54.275
7.125 51.925
12.075 49.875
6.075 48.375
10.275 55.175
10.475 50.575
13.925 50.975
10.325 54.075
6.475 50.625
9.225 54.325
7.475 50.275
9.075 54.125
12.025 50.975
9.875 54.075
15.075 51.975
5.925 49.975
11.825 51.475
10.075 51.925
14.625 51.175
11.075 48.625
9.475 47.325
9.825 52.175
9.225 50.175
6.625 51.025
9.125 52.275
7.625 48.575
8.025 48.625
9.225 52.675
7.425 50.025
7.325 49.775
14.175 52.425
15.125 49.025
7.725 50.725
9.975 50.925
7.825 53.025
11.525 53.225
12.075 52.325
10.625 50.525
6.175 48.375
6.125 50.375
7.025 48.625
9.775 51.925
14.075 53.075
10.325 54.375
9.075 49.675
9.075 48.125
11.825 52.475
14.725 52.775
8.425 52.925
7.925 52.025
6.575 52.525
6.875 50.825
13.825 52.275
13.025 47.675
6.925 51.825
5.825 51.175
7.325 50.775
12.125 52.975
6.375 48.025
13.525 51.625
12.525 48.575
12.075 51.925
11.275 47.875
10.925 53.825
6.375 47.425
12.575 51.975
10.725 53.675
10.775 47.775
11.575 53.925
8.025 48.225
6.875 51.375
13.725 50.825
12.525 53.325
9.375 47.425
7.975 53.675
12.525 48.625
6.825 49.175
9.875 50.575
6.025 50.425
13.325 53.575
14.675 49.825
7.675 48.375
8.475 49.825
13.075 48.325
8.575 50.575
9.075 53.475
9.075 52.425
13.575 52.475
12.775 52.725
8.875 54.675
8.625 54.325
9.775 47.775
10.275 51.725
8.825 48.125
6.625 47.675
7.475 50.825
8.075 49.275
15.175 53.575
5.825 52.375
7.425 49.025
10.875 53.275
7.325 53.625
13.075 47.825
8.875 48.025
12.225 53.825
10.225 53.775
8.275 52.025
14.775 55.175
6.475 51.475
5.775 47.475
12.175 53.825
12.925 51.925
9.225 55.225
11.775 50.275
7.075 53.375
11.675 47.525
13.675 52.775
12.175 54.075
14.875 53.325
7.975 52.275
10.475 47.525
11.275 50.125
11.475 52.425
7.675 47.625
9.975 47.975
12.825 48.125
10.275 49.725
7.175 50.975
9.575 51.525
12.125 48.475
13.325 48.975
6.275 47.875
6.725 48.925
10.575 53.325
7.325 51.825
14.525 52.425
11.325 53.325
5.775 47.875
10.175 50.475
11.075 51.925
8.575 47.725
13.325 52.075
13.475 53.225
7.825 50.275
14.275 47.825
14.475 48.875
8.225 51.075
13.975 49.675
14.925 47.875
10.925 50.675
11.075 53.025
8.675 52.875
11.825 52.425
14.425 53.175
7.275 51.275
11.825 48.775
10.525 53.075
5.925 49.475
11.775 48.175
15.025 47.525
9.075 50.425
14.925 47.775
10.575 53.425
7.675 48.975
11.825 51.225
12.325 48.375
6.175 53.025
10.675 51.725
12.825 47.725
10.325 49.275
8.375 49.275
11.675 53.375
8.975 54.675
8.475 49.225
10.025 47.725
9.775 52.175
11.825 51.425
6.775 47.275
10.625 53.125
14.975 49.525
7.475 49.525
8.675 49.875
14.275 48.125
8.375 49.875
14.625 48.825
10.875 50.675
11.475 52.275
7.125 51.375
13.825 53.025
15.175 47.525
14.425 48.425
10.825 54.275
14.175 52.625
14.375 53.325
6.975 49.425
12.675 47.475
12.475 51.225
13.725 47.675
6.425 51.975
7.575 52.525
8.075 47.525
6.675 53.025
11.975 49.875
7.225 51.125
10.825 53.825
12.025 51.825
8.125 47.775
14.425 48.325
8.925 50.175
15.075 49.775
6.475 49.825
11.825 54.025
13.675 53.025
5.925 52.675
12.925 47.425
11.025 51.325
6.975 48.625
9.525 48.825
12.225 52.575
8.075 50.925
15.025 52.775
15.225 53.825
8.325 48.275
12.875 53.775
10.325 48.925
8.725 51.675
12.525 53.625
11.925 48.025
12.325 51.725
6.475 50.075
10.825 47.375
5.825 52.075
7.325 52.825
11.075 54.475
7.875 48.025
12.025 51.225
8.375 51.825
14.675 48.925
8.225 48.125
8.075 49.825
12.125 51.575
7.525 47.875
13.575 48.525
12.625 50.475
13.525 51.025
9.475 53.175
7.425 48.475
6.525 49.325
10.225 48.875
12.025 48.875
10.725 51.925
14.425 52.375
6.375 52.875
10.375 50.975
13.475 47.325
9.725 51.125
8.725 50.475
11.625 50.425
9.075 54.025
7.025 49.575
10.875 53.375
14.275 49.025
13.225 48.075
13.075 48.725
8.175 48.175
13.175 48.975
6.025 49.775
6.725 53.425
6.925 51.625
13.575 50.325
13.775 50.125
12.975 52.225
9.425 51.925
12.875 50.225
6.975 52.825
8.025 48.375
7.575 51.325
9.575 48.675
11.825 53.875
14.575 49.025
12.675 52.975
6.925 48.225
6.975 47.975
6.275 47.975
7.275 50.025
14.525 47.475
11.825 50.425
10.525 48.925
13.625 53.525
8.525 50.875
10.475 50.325
14.075 47.625
13.325 50.725
11.175 51.725
9.825 47.275
14.975 48.825
7.125 47.375
15.075 48.575
12.275 52.975
10.825 54.225
9.425 53.975
8.275 52.925
10.875 51.025
8.325 47.275
12.625 47.825
10.475 52.575
15.175 50.625
7.375 52.425
11.425 50.475
5.925 48.975
8.575 53.725
11.275 51.675
9.475 48.675
9.725 54.475
14.375 51.075
14.875 50.325
8.375 50.675
7.475 50.975
6.875 49.775
11.625 52.225
10.725 50.825
11.525 49.825
13.925 52.875
14.725 53.475
6.525 48.525
7.075 48.625
9.725 48.775
14.575 52.275
7.475 51.375
13.125 53.175
8.275 51.925
11.225 47.725
6.125 49.825
8.825 53.525
12.425 49.375
12.225 51.475
15.175 50.475
9.675 52.925
9.225 54.975
8.825 52.525
11.225 53.625
8.625 49.225
15.225 53.225
8.125 52.525
14.075 53.025
7.725 47.375
14.875 48.625
14.275 52.575
9.325 53.925
7.575 48.825
9.025 51.675
12.175 49.925
9.125 51.975
10.725 50.175
12.525 48.075
9.125 48.875
10.575 50.725
14.375 49.975
10.525 52.625
14.925 55.075
9.075 54.725
6.175 51.625
9.975 54.325
12.625 50.425
10.325 55.175
14.925 49.725
11.975 52.025
15.225 50.225
9.875 53.625
6.075 49.575
15.225 50.325
9.825 53.625
10.725 47.575
9.375 52.425
9.625 49.325
14.175 49.875
7.725 49.575
12.225 51.925
7.775 52.425
9.375 50.975
14.825 52.675
13.875 48.875
13.025 52.725
14.775 50.125
11.775 48.675
6.175 47.875
9.025 51.975
9.225 53.475
10.425 48.625
6.725 51.725
11.825 50.775
12.325 49.325
7.175 48.975
8.625 47.725
6.075 53.175
8.725 50.375
12.475 52.925
6.975 49.675
7.425 53.525
14.825 47.575
7.875 50.225
8.825 50.675
9.825 50.325
9.025 50.375
12.325 51.275
11.975 47.475
12.925 51.775
10.475 51.975
10.275 49.175
14.875 48.175
8.425 52.025
12.225 54.925
15.175 50.975
12.475 50.825
10.675 52.675
10.575 47.375
11.625 50.625
14.475 50.325
12.775 51.775
6.475 52.175
10.175 51.625
10.425 53.675
6.875 51.275
6.375 49.825
15.175 48.425
9.225 48.675
12.075 52.825
7.225 51.775
9.525 48.925
10.675 48.025
14.325 48.475
8.125 47.625
10.975 52.475
10.475 51.725
8.725 52.425
13.925 51.525
10.125 53.675
10.525 47.675
6.875 49.675
9.325 51.125
13.325 49.575
8.425 48.025
14.375 50.125
9.425 51.475
7.875 49.225
14.325 47.675
7.525 50.575
11.875 47.425
14.725 50.775
15.175 49.325
9.825 50.975
12.725 53.025
11.375 54.825
10.075 54.275
8.925 50.025
7.775 49.875
8.075 50.575
6.725 51.825
9.675 49.725
6.675 47.575
6.125 49.975
6.875 48.825
12.725 51.325
10.875 52.475
9.375 54.175
6.225 50.525
8.075 48.975
9.775 50.775
14.475 47.725
11.825 49.675
8.175 50.275
13.275 49.825
13.175 49.125
7.975 48.925
14.725 48.725
10.275 49.425
9.175 50.975
13.625 48.725
12.225 48.825
13.025 50.325
9.825 47.675
14.825 50.525
10.475 47.975
9.825 48.675
14.375 52.825
7.975 47.525
13.375 51.925
13.025 53.325
10.725 47.375
10.975 52.125
8.475 48.825
11.175 53.525
10.675 50.875
10.475 52.375
11.275 50.625
8.725 48.225
8.925 47.475
15.175 51.225
14.625 50.625
10.975 48.975
11.225 48.575
8.775 50.625
5.975 53.075
7.225 51.325
14.425 51.725
8.175 53.375
12.875 48.275
11.925 55.075
11.825 49.125
15.075 53.225
13.525 51.425
8.425 53.125
14.775 49.175
15.225 49.725
6.275 53.075
13.825 51.975
13.675 48.425
8.825 52.975
8.725 52.825
8.925 50.275
14.775 50.275
7.475 48.325
8.075 51.025
7.475 51.225
13.125 49.325
6.225 50.475
13.575 54.025
14.125 52.425
13.675 53.275
14.575 48.875
7.225 50.125
14.075 51.475
6.225 53.325
14.825 49.525
10.375 49.925
8.925 48.675
10.475 51.925
14.925 50.775
10.775 50.775
13.225 52.625
6.075 53.125
5.825 48.875
6.225 52.175
14.625 47.575
14.825 47.675
13.475 49.775
7.975 52.225
7.875 53.475
13.775 53.575
10.775 51.425
6.675 49.325
7.875 52.625
7.425 49.325
8.525 49.425
14.025 49.975
8.775 49.675
15.225 50.975
6.325 51.475
11.475 50.175
7.825 49.475
12.575 49.675
11.975 50.825
5.925 52.375
5.775 51.225
8.675 51.775
8.575 48.725
7.375 50.075
14.375 53.675
10.975 51.875
13.025 51.525
9.175 48.675
6.925 50.475
9.225 53.125
11.025 51.175
12.825 49.525
7.425 53.075
14.675 49.975
7.825 50.175
12.825 51.975
9.875 49.525
8.825 49.575
7.625 52.675
7.325 53.075
11.925 49.525
6.875 51.525
6.475 51.675
9.825 50.275
8.725 52.575
8.825 47.275
14.475 50.175
10.875 49.125
12.475 52.475
8.925 48.775
8.775 50.175
14.275 50.575
8.675 53.875
8.425 48.975
6.425 47.575
8.975 48.625
7.725 49.125
10.475 47.725
6.575 52.775
10.125 51.475
12.125 54.025
10.475 52.425
8.625 48.175
6.425 51.775
7.125 51.975
13.975 48.875
9.325 48.225
9.575 50.975
11.975 53.125
13.575 53.775
6.875 53.175
9.975 49.375
7.625 49.375
8.125 52.375
7.025 52.825
11.725 50.325
15.125 53.525
6.075 50.025
8.575 50.675
7.175 49.075
9.725 52.575
9.625 54.975
11.675 49.875
13.275 52.075
10.675 52.575
5.875 47.475
14.475 49.625
13.775 53.425
14.525 47.325
6.775 48.275
9.075 52.175
8.075 48.525
13.725 50.025
13.875 48.025
14.375 52.675
6.525 51.475
14.925 48.875
12.725 48.725
9.775 47.725
7.225 50.725
6.725 47.825
10.075 47.675
9.925 53.025
11.525 52.025
8.925 50.625
7.875 51.075
12.975 52.425
11.775 54.725
8.425 47.475
13.425 49.325
7.625 51.375
6.025 49.625
12.625 53.725
11.925 51.725
9.725 52.725
10.575 53.175
6.225 52.375
14.075 53.975
15.125 50.025
10.275 52.425
8.375 47.475
12.425 48.225
9.475 50.225
6.825 51.875
10.225 49.625
14.125 49.725
11.425 48.925
6.725 50.975
13.575 52.975
13.075 51.375
13.425 51.975
8.175 47.675
10.875 51.625
14.925 47.975
11.125 48.475
6.275 48.125
7.875 51.575
9.175 49.675
11.575 48.425
6.075 47.975
13.225 52.175
11.375 53.775
8.775 51.225
14.375 50.675
15.175 48.775
12.175 48.175
8.075 50.775
5.975 53.225
13.425 52.175
8.975 51.675
9.175 47.475
11.975 54.075
15.225 49.925
11.225 49.975
8.475 53.175
8.025 48.075
13.625 49.075
11.525 49.625
6.075 50.925
14.825 51.875
6.775 52.825
5.875 53.025
6.225 48.575
10.675 51.675
6.475 48.675
14.525 47.375
11.375 48.875
6.725 50.325
13.625 52.475
14.425 49.575
9.575 49.025
10.275 49.275
13.775 47.725
10.525 52.325
6.825 52.575
9.975 52.625
13.725 50.675
14.125 50.875
6.525 49.925
12.775 47.975
11.625 49.775
13.275 53.575
7.725 52.975
10.775 48.125
10.725 48.625
9.775 52.075
15.075 47.575
14.725 51.325
10.975 47.525
10.675 48.125
13.125 50.275
14.075 52.475
10.175 50.775
14.675 48.425
9.525 51.575
10.775 52.425
8.625 52.575
14.675 51.925
8.225 47.575
7.125 52.125
11.875 54.825
14.175 53.275
10.975 50.175
8.925 51.525
6.225 52.975
14.175 49.325
10.325 54.125
7.475 47.475
9.225 52.825
6.375 49.125
10.725 52.525
7.275 52.025
13.725 47.975
12.075 53.575
14.025 47.375
6.675 49.525
7.825 53.175
9.475 48.125
7.275 47.775
9.975 52.875
6.925 47.875
11.425 51.625
12.025 50.025
6.725 48.675
9.075 50.725
13.875 51.275
12.425 50.575
10.225 49.375
8.875 53.525
10.575 52.925
11.325 52.175
8.625 51.975
12.575 49.375
9.025 49.825
5.825 53.025
14.575 48.125
6.475 49.425
13.525 53.675
14.275 52.075
13.825 52.825
12.075 52.375
8.475 47.625
8.125 49.575
13.725 53.775
14.625 49.175
13.225 48.925
12.525 52.325
10.625 48.775
11.025 53.725
13.875 48.675
11.375 50.325
15.225 51.625
13.025 48.525
9.525 50.275
13.975 53.475
8.825 51.525
12.375 48.425
11.225 49.775
13.825 50.675
7.975 49.475
10.525 50.575
14.975 53.275
7.325 48.675
6.525 50.775
6.275 51.375
7.975 52.425
6.825 50.975
9.325 49.925
9.925 47.275
7.925 52.675
10.975 52.425
9.775 54.675
9.325 49.675
6.525 52.875
12.875 48.125
11.325 51.625
10.225 54.025
11.825 47.375
11.375 53.875
8.125 48.525
10.475 48.925
9.925 54.175
7.725 50.575
14.825 48.475
14.975 52.125
8.925 55.175
10.475 50.975
7.025 47.375
9.775 53.475
10.025 53.125
13.425 52.525
13.175 49.675
6.575 50.325
11.525 50.375
12.375 53.625
10.675 48.975
7.275 52.375
11.725 54.025
11.175 51.675
8.725 54.725
11.125 52.975
7.475 51.975
10.025 53.325
13.275 53.725
11.675 47.275
8.475 52.625
10.175 47.925
9.825 54.125
13.025 53.075
13.225 53.725
11.925 50.125
13.475 53.625
6.575 52.275
8.025 47.725
15.075 50.175
14.525 49.725
11.975 52.975
14.375 53.625
14.575 49.725
10.475 54.025
13.975 49.775
15.175 48.325
6.225 49.575
15.025 51.225
13.375 49.375
11.525 49.375
14.225 48.475
13.925 53.475
14.375 48.225
12.975 48.325
8.875 53.475
13.075 48.925
5.875 49.375
12.925 50.275
13.275 51.025
13.375 50.675
10.475 48.825
14.725 47.875
11.125 52.925
12.525 49.875
7.675 47.825
11.925 53.825
15.075 47.775
13.325 48.575
11.775 50.725
13.425 53.525
9.575 54.325
7.525 47.575
14.225 52.625
9.125 52.225
12.275 48.075
13.275 53.675
9.175 51.775
13.675 52.675
9.425 48.825
9.925 48.075
14.075 52.525
9.425 54.675
7.625 47.325
5.825 50.175
10.425 52.925
6.475 51.325
11.825 50.175
13.625 53.775
7.775 49.625
13.475 53.525
10.625 51.325
12.425 49.025
7.875 52.325
10.425 54.875
14.975 48.775
12.525 52.075
13.575 49.425
13.925 50.375
14.925 47.275
11.975 53.375
8.225 51.125
14.275 50.275
11.075 47.625
12.075 48.225
7.225 50.375
7.175 49.225
7.925 50.075
14.775 48.875
12.375 49.225
10.925 52.525
10.425 53.775
6.225 49.275
13.925 51.475
14.325 48.875
11.975 47.675
14.575 49.875
11.825 53.175
7.325 47.375
11.775 51.525
13.425 48.375
13.975 48.025
14.425 50.075
13.175 52.575
6.225 50.625
7.975 53.175
13.875 53.575
6.575 47.775
7.825 49.175
7.975 47.725
10.875 53.875
13.675 50.875
9.825 52.675
9.275 49.925
7.125 53.125
6.875 52.775
9.525 54.225
13.525 52.875
9.075 49.825
9.125 50.975
7.875 47.325
8.625 49.925
6.375 52.375
14.825 53.725
6.025 49.875
10.275 51.575
13.425 51.875
10.675 53.675
11.975 51.675
9.775 53.825
13.475 53.075
14.025 50.925
10.125 50.075
9.675 49.375
14.275 48.575
13.325 52.425
5.975 49.875
7.775 50.725
12.175 52.075
14.325 51.225
7.325 50.925
12.775 52.525
12.825 48.275
15.075 48.225
10.025 47.275
12.225 49.225
9.825 52.525
7.925 49.325
10.775 51.775
8.725 53.025
12.975 53.625
7.125 49.225
9.975 51.175
10.025 51.375
12.875 53.875
7.025 49.925
13.225 48.525
6.675 52.375
10.675 49.075
10.625 53.575
9.075 51.825
9.625 50.675
8.975 50.425
12.625 49.475
8.925 51.775
14.375 48.275
6.225 51.325
10.875 48.575
14.475 49.675
12.025 49.925
5.925 49.675
12.125 50.675
12.925 51.625
7.475 47.425
13.825 50.225
7.825 53.275
11.225 52.475
11.775 48.125
7.775 48.925
13.875 49.325
13.925 47.875
7.425 51.975
14.525 51.325
11.375 52.375
12.575 53.225
15.225 49.675
9.275 53.575
14.875 50.875
5.775 49.875
6.025 49.675
7.825 52.625
8.825 51.475
8.475 50.475
11.525 49.025
14.575 47.575
8.775 50.225
9.075 47.775
9.475 48.275
14.725 50.475
7.375 52.675
11.875 50.575
14.925 50.925
9.125 49.425
11.025 48.775
13.575 50.225
14.025 53.625
7.675 51.025
11.525 48.725
14.675 49.225
8.725 54.375
6.375 48.075
8.475 51.075
14.175 50.475
11.475 48.075
9.425 54.175
14.075 53.225
10.625 51.825
8.075 52.575
7.525 49.925
13.525 52.925
7.775 49.475
14.975 53.225
10.975 48.625
7.925 52.325
10.375 49.425
12.075 53.125
10.775 49.475
6.575 50.525
8.275 49.875
7.875 51.525
10.875 51.575
10.975 48.325
8.925 49.575
9.225 52.625
7.625 52.375
13.725 48.625
11.775 51.425
10.675 53.025
10.625 48.025
10.075 52.125
13.775 47.575
13.125 53.325
7.975 51.475
10.275 49.575
9.775 49.875
9.225 48.475
9.075 50.825
12.675 49.875
7.625 52.225
12.325 53.525
12.825 51.425
10.575 53.675
14.025 47.625
9.525 53.825
13.425 49.775
9.375 55.125
7.475 50.175
9.775 54.025
9.725 52.125
13.975 51.975
5.825 52.225
7.275 51.175
8.325 50.325
8.925 50.375
8.375 50.325
11.075 48.725
10.425 50.725
10.625 53.775
11.425 53.775
7.975 52.825
5.925 51.975
7.525 51.475
14.725 49.975
9.725 51.925
8.625 52.175
7.075 51.375
12.375 54.025
12.925 52.075
6.475 48.125
6.875 48.775
6.275 53.325
7.125 49.675
6.525 48.175
12.975 53.825
13.475 53.325
8.775 48.175
7.075 47.425
11.475 49.725
9.325 47.375
13.875 47.475
11.825 48.175
10.975 49.875
6.675 48.675
7.425 51.425
13.125 51.625
9.425 53.075
13.475 49.975
9.225 49.325
6.975 49.625
14.125 51.275
11.125 50.275
13.375 49.125
14.225 53.425
10.725 52.325
11.775 47.375
11.825 49.625
13.725 53.725
7.875 53.275
10.575 47.675
8.625 51.325
10.875 55.075
13.625 49.825
8.725 52.375
15.025 51.025
8.975 47.925
11.425 49.275
12.875 47.425
11.825 54.075
9.725 52.025
6.575 49.375
6.975 52.525
14.575 51.875
15.025 49.325
13.375 47.825
7.475 52.025
8.425 53.075
14.425 47.625
6.775 51.625
13.825 53.375
11.875 52.625
9.925 54.225
13.375 50.575
13.175 54.025
8.825 47.425
5.925 50.775
9.325 52.175
6.025 49.475
11.025 52.975
8.575 50.275
6.425 49.525
8.125 50.375
13.475 48.425
8.575 49.325
13.275 48.125
7.825 48.325
8.475 52.775
14.975 51.625
9.975 49.675
11.275 50.875
14.875 53.125
6.475 51.725
6.425 50.775
8.825 50.975
9.325 52.875
7.675 52.775
12.425 49.075
12.275 49.725
9.225 54.475
11.525 50.725
7.475 53.025
11.275 54.725
10.575 52.725
15.225 52.575
14.575 53.125
14.625 51.025
13.475 53.775
12.925 52.275
14.025 48.075
14.225 48.825
12.425 54.125
8.275 47.625
10.775 50.125
10.775 49.175
10.475 50.925
9.075 53.675
14.975 53.025
6.325 50.525
12.875 49.825
9.225 52.425
11.525 52.125
11.675 54.775
12.075 52.975
6.825 50.275
14.175 51.675
7.125 47.525
13.225 50.425
14.725 53.325
7.725 47.325
13.975 52.475
12.325 49.825
6.625 48.975
10.125 50.025
10.325 48.875
6.025 50.775
12.425 48.075
10.225 54.375
8.775 52.125
9.775 51.475
12.975 52.725
8.525 50.525
12.825 50.025
6.475 48.525
12.675 53.925
8.875 51.125
9.625 49.525
8.525 55.125
7.425 47.425
7.375 51.775
6.175 51.025
7.225 51.725
9.025 50.725
13.025 51.925
14.025 51.325
13.575 50.525
15.125 53.975
13.725 50.175
13.975 52.125
14.625 52.675
13.125 49.725
11.925 50.625
14.775 52.275
14.825 48.375
6.625 48.875
13.425 49.675
6.975 48.075
12.275 51.375
9.225 48.425
12.675 51.725
12.525 48.475
13.775 47.525
12.725 47.825
7.175 48.575
9.725 50.275
11.625 50.075
8.375 50.775
11.425 47.625
9.875 53.775
11.325 49.075
11.575 52.825
10.175 50.975
8.025 47.475
11.375 54.775
11.925 53.675
8.925 50.575
10.625 52.425
8.725 54.875
6.275 52.775
7.475 50.525
15.125 48.175
9.275 51.825
10.825 47.725
8.175 48.325
10.075 51.375
10.475 52.175
13.625 51.825
14.075 48.075
8.425 48.125
13.825 52.025
10.625 51.925
11.975 51.975
10.475 55.175
13.125 48.375
8.275 50.225
13.425 53.425
6.375 48.525
7.775 51.925
9.475 53.775
7.975 48.375
13.125 47.325
7.875 52.825
6.275 47.625
8.525 49.675
11.725 47.925
11.775 48.075
8.925 49.875
7.625 49.475
7.525 50.425
9.025 54.125
15.125 51.475
15.025 52.575
14.225 48.925
6.725 49.025
14.175 49.975
7.375 53.175
14.525 49.625
8.475 49.375
8.875 52.975
7.125 49.075
13.875 52.775
8.525 49.825
11.575 48.875
9.875 51.875
10.475 51.375
9.975 54.425
15.175 52.125
9.975 51.525
7.575 50.375
10.325 54.875
5.975 47.825
14.325 48.775
7.875 52.075
13.125 51.375
5.775 51.525
9.125 51.375
9.725 53.925
11.525 52.325
7.825 52.025
10.175 49.125
12.525 53.775
11.725 48.975
13.425 50.225
10.225 48.275
12.175 51.975
9.025 47.825
9.025 54.425
10.675 54.275
7.025 50.775
11.025 52.525
13.925 51.175
6.975 48.275
9.425 53.575
11.525 52.925
7.425 47.775
12.025 47.775
7.725 47.625
10.475 50.275
13.425 51.475
11.575 48.775
13.275 51.875
13.325 51.125
7.575 47.875
9.125 54.575
15.125 53.025
9.825 48.975
10.075 48.475
10.125 52.975
10.125 53.925
12.325 49.075
8.925 54.575
8.225 48.925
14.075 50.375
12.975 50.775
12.725 52.575
12.075 53.975
9.575 47.925
9.825 52.725
6.125 50.025
8.675 50.925
11.525 51.125
14.925 48.575
12.675 51.075
8.625 53.275
8.025 53.325
11.975 53.225
6.675 50.725
7.925 50.325
8.825 49.625
6.925 49.525
15.175 48.475
8.225 50.775
14.975 47.775
6.275 51.975
6.975 48.425
9.175 50.825
14.175 52.925
14.375 52.925
12.175 53.125
10.975 53.625
8.725 53.575
13.925 51.625
7.875 49.625
10.875 52.925
14.475 49.025
14.725 50.025
12.225 48.725
8.825 51.825
7.675 52.275
9.325 50.275
12.175 55.225
8.875 49.975
13.675 49.975
7.475 48.675
7.325 49.525
8.025 48.775
9.725 53.675
6.225 49.425
11.125 50.675
9.425 50.375
12.975 52.325
6.025 50.075
8.075 49.125
12.575 49.975
8.725 49.075
12.775 50.725
5.825 49.225
12.675 49.625
8.875 54.775
10.075 48.675
13.475 52.475
11.525 52.175
12.325 51.825
14.925 52.875
8.025 51.925
14.525 50.125
12.825 52.525
6.675 53.375
13.125 47.675
13.675 52.875
10.675 50.775
9.025 53.925
11.625 48.375
6.275 50.175
13.525 48.975
11.325 47.775
12.025 50.725
12.825 49.275
8.025 48.925
11.225 51.425
9.425 52.425
6.475 49.575
14.125 51.975
9.075 48.725
12.025 49.825
14.275 52.525
12.875 50.425
14.975 50.825
11.925 53.875
6.025 51.375
9.075 53.175
12.325 52.075
12.475 47.725
11.525 53.725
6.675 51.775
13.675 49.025
8.425 48.625
14.875 51.325
8.875 47.875
12.225 50.125
11.725 54.125
7.075 48.275
14.425 49.325
11.625 53.225
10.775 52.075
13.325 48.125
14.325 50.275
9.875 53.575
11.075 50.975
6.775 53.325
15.075 51.475
5.925 50.225
12.075 49.375
9.325 50.475
5.875 52.025
13.025 51.275
11.375 51.725
9.075 47.425
11.125 53.175
6.225 52.425
6.575 52.425
7.975 50.575
7.075 51.525
8.975 51.075
9.175 51.075
9.625 50.825
11.175 49.325
7.025 53.275
8.975 49.275
14.425 48.825
6.525 52.175
12.175 48.125
9.075 50.625
6.075 50.575
7.875 48.825
12.625 50.525
7.425 52.725
11.825 48.525
8.025 48.575
7.825 48.625
6.775 48.775
9.425 52.325
12.525 49.125
8.575 48.675
14.725 53.125
11.725 52.325
6.075 49.725
14.625 53.975
13.675 53.925
7.325 52.075
13.425 49.375
6.425 53.375
11.775 48.025
14.875 51.875
7.275 53.575
8.075 50.375
10.475 51.325
9.725 54.775
8.775 51.025
10.575 49.625
10.025 49.625
8.225 50.575
13.275 50.575
6.075 49.325
13.975 48.075
10.625 49.175
8.675 49.125
9.975 52.175
5.975 51.475
13.125 53.575
10.075 50.575
13.975 47.775
13.125 48.275
15.075 52.475
14.575 48.925
6.275 52.475
12.275 47.925
8.925 50.075
9.475 52.325
11.125 51.625
7.225 52.925
13.975 51.725
8.425 49.775
14.775 53.425
13.125 53.425
7.375 49.525
13.075 52.225
8.675 50.725
7.275 51.375
7.925 52.375
11.275 47.425
6.575 48.875
6.375 51.875
10.075 51.775
7.375 53.075
9.775 50.025
14.275 47.375
9.675 53.675
11.075 51.175
10.025 50.875
14.275 53.225
8.475 51.875
9.575 52.275
10.925 49.325
9.825 49.275
13.825 52.525
9.925 51.325
15.175 51.675
6.925 49.075
13.475 48.925
11.475 52.375
10.775 50.425
11.825 54.775
13.575 50.475
14.975 50.475
7.375 50.975
14.625 52.925
7.225 49.575
8.975 48.425
13.675 53.675
7.125 50.475
15.225 51.475
10.425 47.525
14.675 50.625
9.325 48.975
9.925 48.125
8.325 51.175
10.775 49.975
9.175 50.675
6.775 50.975
12.225 47.275
5.975 52.275
8.825 54.175
7.425 53.475
7.625 50.725
9.575 50.075
13.725 50.725
7.825 48.025
7.825 49.575
8.175 49.075
11.225 49.275
8.175 48.725
8.825 47.675
10.075 52.175
8.875 53.375
5.825 48.275
9.725 50.825
12.775 51.275
11.825 50.475
9.775 52.625
7.525 49.225
10.725 52.675
10.225 47.775
11.675 50.325
10.375 51.325
11.275 47.725
13.475 50.075
14.575 48.575
12.125 49.875
7.625 51.475
10.025 53.675
10.225 52.525
14.175 53.475
12.525 53.225
8.875 51.075
6.075 53.025
13.125 52.525
12.475 50.775
7.675 47.575
11.175 54.775
15.125 50.975
10.475 48.975
12.575 50.675
9.675 53.525
7.125 52.075
5.975 49.775
8.925 54.875
14.975 52.075
6.925 52.775
7.975 52.175
8.675 47.625
5.925 52.025
14.175 53.225
11.075 52.125
6.325 50.075
11.625 47.275
11.675 50.225
6.925 49.225
13.125 49.775
11.925 48.475
8.825 54.875
5.875 52.325
9.175 55.175
6.325 48.325
12.075 49.275
12.625 52.075
8.225 51.275
12.175 50.075
10.875 47.925
11.775 55.075
10.275 52.075
8.075 47.675
6.825 48.775
14.075 50.625
11.275 55.225
13.375 47.925
6.225 51.025
14.775 55.125
12.925 53.625
13.425 49.725
10.775 52.175
10.225 52.975
12.825 49.875
11.275 51.375
12.425 47.275
6.175 47.975
13.725 50.975
6.575 51.275
12.675 52.425
12.125 48.975
13.325 53.775
6.875 50.375
14.425 50.525
13.075 53.325
8.325 48.375
13.625 52.675
14.425 48.925
5.875 47.725
6.375 50.425
10.175 50.375
9.825 51.875
14.025 53.175
8.525 51.375
15.075 51.925
9.125 48.225
11.175 52.075
10.125 53.075
10.825 49.075
14.325 53.325
12.525 52.975
12.575 54.025
7.775 53.075
14.175 49.775
14.125 51.175
8.075 48.025
6.125 51.525
14.775 48.175
7.775 49.525
15.075 49.075
9.425 47.325
7.125 47.475
13.975 53.425
8.875 50.225
11.625 47.875
8.325 51.125
13.375 53.275
9.425 54.775
11.825 53.275
9.275 49.425
10.375 47.275
6.375 52.775
11.625 47.775
13.925 48.675
10.075 54.425
11.625 50.125
6.625 48.775
13.175 49.175
8.925 49.325
9.575 53.775
7.225 52.775
11.825 47.725
12.975 51.025
7.525 49.825
7.675 50.075
6.575 51.675
10.475 49.625
13.075 53.975
9.675 47.725
14.425 51.925
14.525 48.825
12.525 53.075
9.325 54.425
14.275 49.525
14.925 49.325
13.475 52.375
11.925 53.775
13.625 51.975
13.975 51.475
8.575 47.925
13.325 48.375
14.375 50.475
13.725 49.675
8.575 48.875
12.575 51.325
14.625 53.875
7.925 47.975
15.225 53.875
12.675 51.975
10.325 48.225
9.275 53.875
6.075 50.075
6.325 48.525
14.825 50.875
12.175 52.275
10.425 50.375
7.675 49.425
13.425 52.475
13.325 54.625
7.675 53.675
10.275 48.775
5.925 49.575
8.275 51.825
13.675 54.125
6.075 52.675
13.925 49.175
6.925 50.175
10.125 51.675
14.675 52.125
14.825 50.975
7.225 48.275
8.075 51.275
6.775 51.375
11.975 47.525
13.025 52.825
6.725 51.525
13.625 53.725
12.725 52.475
10.675 49.675
6.075 50.375
9.925 52.325
9.675 51.975
14.875 53.375
11.875 49.425
11.325 50.925
10.425 50.075
7.975 52.325
6.225 48.225
14.775 47.475
14.425 50.775
10.775 47.825
14.275 47.975
13.075 54.025
9.125 54.825
15.225 52.425
9.925 49.425
9.325 54.025
7.225 48.825
6.725 50.625
9.575 53.325
11.875 51.275
10.325 48.375
13.675 54.075
9.175 53.925
11.475 53.275
13.175 53.675
7.775 48.875
6.375 50.225
10.275 54.125
10.475 50.375
10.325 50.525
9.225 48.225
10.025 52.325
12.375 47.775
14.275 53.575
10.975 48.925
12.225 53.325
9.275 54.425
13.675 47.925
11.525 50.575
8.075 52.725
6.775 47.875
10.275 52.225
12.625 52.975
10.175 50.575
7.775 53.675
8.825 50.575
9.225 54.025
6.625 48.825
12.775 52.275
10.775 50.575
14.925 48.775
6.625 52.725
9.875 48.475
6.225 53.475
12.125 49.525
11.725 52.675
10.375 47.925
10.675 49.525
14.625 53.525
14.925 51.325
9.875 51.525
13.325 54.575
8.025 52.325
14.625 51.375
14.725 50.975
12.025 51.275
13.375 53.125
11.875 52.075
7.375 53.475
11.675 50.825
7.175 52.425
5.975 52.225
12.925 48.275
5.825 48.675
9.825 52.475
7.475 53.475
7.775 51.525
8.825 48.375
7.325 48.025
13.625 52.725
13.625 50.525
10.525 50.325
7.675 47.275
11.425 48.775
9.825 52.325
8.475 48.675
14.125 52.225
9.725 53.825
7.125 52.475
9.975 48.525
5.825 53.075
7.875 51.475
12.375 50.425
10.875 50.375
8.975 51.825
10.525 51.975
6.625 52.975
8.225 52.425
14.325 50.175
7.725 50.125
7.375 48.875
6.925 48.625
10.375 47.725
10.825 53.525
14.625 48.725
9.375 51.975
8.075 52.525
10.975 47.825
11.275 50.825
8.625 48.525
11.975 53.325
11.275 48.475
11.975 47.375
10.075 48.525
8.225 51.375
13.775 52.225
6.975 52.875
10.475 50.775
10.025 49.375
11.825 48.125
11.175 53.875
12.725 53.925
13.625 53.075
7.225 53.125
13.825 47.875
14.425 52.725
15.075 51.875
12.525 52.475
10.975 49.975
9.025 49.525
7.625 49.725
8.175 50.125
8.975 52.425
10.275 54.325
9.225 49.075
14.225 48.675
6.025 48.075
13.875 51.125
9.425 49.875
7.275 51.125
12.325 51.425
11.425 52.225
9.225 51.675
6.275 51.675
13.575 53.925
6.675 50.425
13.225 47.575
8.525 49.125
12.475 53.675
8.175 47.725
12.075 47.675
14.325 51.825
8.975 49.175
11.375 52.075
10.175 48.275
9.475 51.475
8.575 50.025
12.475 50.675
12.875 53.425
7.225 53.425
8.825 47.325
6.825 53.225
14.025 47.275
13.725 50.275
12.025 51.175
13.075 52.825
9.675 51.275
8.925 48.125
7.525 49.575
8.125 50.975
6.525 49.775
12.725 47.375
7.125 51.025
11.925 51.275
8.825 53.125
12.425 50.075
8.125 47.325
14.475 48.625
9.475 53.225
9.925 53.625
13.225 51.775
12.975 50.325
9.425 54.575
9.275 50.325
11.375 47.825
9.125 52.025
10.225 50.275
7.325 47.525
10.225 51.775
6.875 48.575
6.825 50.075
8.775 49.425
12.325 50.075
10.725 51.875
14.325 47.975
9.875 48.425
8.675 52.375
13.625 51.275
14.475 53.425
14.775 47.575
14.925 47.475
11.225 53.325
14.025 51.375
12.825 50.425
14.625 49.625
9.375 53.225
11.075 47.925
13.725 50.625
9.475 51.225
5.775 52.225
7.975 49.125
8.225 52.075
12.125 53.475
11.225 48.875
12.925 49.025
10.125 49.525
8.375 47.275
11.925 50.325
13.425 50.325
7.325 48.525
12.425 49.775
9.275 52.525
5.775 48.275
10.525 49.475
10.225 49.175
11.075 53.475
10.475 49.875
12.775 53.475
14.775 52.675
7.725 49.975
11.725 54.825
14.625 51.975
12.925 47.275
12.475 49.225
11.225 53.225
9.775 53.675
15.225 53.075
8.525 54.725
11.225 50.775
13.225 48.225
12.975 48.925
6.425 47.275
10.975 54.275
6.925 52.525
5.825 53.225
10.525 51.825
9.475 49.075
11.625 51.125
8.425 53.175
9.625 49.375
14.425 49.825
10.575 47.325
8.625 52.275
14.575 50.475
13.275 48.725
14.425 47.675
12.875 51.625
9.175 50.175
10.875 48.875
6.825 50.475
9.875 49.375
13.025 51.975
8.275 51.025
6.675 49.375
7.075 49.625
14.575 53.225
10.925 49.925
11.975 49.175
10.525 54.225
14.325 51.125
11.875 53.875
7.275 51.675
11.275 53.075
7.825 47.625
7.025 51.825
7.325 49.125
15.225 48.925
13.075 49.725
11.025 50.075
7.325 51.375
6.575 47.475
5.825 48.775
8.375 53.425
13.125 54.225
8.375 53.525
8.875 47.275
6.775 49.475
8.875 52.175
7.275 49.275
11.275 49.425
12.125 50.225
13.225 53.775
14.575 48.675
8.375 47.675
11.125 54.775
9.075 52.875
12.075 53.725
7.975 47.975
13.375 49.425
8.575 52.975
6.875 51.825
7.525 48.675
11.225 51.375
6.325 50.425
9.625 53.175
12.575 53.125
13.375 51.875
10.025 52.025
12.125 47.725
13.225 50.075
9.575 55.225
12.325 52.325
9.175 52.575
9.525 50.475
5.775 51.075
13.725 52.675
12.625 53.025
11.125 48.525
11.675 54.725
10.425 51.025
11.575 52.925
8.875 48.125
12.225 48.675
9.275 50.925
6.275 47.525
13.925 53.225
9.425 51.975
11.225 52.725
13.975 48.975
12.225 51.175
13.425 51.825
6.975 50.875
10.075 53.675
11.125 48.625
9.825 49.425
11.725 52.975
10.575 54.075
14.625 47.375
9.925 50.425
6.375 52.525
12.775 50.525
12.825 50.775
12.425 50.525
7.125 51.575
12.325 52.425
13.275 50.025
6.925 47.375
7.725 49.725
7.025 50.425
6.125 50.125
10.475 50.875
12.275 50.975
7.825 49.325
12.675 49.275
13.625 47.625
13.225 50.725
9.875 48.225
9.675 48.225
15.125 50.075
12.575 48.575
9.225 49.925
11.075 48.925
11.675 47.875
12.225 52.125
14.475 48.825
14.525 53.575
13.375 54.675
13.075 47.325
10.225 55.225
9.275 52.425
7.775 53.125
9.725 52.175
6.425 50.825
7.175 49.425
9.375 53.875
9.375 55.225
7.825 52.725
10.425 50.175
10.025 48.075
13.025 48.275
6.675 47.775
12.125 50.775
10.575 47.275
11.875 52.475
14.425 50.575
9.575 48.925
6.525 49.025
9.725 50.925
11.075 49.375
12.875 52.425
14.475 49.975
13.375 52.275
7.975 47.425
9.875 53.475
7.925 49.075
13.725 49.075
6.025 50.925
14.925 53.925
6.025 52.625
6.725 49.375
13.775 49.525
11.625 49.925
13.975 47.375
9.475 47.875
10.375 52.575
10.025 48.325
6.275 52.225
8.575 47.625
9.525 47.625
8.825 54.925
10.225 51.475
9.925 47.375
8.075 51.075
11.025 52.425
14.575 50.875
10.875 51.325
9.375 48.925
10.325 50.475
12.475 50.225
11.975 51.025
10.325 49.525
12.325 51.475
7.625 53.525
11.475 48.175
8.925 47.725
6.125 47.525
11.075 49.075
14.525 49.975
7.325 51.225
12.775 50.425
12.525 53.025
8.925 54.725
8.775 49.875
5.875 51.825
15.125 47.525
15.125 49.325
10.075 52.625
8.475 48.975
14.175 47.775
13.725 49.225
7.175 53.075
9.175 52.125
8.125 48.975
10.225 52.175
10.625 52.275
8.675 49.975
7.725 53.075
6.925 51.025
13.425 48.675
7.925 49.125
12.625 49.075
10.275 53.075
7.775 50.875
9.625 52.025
8.175 49.725
10.175 53.125
10.425 52.125
12.375 48.675
7.425 48.525
12.775 50.375
9.275 53.975
9.175 55.125
14.375 50.575
8.175 47.325
8.175 51.075
9.325 50.675
6.725 49.675
7.925 51.675
13.575 51.675
7.075 48.725
10.175 47.275
6.475 48.975
11.675 52.875
10.675 47.825
11.125 52.525
8.675 49.475
13.325 47.825
9.775 47.425
10.325 53.725
6.775 50.525
14.375 50.625
13.575 52.675
14.125 49.675
8.225 51.325
14.275 51.825
13.325 50.175
10.475 52.025
6.225 51.075
15.125 51.775
11.825 49.925
10.475 48.375
13.375 47.525
12.525 54.225
9.125 51.875
9.775 50.175
9.575 49.625
10.625 54.275
14.225 47.775
8.825 51.225
10.675 52.375
8.925 49.075
14.425 51.125
7.375 48.675
8.425 51.625
11.875 51.775
7.425 52.625
11.875 51.875
8.325 54.675
8.725 52.925
6.725 51.175
10.275 51.475
5.775 51.425
12.025 47.975
11.925 48.525
15.225 49.575
13.375 47.725
10.325 49.925
13.575 51.925
14.875 48.425
10.825 50.375
8.725 52.875
9.875 52.975
13.275 53.925
9.775 52.125
10.075 51.725
11.425 51.375
15.175 52.325
9.525 55.225
7.625 49.525
14.425 49.775
7.075 47.475
9.625 54.025
10.075 51.875
9.775 48.175
13.425 50.725
8.875 51.625
6.075 51.775
9.775 54.625
9.425 52.525
14.725 50.325
7.625 52.125
10.375 48.725
13.775 53.525
10.825 52.225
9.025 48.875
13.425 50.075
8.725 47.675
9.725 49.175
13.525 48.825
11.725 50.425
11.525 49.325
13.925 49.975
8.575 53.275
12.725 47.925
6.975 50.925
6.375 51.975
13.825 48.625
12.725 51.625
12.175 50.025
8.125 48.725
8.225 50.875
15.025 51.275
10.075 47.275
10.075 52.425
9.225 55.075
10.025 50.675
6.225 52.225
7.675 51.325
8.475 48.425
13.325 49.375
14.525 50.025
15.225 52.875
9.575 54.725
15.025 48.175
13.725 51.925
5.825 52.475
6.875 50.925
8.325 50.625
11.225 50.075
9.825 49.225
13.625 49.975
8.125 50.825
7.375 49.475
15.225 52.475
14.625 48.225
14.925 47.525
12.575 50.625
11.125 51.925
9.025 54.675
6.825 51.475
13.575 52.375
11.225 50.825
9.675 49.525
6.725 47.775
10.275 49.775
6.175 52.775
8.625 47.625
11.675 52.325
9.825 48.475
10.375 48.425
8.125 52.975
8.575 50.175
6.575 50.825
7.175 52.225
11.175 47.525
8.075 52.875
8.225 52.575
10.075 50.975
10.175 52.825
15.125 53.425
11.775 51.825
12.525 51.475
6.725 51.475
10.775 50.525
15.075 47.975
11.775 49.625
9.625 52.825
6.775 52.125
10.525 49.025
14.575 52.425
12.325 50.875
6.375 50.675
11.525 53.475
12.425 53.875
10.125 49.075
12.075 49.075
11.225 49.475
8.725 48.175
6.725 48.125
13.525 52.575
8.125 51.825
9.675 51.175
11.575 52.475
10.925 54.275
14.175 50.675
14.125 53.125
7.625 51.825
13.975 48.925
12.675 50.425
13.575 49.025
11.725 47.875
10.425 49.225
6.025 52.425
12.725 51.425
7.125 52.875
9.625 52.475
7.625 48.225
10.775 53.625
9.575 54.675
11.475 49.775
6.025 49.225
13.275 53.975
12.525 47.475
7.525 49.975
6.025 49.075
8.925 50.125
9.525 53.575
7.675 50.975
9.625 54.675
8.275 49.025
7.675 52.125
8.375 52.225
15.125 51.075
7.625 50.075
11.925 47.775
14.675 52.275
9.675 50.175
13.725 47.575
7.125 47.575
10.275 53.425
9.425 54.025
7.675 49.625
5.925 51.925
10.125 52.375
14.625 47.925
5.925 48.375
6.175 48.075
7.025 52.025
6.125 50.825
7.325 49.825
12.425 52.725
10.725 53.175
14.775 52.125
7.925 47.825
12.325 47.475
11.375 53.425
12.425 51.025
9.625 50.425
6.475 48.075
12.025 49.775
6.675 49.925
9.025 54.775
12.725 49.825
14.025 47.475
6.325 49.075
11.525 49.075
9.525 50.875
9.875 48.075
9.375 47.525
8.925 52.475
10.825 50.875
7.725 50.075
9.675 47.475
12.175 54.175
13.675 47.425
15.025 47.875
12.225 52.275
13.775 50.275
11.775 50.675
7.075 49.925
8.125 49.075
7.675 52.875
11.925 48.575
11.175 49.175
5.925 52.325
10.575 49.075
9.175 48.725
11.625 51.575
14.975 50.575
12.775 52.875
13.225 53.575
14.925 48.625
13.125 54.025
11.225 48.225
8.175 52.625
14.425 50.825
14.675 47.375
11.725 50.775
8.675 53.475
13.625 51.225
8.575 49.825
7.175 47.575
13.075 53.725
6.425 53.325
13.675 51.675
8.075 50.125
14.425 48.975
15.225 52.075
12.225 48.225
5.775 48.975
6.075 51.725
9.225 48.175
15.125 51.725
14.875 48.075
6.275 52.075
12.525 54.425
9.875 53.175
7.325 50.475
14.125 51.725
7.275 48.075
11.675 51.225
7.775 48.425
14.475 51.975
9.875 49.875
13.125 48.175
14.975 53.625
13.425 50.425
11.175 48.625
10.975 52.075
12.275 48.575
9.575 47.875
6.725 53.375
7.175 53.375
14.975 49.475
8.825 47.875
9.775 48.325
7.375 50.925
12.625 52.675
10.875 49.975
11.475 50.625
7.375 50.875
9.975 54.675
13.875 48.475
6.025 52.725
11.625 47.925
11.625 49.675
14.575 49.925
6.325 50.375
9.025 55.125
9.075 52.025
6.875 49.025
11.075 48.025
10.125 48.375
13.525 50.525
5.775 52.275
11.625 48.025
8.475 52.025
8.175 49.175
13.275 48.475
6.675 48.525
6.275 49.575
11.325 49.275
9.525 48.175
12.275 50.875
6.625 47.525
10.675 52.475
12.975 53.425
7.525 47.525
8.775 51.275
8.025 53.125
9.325 48.825
12.925 51.975
14.075 51.175
7.625 53.175
13.275 52.575
9.325 48.925
7.725 49.025
10.125 50.225
10.025 51.675
8.075 51.525
10.725 51.125
13.375 53.775
11.125 50.325
8.175 53.025
9.775 53.375
8.225 52.525
14.725 52.225
9.675 49.125
14.475 47.625
11.125 47.675
12.125 49.375
12.925 52.725
6.975 47.875
13.425 48.825
11.625 52.775
8.475 51.825
14.325 51.325
6.575 52.875
11.725 51.325
12.225 52.075
10.125 53.625
7.475 52.525
12.625 49.575
9.875 50.975
11.775 50.475
10.275 48.675
12.175 50.925
10.575 52.075
8.225 48.575
15.025 52.175
8.775 51.675
13.425 54.425
11.225 50.475
9.025 52.375
11.575 53.425
8.475 47.925
11.625 54.825
6.575 50.925
10.625 48.825
8.825 53.275
13.975 52.925
14.375 52.625
8.625 51.525
12.925 47.975
6.275 48.525
11.925 52.525
12.925 49.725
8.375 50.125
11.525 49.575
8.575 52.625
11.225 50.225
8.625 52.025
11.025 47.475
11.825 51.075
8.875 51.325
9.525 52.175
8.575 53.125
5.975 52.175
5.825 52.975
15.175 50.875
12.425 53.325
12.675 52.075
14.075 51.875
12.675 51.175
11.225 49.875
11.525 47.975
14.575 47.525
6.175 51.775
8.825 48.075
13.125 48.525
13.725 48.225
10.175 53.725
14.575 47.425
14.125 53.075
10.375 51.425
14.225 53.375
6.375 50.175
5.925 49.625
10.325 51.325
7.575 51.775
9.025 49.275
11.475 48.225
6.475 52.275
9.375 50.725
6.325 53.275
14.375 48.025
6.825 53.275
10.175 51.975
6.775 52.475
10.875 52.075
9.275 49.475
8.625 50.075
11.075 47.825
14.875 51.275
14.925 49.775
10.925 48.075
6.925 49.025
8.225 53.275
8.775 51.875
11.325 54.775
7.675 50.825
11.525 48.025
6.725 48.175
14.525 51.375
14.425 47.275
14.625 53.475
9.425 54.075
8.925 54.475
9.625 51.075
15.225 51.275
12.325 51.025
10.875 48.625
8.425 49.825
8.875 50.275
15.125 52.875
8.425 51.775
7.725 51.375
14.675 49.625
11.575 51.575
11.175 49.225
12.025 51.775
9.975 50.425
10.225 52.725
7.625 51.125
13.375 48.675
7.425 49.875
10.825 51.325
13.725 48.375
6.425 52.525
9.775 48.675
11.425 52.175
11.825 53.325
13.825 51.525
14.475 48.925
7.075 49.375
12.525 49.275
9.425 49.625
11.475 50.125
8.875 48.875
12.175 49.625
11.825 53.925
12.075 55.175
14.025 52.975
8.275 49.775
8.275 51.325
13.275 51.925
6.125 50.925
9.575 48.775
13.825 48.075
8.475 50.975
9.025 50.825
9.125 50.625
7.775 50.075
15.225 47.825
7.725 50.825
10.425 48.075
10.575 53.475
12.725 49.325
6.525 51.725
11.375 53.525
6.125 49.075
7.875 52.025
10.625 52.975
12.325 52.225
10.375 52.925
12.925 50.075
11.775 49.475
14.825 52.575
13.825 52.875
6.625 52.375
8.975 48.125
10.075 48.325
10.725 47.275
8.175 53.275
10.575 50.625
6.975 47.675
13.725 53.925
10.475 54.125
14.325 50.725
15.225 53.775
8.925 53.325
5.975 50.475
6.075 50.675
7.675 52.925
8.625 53.075
14.575 51.125
7.925 52.125
15.175 47.725
7.475 48.725
12.475 47.975
8.475 47.875
14.025 47.725
10.225 52.325
8.675 54.975
12.175 50.125
8.525 50.075
10.125 52.275
12.325 50.825
9.925 49.525
14.025 50.325
10.975 49.425
10.325 49.725
8.875 53.825
13.875 53.675
14.725 49.475
12.075 48.625
7.425 48.225
9.125 51.625
14.225 53.475
11.325 50.125
6.325 48.375
10.475 51.275
10.925 52.575
14.475 53.075
7.875 52.425
9.225 53.225
15.225 52.375
5.825 51.625
10.825 48.775
12.725 52.825
11.775 52.475
11.425 49.175
10.925 51.925
12.475 53.975
14.175 47.625
8.225 48.475
5.925 49.275
14.425 47.775
7.575 50.625
11.425 47.575
10.075 54.025
6.625 48.675
8.125 48.825
9.275 51.375
10.725 51.625
6.475 48.025
14.425 48.175
12.875 54.225
11.075 49.275
8.125 49.875
9.125 53.475
11.725 52.125
9.675 47.775
8.925 51.125
12.975 53.325
11.725 51.725
6.225 50.275
13.225 50.525
14.825 53.125
8.225 49.725
15.025 48.725
11.475 50.825
12.325 50.375
13.425 50.525
9.175 52.725
15.125 49.525
8.525 52.375
13.525 50.575
12.125 51.775
13.075 50.525
9.725 48.125
14.675 53.375
6.975 51.625
8.975 52.925
13.625 52.425
14.125 48.875
9.575 49.675
12.175 47.675
9.475 51.275
13.075 52.425
9.925 47.725
14.025 49.275
8.775 47.975
14.125 50.575
11.225 52.375
6.675 52.525
13.075 50.075
8.325 47.425
13.325 48.075
6.925 51.925
12.675 48.175
6.025 50.375
11.625 53.725
10.775 49.125
7.475 53.525
14.375 53.575
14.425 51.325
11.525 50.775
8.925 50.875
15.225 54.075
9.925 52.625
10.825 50.225
8.475 51.375
8.125 52.075
7.375 49.225
12.225 49.025
13.675 50.375
6.725 50.225
10.975 51.525
11.575 48.025
13.225 49.875
12.425 49.425
11.325 48.675
11.575 53.825
12.275 52.775
8.475 48.575
10.225 49.125
10.325 53.575
14.075 53.675
6.525 51.825
9.825 51.125
9.725 48.625
14.275 49.175
11.775 54.925
15.125 47.725
13.025 49.375
6.825 47.475
15.225 51.525
11.975 47.825
13.325 52.925
13.675 52.825
14.875 53.825
9.125 47.925
10.075 53.175
10.725 53.825
9.475 48.825
5.775 49.725
7.475 50.125
8.375 48.575
6.325 51.675
11.075 47.275
6.875 47.675
13.725 49.325
10.875 52.675
13.925 53.375
9.375 49.975
12.775 48.775
7.675 53.225
13.725 52.025
8.975 47.625
6.975 48.225
14.525 49.275
11.675 51.925
12.425 52.875
14.575 47.625
9.175 53.225
11.075 48.125
11.125 51.725
6.425 52.075
12.325 51.225
13.825 51.725
8.175 51.125
13.275 54.025
15.025 49.475
9.425 48.425
6.675 52.025
9.875 50.225
9.075 52.575
13.275 51.075
8.525 49.725
8.525 52.225
10.125 53.025
5.925 49.925
12.125 52.625
11.875 53.075
11.425 54.675
14.125 49.425
10.225 50.375
5.925 53.375
7.225 48.425
12.525 53.375
11.025 54.775
8.725 48.325
7.225 52.475
8.875 47.325
11.625 51.825
8.725 49.925
8.325 52.125
14.875 51.075
9.525 47.975
13.025 48.125
12.425 49.825
12.775 49.825
6.775 48.525
11.275 53.275
14.175 49.225
12.425 48.875
10.925 53.425
12.025 53.275
11.975 52.875
6.525 49.275
9.825 49.625
11.525 49.475
8.975 53.775
12.525 51.025
11.775 53.325
5.825 53.175
7.575 48.675
8.475 52.975
9.025 50.025
9.325 52.425
11.975 50.225
10.075 53.225
14.275 49.975
9.575 53.875
6.475 47.375
13.675 51.725
13.525 51.275
14.625 49.325
8.525 55.175
6.175 52.875
12.675 47.525
13.625 48.075
7.825 47.475
15.025 48.425
15.075 51.125
6.275 49.825
12.825 50.975
5.825 50.075
9.225 50.525
6.725 47.525
9.175 51.475
11.325 51.475
13.075 53.775
7.725 52.825
10.925 48.225
8.575 48.325
11.275 48.175
6.025 51.075
10.825 50.025
7.275 51.325
8.925 48.975
14.575 53.975
13.925 50.125
9.575 48.375
7.525 53.025
12.225 52.175
12.875 49.275
7.375 47.875
10.325 50.275
8.275 49.925
12.175 53.775
11.225 49.625
11.175 53.125
12.475 51.875
11.725 49.875
9.775 51.775
14.575 50.425
8.875 52.575
6.875 47.425
15.075 51.425
8.525 51.125
6.325 52.325
14.325 49.675
14.625 48.125
9.975 53.975
10.625 49.275
8.525 49.525
11.375 51.825
12.625 51.925
11.125 48.375
10.675 50.025
9.075 48.625
7.525 47.475
11.825 50.575
13.425 53.775
9.475 48.925
6.725 50.725
6.175 51.975
13.775 48.275
12.025 49.475
12.275 51.725
12.775 52.375
14.525 48.725
7.875 48.675
9.625 48.225
5.775 49.575
8.975 55.125
6.425 47.425
13.875 50.425
8.625 53.375
9.875 52.525
6.775 48.575
14.775 52.325
14.575 49.525
13.025 50.025
9.525 51.175
9.725 54.275
14.675 48.275
14.125 53.625
13.925 52.825
12.625 49.725
10.925 51.125
7.775 51.175
9.025 49.325
13.575 52.925
5.925 48.175
13.575 52.725
8.975 52.725
7.625 48.875
14.775 51.775
12.575 51.725
6.175 51.275
12.175 51.025
13.875 51.875
10.825 48.125
10.075 51.975
9.625 48.025
11.175 50.675
12.125 50.625
13.675 52.375
14.875 49.625
13.275 50.925
11.475 51.725
6.625 52.275
6.525 52.125
14.725 48.375
9.725 47.625
6.775 47.525
10.875 53.425
13.675 51.925
15.025 51.425
12.675 51.825
9.875 47.825
11.475 51.925
14.075 51.725
12.925 54.175
9.625 53.475
11.725 48.175
11.875 52.575
7.775 49.975
13.475 53.675
11.875 49.025
9.975 53.425
13.425 53.325
5.775 51.625
6.525 47.475
11.725 50.175
6.325 52.625
14.775 47.525
8.875 51.275
15.075 47.875
9.675 51.675
6.825 47.425
14.725 48.275
10.825 52.325
13.175 51.925
6.175 47.725
8.525 48.425
13.975 50.775
11.525 52.575
14.925 48.375
7.025 48.475
9.775 53.725
9.775 50.425
13.925 47.775
9.425 48.475
6.275 51.325
8.325 50.775
12.675 48.325
11.075 51.525
10.175 50.525
11.975 50.925
9.725 53.475
13.175 52.125
8.975 49.125
6.075 47.825
7.225 48.875
8.275 52.725
13.575 50.275
11.425 49.675
8.975 49.025
13.625 50.975
5.925 49.225
11.925 52.425
9.025 49.125
7.725 51.025
6.075 50.875
13.925 47.375
10.075 48.825
13.125 50.725
9.575 52.525
6.575 48.225
12.275 50.375
9.175 50.075
7.325 50.875
10.725 47.725
11.525 47.575
9.175 53.325
7.925 50.725
6.775 49.625
13.075 48.675
14.325 51.625
12.675 51.675
6.125 48.975
7.325 53.425
13.775 49.675
11.725 47.825
9.325 55.075
12.825 49.375
14.475 47.425
13.225 49.725
13.875 48.975
7.825 48.925
12.075 49.225
14.225 47.725
10.225 47.875
13.325 51.225
13.225 49.075
10.925 51.775
9.275 53.425
10.925 51.575
7.925 49.675
10.725 52.375
5.825 47.475
10.925 48.525
15.025 52.475
7.925 50.675
7.325 49.325
7.675 52.025
7.575 51.975
9.725 47.675
7.575 49.325
11.375 51.675
6.425 51.675
7.025 48.325
13.525 52.375
7.575 50.575
9.725 48.025
11.225 49.575
13.525 50.325
12.625 51.425
6.425 52.775
5.775 52.475
8.325 49.325
13.175 48.775
7.825 53.075
6.825 52.725
11.975 50.475
14.275 48.275
9.225 51.775
9.975 48.125
9.325 54.175
13.925 53.325
7.825 52.125
14.625 53.925
8.725 53.125
14.275 49.725
5.775 50.475
8.525 51.675
10.125 51.575
9.225 51.225
7.125 51.775
11.175 54.825
7.925 47.775
9.325 48.875
10.925 51.875
9.675 52.875
9.625 54.575
7.425 51.925
12.925 49.575
5.775 53.125
14.725 52.075
9.125 53.225
13.375 51.775
7.875 47.825
9.475 50.675
9.375 48.175
12.325 54.125
14.825 47.925
6.975 51.125
11.425 53.125
9.325 52.575
5.975 51.875
5.825 52.825
5.925 50.675
8.775 50.775
12.625 54.125
10.725 47.675
9.375 48.575
13.925 48.025
9.975 48.025
12.025 52.725
11.325 52.975
10.375 47.775
7.275 49.775
7.175 52.825
6.425 53.275
12.575 47.575
9.375 54.225
12.075 48.725
14.925 52.625
9.325 50.075
14.925 50.675
12.225 51.725
10.525 48.225
7.475 51.875
11.225 51.625
12.975 54.125
12.875 50.175
15.125 53.125
8.975 54.175
10.925 52.775
9.675 52.225
13.225 51.925
13.525 53.475
6.875 49.975
7.975 50.175
10.675 49.625
9.175 47.325
8.775 48.925
12.325 48.325
6.125 49.175
11.025 47.875
12.775 51.475
10.725 53.325
8.125 51.225
10.875 49.925
8.875 49.325
6.425 47.675
14.475 49.325
8.275 50.925
13.225 49.975
10.025 54.575
9.275 49.525
7.925 50.975
9.925 49.825
13.975 51.125
9.375 54.675
13.625 52.825
8.875 50.575
6.175 47.475
8.025 51.325
9.375 52.925
11.975 50.975
8.475 52.425
13.775 51.925
10.275 52.175
14.575 52.025
7.675 47.925
12.575 49.525
10.425 51.675
7.525 48.575
14.225 47.625
13.875 53.375
11.225 50.375
9.575 53.925
6.625 50.575
13.375 50.475
12.925 49.075
7.175 47.675
10.925 50.525
13.525 53.125
7.675 52.625
6.025 50.975
9.625 47.775
7.275 49.125
11.925 50.525
8.225 51.675
9.475 50.925
12.775 50.225
13.825 52.475
12.525 47.525
10.625 54.175
9.675 50.875
9.275 50.675
12.725 52.275
7.825 49.075
9.925 53.075
14.025 49.125
11.275 48.525
11.325 52.925
11.025 50.925
10.625 49.925
5.875 52.225
12.225 51.025
14.825 53.275
8.975 52.475
11.025 50.825
14.025 50.075
14.125 47.275
10.975 52.975
7.025 50.375
8.675 48.575
11.225 52.275
5.925 48.275
7.825 48.525
10.575 55.175
7.275 48.275
9.025 48.525
12.775 53.525
7.325 48.975
5.875 50.025
11.975 52.425
7.675 47.425
7.175 47.825
15.225 48.275
6.575 51.025
10.575 54.325
9.875 48.825
9.225 52.375
13.625 49.025
7.675 50.675
10.225 53.675
14.525 48.625
13.525 48.575
14.675 51.025
7.875 52.475
14.675 52.825
12.175 48.725
8.175 52.075
9.875 48.975
15.225 48.075
10.825 51.425
10.025 47.475
6.025 48.725
12.425 53.425
10.875 47.275
12.775 53.375
13.025 52.525
11.375 52.625
12.175 47.375
12.975 50.175
14.775 51.275
7.725 50.675
12.325 49.675
12.075 48.075
13.575 47.775
7.925 52.425
13.525 52.975
13.675 53.225
11.425 51.825
13.775 47.275
12.575 49.125
7.525 52.575
15.125 53.675
14.625 53.825
14.125 50.475
12.925 49.825
13.025 52.075
11.425 48.975
10.525 47.775
9.475 52.425
10.025 53.775
13.475 54.075
10.125 49.175
9.525 52.725
10.575 52.225
8.075 48.475
6.525 47.275
8.925 50.675
13.925 51.825
10.675 55.075
11.175 54.925
7.275 49.075
12.875 50.525
13.125 48.825
7.075 47.375
13.425 53.925
12.225 51.125
14.225 51.125
6.525 47.525
10.775 54.925
8.825 50.525
14.775 48.225
9.475 51.625
8.075 50.625
7.775 50.025
15.125 51.675
12.775 50.775
6.375 49.475
15.225 48.325
7.725 50.175
12.175 47.775
6.825 47.725
13.775 51.525
14.475 52.925
14.125 53.575
14.925 51.875
11.175 51.775
11.725 50.875
7.675 47.375
6.525 48.375
9.925 48.775
14.675 52.225
14.975 49.025
11.375 50.525
9.775 52.275
10.825 50.675
5.925 50.625
9.275 48.225
9.525 48.525
12.925 52.825
13.475 47.975
8.725 48.825
13.275 51.775
9.225 55.125
15.175 53.225
7.175 48.825
14.675 48.375
6.075 48.525
6.775 49.725
6.875 50.325
13.075 50.475
12.925 53.675
8.525 49.225
14.575 51.325
14.125 49.925
11.425 51.525
6.975 49.925
15.175 51.425
7.225 50.425
12.675 47.575
11.175 51.825
10.025 48.575
11.675 50.375
9.025 52.075
8.925 52.175
7.825 53.325
12.175 53.375
12.775 52.575
11.425 49.125
12.375 53.725
13.425 53.675
9.275 50.525
12.225 51.325
14.025 49.075
11.375 49.625
13.075 53.675
10.375 53.425
11.675 53.875
6.975 52.175
5.975 51.725
6.475 49.675
11.175 48.725
6.025 51.975
7.275 47.425
10.525 50.875
6.575 50.575
7.125 47.675
11.175 51.425
11.175 51.875
12.875 47.675
10.475 52.825
11.675 50.025
14.375 51.275
9.675 48.475
10.825 52.675
6.925 51.375
12.825 50.625
12.575 51.625
9.275 51.875
11.225 47.825
7.225 49.675
13.925 53.675
9.175 50.425
12.425 49.875
8.075 52.275
14.075 50.225
10.125 47.275
8.875 47.775
14.925 51.225
11.225 52.675
11.075 49.525
7.625 51.525
9.125 49.875
8.325 50.125
9.925 48.875
13.075 47.475
9.225 49.675
8.675 52.325
7.575 47.625
7.275 49.525
12.575 48.325
7.025 49.325
11.075 48.175
9.175 50.525
11.925 51.125
14.075 49.725
6.325 52.925
6.275 53.025
6.225 52.475
10.775 53.725
14.525 47.275
13.325 51.775
7.575 47.675
7.675 51.375
8.775 51.325
12.625 51.075
14.375 51.425
10.325 50.775
14.525 52.625
10.675 48.575
12.225 49.725
10.675 49.025
6.525 48.925
14.675 51.625
8.675 50.275
10.975 53.025
12.175 52.625
6.475 52.875
10.275 52.575
5.925 49.175
12.175 48.975
10.275 53.325
10.125 53.325
14.925 49.225
6.975 51.775
12.275 48.925
6.275 49.175
6.075 49.175
11.575 49.025
7.825 48.975
7.225 49.275
10.325 50.725
14.575 50.675
12.025 52.425
13.875 47.975
12.325 52.275
9.425 48.675
12.225 50.875
6.975 47.825
7.675 51.075
6.875 52.275
6.875 50.475
7.675 47.875
12.025 53.125
9.425 52.175
13.275 50.775
6.325 49.575
13.525 48.175
11.325 47.725
9.075 54.425
9.525 52.775
13.025 53.975
9.525 49.675
13.825 47.375
7.975 48.075
7.875 52.275
10.475 47.825
12.675 48.125
7.925 47.275
10.525 51.425
6.625 52.325
7.975 47.675
6.925 51.225
5.975 52.075
14.775 52.775
7.875 50.925
11.325 53.825
11.325 50.975
5.825 52.625
6.775 47.475
8.225 50.325
9.775 49.125
11.875 53.675
10.925 54.175
7.725 49.375
7.125 53.025
8.675 51.725
10.425 53.075
13.725 51.075
7.925 50.425
8.975 54.575
8.925 51.425
8.925 47.525
13.475 49.225
8.825 51.425
11.625 50.375
10.175 54.025
11.025 51.675
11.475 47.875
9.075 53.325
13.225 49.825
12.075 50.375
7.625 49.875
12.325 48.675
15.125 53.275
12.525 51.875
11.825 52.575
13.975 51.775
13.725 50.775
11.925 52.675
11.425 48.125
12.525 47.825
7.925 50.125
7.075 47.775
10.375 50.725
7.275 48.975
8.225 52.625
12.425 50.375
8.475 51.925
8.125 51.425
9.325 52.975
6.025 52.025
7.325 51.325
9.825 54.625
10.775 47.725
9.025 52.425
7.425 52.675
9.675 47.875
14.775 50.325
5.975 51.275
14.875 49.725
12.325 49.425
8.775 49.475
8.625 47.875
14.325 50.225
6.125 49.475
7.975 51.675
11.475 52.025
8.775 48.875
11.775 49.175
6.275 48.875
14.575 53.075
12.025 51.975
11.325 53.875
12.725 49.475
14.825 48.425
9.725 48.925
14.225 53.125
13.125 50.975
9.975 48.775
11.525 49.875
10.025 50.475
9.975 53.175
9.075 48.075
9.475 49.225
10.975 50.475
7.275 52.775
12.125 52.275
13.225 47.375
9.725 48.675
11.775 48.925
15.075 53.525
13.075 49.175
6.525 52.625
10.525 47.625
12.475 51.525
8.325 50.925
7.675 52.075
5.825 48.475
10.375 51.825
7.575 49.825
11.275 48.425
7.275 52.225
14.675 52.375
13.425 52.775
11.875 50.525
7.125 53.225
15.125 55.125
8.525 51.475
9.225 47.575
7.375 47.425
9.275 52.575
9.975 47.375
12.825 54.125
8.375 51.125
9.775 53.225
6.475 50.275
8.975 51.625
12.825 48.825
11.325 48.725
8.775 52.775
11.825 48.025
11.725 49.025
8.075 52.825
9.025 51.725
11.125 47.725
9.425 49.175
10.775 50.975
8.675 51.925
7.075 50.175
6.425 51.325
8.825 47.825
11.475 51.175
10.975 49.375
10.725 53.075
9.675 51.825
9.175 50.475
13.475 52.425
11.825 48.975
9.875 53.725
13.475 52.275
10.975 47.775
10.025 54.175
11.825 54.125
8.025 52.225
13.675 48.375
8.375 53.125
15.175 49.725
10.625 49.425
7.025 52.225
13.425 48.475
13.325 50.625
14.875 50.825
10.675 47.775
7.475 49.225
5.925 48.225
6.225 50.325
7.475 53.175
12.825 47.425
8.475 50.275
7.125 50.025
6.975 47.475
7.725 50.275
9.375 48.625
10.375 49.325
7.125 49.775
13.725 52.925
13.075 48.775
5.925 48.725
13.025 48.175
9.625 49.675
13.625 48.975
13.025 48.775
12.625 47.375
14.875 52.875
12.775 51.175
6.475 51.075
15.225 48.775
7.175 48.875
8.175 50.875
7.075 49.075
8.675 48.725
10.875 50.275
12.425 48.725
10.825 53.075
13.375 51.575
9.575 52.675
7.325 48.725
15.175 52.375
10.675 53.075
11.375 47.775
12.625 50.375
11.925 50.475
13.075 51.425
12.975 52.825
9.775 54.575
14.375 53.475
10.375 50.275
11.125 48.975
8.775 54.325
13.625 50.125
8.975 50.225
13.125 53.375
9.675 48.375
11.525 48.325
5.775 51.825
14.975 47.825
7.175 51.325
11.275 52.475
11.875 51.975
10.325 51.475
6.075 52.925
12.525 51.825
7.075 48.675
13.375 52.175
7.575 48.925
10.025 48.825
9.875 54.525
10.775 48.425
9.025 50.625
8.625 53.225
7.575 47.775
14.925 53.625
7.725 51.325
13.325 47.525
6.825 48.425
10.625 47.725
14.175 51.925
12.175 51.425
7.425 48.175
10.525 50.425
6.075 53.275
14.575 53.925
7.475 48.375
11.925 49.475
12.675 51.125
9.125 54.725
11.275 47.575
8.525 52.325
7.925 52.525
7.875 50.875
6.675 49.275
13.725 51.175
7.725 51.875
11.625 49.425
13.475 51.475
11.175 49.525
5.825 50.125
8.475 53.225
9.875 47.325
7.975 51.825
12.225 53.625
8.875 48.825
13.625 51.625
13.925 50.275
10.525 51.375
7.825 50.925
7.225 49.175
8.425 48.875
6.425 51.825
11.875 51.125
14.725 50.525
9.575 50.425
12.225 50.175
13.025 51.025
8.325 53.325
15.175 52.825
13.725 47.725
8.125 52.125
8.375 51.425
8.525 53.675
8.475 50.025
7.925 48.375
10.625 54.075
14.525 50.725
9.875 52.925
5.825 47.275
9.325 50.425
9.225 54.275
7.325 48.375
15.025 52.375
9.225 47.625
9.175 53.175
15.175 50.575
9.725 47.575
8.525 52.675
7.875 49.325
13.425 53.375
8.725 48.375
12.725 50.275
15.225 48.025
10.775 52.275
8.375 51.025
13.375 48.775
13.975 47.525
13.525 49.275
12.325 48.175
6.125 50.875
13.675 49.775
7.675 52.225
11.025 53.925
13.625 51.175
14.125 49.525
11.575 51.075
12.975 48.375
10.875 50.025
6.025 48.575
9.425 48.025
11.175 49.625
9.475 52.775
10.425 50.525
10.175 52.225
8.775 50.575
8.925 54.675
8.725 51.175
9.825 50.425
10.425 49.025
6.925 51.125
7.525 50.975
8.275 51.675
13.325 51.625
10.175 53.025
5.925 51.825
7.725 48.775
13.325 53.175
8.525 49.975
8.425 51.425
13.475 48.325
12.925 52.625
13.775 48.975
10.975 47.975
10.625 55.175
9.525 51.125
7.425 48.875
14.375 48.525
11.575 52.875
15.075 52.525
8.125 48.925
9.375 53.575
14.825 51.425
12.325 53.275
12.025 53.375
11.125 51.175
12.175 52.475
9.025 48.225
9.575 49.475
7.425 50.975
9.125 50.425
10.575 48.425
15.075 50.325
11.925 47.575
14.925 55.175
10.575 49.175
13.025 50.425
9.475 54.125
6.775 49.225
12.775 53.975
9.425 53.175
14.875 52.075
11.175 49.125
9.775 53.425
9.025 48.925
9.625 50.575
7.725 52.425
12.175 49.975
9.175 51.725
7.575 51.375
14.125 49.875
15.075 49.725
14.975 51.875
9.375 51.175
13.075 49.825
8.925 53.625
8.025 47.925
9.975 54.225
7.475 48.925
13.025 53.575
9.825 53.725
10.125 49.725
6.675 51.375
12.475 49.525
13.175 53.325
11.475 50.375
15.025 48.475
12.075 49.625
10.775 49.825
13.625 49.275
7.225 50.775
12.125 48.225
8.325 48.825
9.825 53.325
13.325 48.525
11.375 52.525
8.675 52.725
9.325 55.225
13.825 49.825
11.575 49.475
12.925 51.575
10.725 54.125
9.875 51.575
10.625 50.325
13.775 52.575
12.725 54.325
6.675 49.425
12.125 48.875
8.875 49.425
8.925 48.575
6.125 51.425
12.725 51.575
9.225 50.925
12.225 52.625
9.575 53.725
7.225 50.675
13.225 47.275
8.775 55.025
6.825 50.325
11.975 50.025
6.125 48.625
12.175 50.875
11.725 52.475
14.125 52.625
7.575 51.725
8.375 49.425
7.125 48.825
11.775 52.275
7.925 48.775
14.125 48.325
14.875 47.975
12.175 48.475
6.825 52.875
12.575 48.825
11.525 54.675
12.075 50.575
11.825 50.725
10.875 53.475
5.825 51.075
8.525 47.275
13.325 53.975
13.025 49.925
7.125 48.525
9.725 51.825
10.725 49.975
7.875 49.775
13.425 50.475
12.125 49.175
15.225 50.525
14.525 48.975
6.325 49.425
6.125 53.275
13.325 47.425
14.775 49.625
13.875 50.525
14.725 52.725
12.875 51.675
9.975 49.125
8.425 48.825
8.725 53.175
10.525 53.625
7.825 48.875
7.125 50.725
6.325 51.175
13.625 47.975
12.125 53.925
9.275 53.775
15.225 53.125
8.775 53.725
14.975 52.925
8.025 47.975
8.975 52.775
5.925 52.125
11.525 48.075
10.325 48.675
11.525 51.975
12.725 51.775
8.625 48.575
13.625 48.125
7.475 52.375
10.325 54.425
13.875 50.575
7.425 49.175
9.025 55.025
9.825 54.425
9.725 49.875
9.525 53.475
8.675 54.375
6.775 51.525
13.525 48.925
11.425 55.225
8.925 47.575
8.675 50.575
9.775 53.775
9.575 49.525
12.625 52.275
9.625 49.625
12.675 52.275
5.775 49.025
11.325 54.875
11.775 49.875
6.575 48.925
12.875 50.775
12.025 48.275
6.925 50.575
9.975 48.875
10.875 49.025
10.075 49.825
9.025 53.975
12.675 49.725
6.125 51.825
11.325 47.975
5.975 53.275
13.275 47.775
11.125 52.825
9.375 52.525
13.225 49.025
14.425 53.275
7.425 47.675
10.675 51.825
14.825 49.975
14.875 47.625
14.925 51.675
13.325 48.625
10.575 48.875
9.825 49.375
6.575 52.825
14.025 51.775
10.875 51.125
9.525 50.125
11.175 50.025
9.425 50.425
13.375 54.525
10.975 50.425
8.275 52.475
13.625 47.775
13.125 50.625
6.075 49.375
9.175 49.775
14.925 53.825
12.475 49.625
10.425 51.075
7.925 48.475
10.225 48.675
9.225 54.525
11.875 47.675
12.425 51.325
14.225 53.675
7.925 47.925
7.425 49.925
6.125 49.875
13.025 53.875
12.525 48.375
11.075 48.825
14.825 52.075
11.075 47.575
9.875 51.675
10.825 48.875
9.375 50.025
12.575 50.275
14.575 50.075
5.775 49.925
12.125 51.525
13.025 50.175
10.075 47.825
6.725 52.475
13.225 52.425
14.925 53.075
6.025 48.325
6.025 51.425
11.075 52.075
12.875 49.025
14.525 47.925
14.875 47.875
10.725 47.875
13.925 48.575
10.075 49.875
10.375 51.225
9.425 50.225
12.875 51.325
13.125 49.175
7.475 48.125
8.875 50.675
14.325 50.325
10.775 49.225
12.025 55.125
6.275 52.925
8.525 50.125
11.075 51.325
8.625 48.275
10.725 49.275
11.125 49.175
7.975 52.875
13.775 48.825
13.025 53.775
9.125 51.825
9.125 52.675
8.975 48.275
12.325 48.975
7.575 48.975
12.625 48.275
11.425 49.725
13.625 49.725
8.275 48.975
11.425 50.225
10.875 50.575
15.075 50.775
11.375 47.325
11.225 47.925
7.325 48.625
10.725 47.425
7.125 53.175
7.675 48.075
13.525 53.775
7.575 51.625
14.325 50.025
7.925 52.075
7.075 48.175
11.225 52.075
10.825 50.475
12.975 49.625
6.625 53.125
11.125 53.025
10.775 50.225
6.875 48.725
13.125 48.725
14.025 53.425
11.225 50.525
10.975 50.675
6.475 48.625
14.975 50.075
8.175 48.875
6.575 47.975
6.125 52.325
9.275 52.075
10.925 53.025
6.575 47.675
12.075 50.675
6.875 52.725
9.175 51.175
13.825 48.225
6.675 49.975
14.875 49.225
7.025 49.825
12.775 52.075
6.575 48.725
11.125 52.175
14.975 48.275
7.525 50.025
14.825 51.825
13.175 50.125
10.375 50.775
13.575 49.275
7.075 49.675
8.775 49.275
9.975 48.225
11.925 52.275
11.475 50.875
8.425 51.525
11.875 53.125
14.975 49.575
7.825 49.275
14.925 49.875
8.075 48.175
15.025 55.125
13.275 47.475
13.725 47.425
9.375 48.975
9.125 53.775
9.525 52.325
6.275 49.375
9.775 52.425
7.525 47.625
5.775 48.925
11.225 53.075
14.525 47.775
7.875 48.725
11.025 48.825
12.175 51.225
12.975 49.525
9.725 51.725
14.575 52.925
7.575 52.325
11.575 53.675
11.625 52.675
11.325 50.675
8.525 47.775
7.275 51.775
7.425 49.075
14.575 50.575
6.925 49.725
8.175 53.225
9.175 49.475
12.175 53.075
14.275 47.775
5.975 52.425
13.275 47.525
10.575 47.925
11.925 49.325
9.875 47.775
13.225 49.325
11.675 47.775
9.675 54.175
12.975 49.675
13.875 50.175
7.375 48.375
7.275 51.825
12.775 53.125
10.425 52.075
9.375 52.725
12.275 50.825
14.825 48.275
9.825 49.825
8.125 53.375
10.675 48.175
5.825 51.225
5.975 51.525
8.825 52.025
13.525 49.375
11.725 52.275
13.225 47.975
8.025 50.725
6.675 47.525
8.825 52.475
7.925 48.175
12.875 51.825
9.975 48.175
13.325 53.475
13.275 54.375
11.925 48.825
14.225 53.925
7.275 53.125
10.775 54.875
9.875 52.325
8.125 52.875
6.425 53.125
12.225 48.325
14.675 52.525
7.225 53.575
12.225 53.475
11.375 53.225
8.175 53.425
13.025 52.425
12.075 53.225
14.875 50.375
15.225 48.475
7.075 48.475
12.475 51.725
6.325 47.775
13.875 49.625
10.925 53.325
13.875 52.175
15.075 50.575
11.925 48.075
9.675 54.775
12.575 48.475
10.125 51.325
10.675 49.925
8.075 51.575
10.875 49.575
6.525 49.375
9.775 54.175
9.975 50.625
10.675 49.275
7.525 47.375
7.225 48.975
7.275 49.725
12.625 48.525
9.375 48.375
11.275 51.225
13.725 47.775
13.125 51.025
7.775 49.175
13.375 48.875
14.825 52.175
10.825 51.175
13.925 47.275
5.975 52.875
14.925 49.675
13.125 54.075
14.125 53.175
9.225 54.075
10.025 54.325
8.025 50.825
8.075 49.725
6.075 48.475
14.925 49.525
8.525 50.375
5.975 49.175
7.875 49.025
8.975 51.175
14.075 52.675
11.575 50.375
9.375 51.725
13.425 49.925
12.825 47.625
6.175 48.025
9.675 51.075
10.925 52.675
15.175 51.075
9.025 48.825
14.875 52.625
7.075 47.875
9.925 53.475
11.725 49.625
12.975 52.775
14.875 51.925
11.325 52.425
6.325 49.175
13.175 51.425
11.775 51.125
14.775 49.025
14.075 49.225
10.325 51.275
7.175 50.725
11.875 49.125
6.025 50.675
14.475 48.225
13.275 48.575
14.625 50.175
6.425 51.075
13.375 50.175
8.725 48.975
12.525 51.675
14.425 52.875
10.525 49.775
15.175 52.525
5.975 47.725
8.325 54.925
11.925 51.175
9.125 50.225
11.625 50.475
8.975 47.675
15.075 48.975
14.975 51.225
13.225 52.075
8.375 47.875
8.375 52.475
10.275 52.875
11.975 50.575
7.575 51.025
9.475 47.775
12.975 47.825
7.275 51.975
12.475 50.375
8.275 51.425
10.225 53.375
12.375 47.275
7.975 51.875
15.075 48.625
10.775 51.625
11.175 50.775
11.625 51.275
10.725 50.325
7.725 48.275
9.825 54.525
8.175 52.675
12.375 48.775
6.325 51.125
11.525 49.925
11.575 52.125
14.625 49.475
13.625 53.375
11.325 49.775
14.625 51.875
10.325 51.775
10.975 47.275
11.975 50.525
11.975 49.625
9.075 49.525
11.225 51.175
12.325 50.725
10.675 52.825
9.575 49.975
11.875 49.775
14.625 53.375
8.675 49.625
8.675 53.025
5.975 48.975
7.225 51.475
9.175 50.775
7.575 52.175
11.325 48.075
12.225 51.375
12.575 48.225
13.175 53.125
12.625 52.475
6.125 52.025
10.325 48.775
9.775 52.925
10.375 49.225
11.125 50.025
7.325 48.775
14.225 50.375
11.025 50.775
6.975 50.125
8.175 51.025
12.875 50.125
14.225 50.225
12.775 50.325
7.775 51.775
6.375 53.175
12.475 48.875
11.775 55.125
11.125 53.475
8.725 50.675
11.525 50.125
6.275 47.275
9.925 47.675
12.575 50.575
9.775 49.275
8.525 51.775
8.025 51.475
6.325 47.875
8.825 53.775
6.325 48.825
6.875 52.575
12.325 47.725
14.725 50.275
13.325 50.475
12.225 47.325
10.275 51.225
13.875 51.725
7.125 48.225
13.575 54.475
7.075 50.275
14.575 49.975
10.075 47.775
8.825 52.175
10.625 47.375
12.375 52.375
13.875 53.525
8.475 52.525
12.225 49.175
12.625 48.625
12.075 54.875
6.325 52.725
10.775 47.925
12.625 50.575
13.975 51.925
12.425 50.975
6.325 47.375
5.875 48.475
14.225 51.775
9.925 49.575
9.425 47.275
9.625 52.975
15.075 53.975
9.625 52.075
10.775 53.375
13.625 49.575
9.075 55.025
9.775 49.825
11.925 54.875
14.725 49.025
12.675 49.775
10.925 53.125
10.225 53.325
9.125 54.225
7.275 50.825
11.775 48.475
14.125 53.475
10.875 54.175
11.975 48.875
13.675 47.475
13.475 48.375
9.525 49.025
14.525 53.325
9.475 48.725
13.025 50.975
12.275 49.325
8.625 49.275
12.975 49.275
6.275 50.275
9.875 47.525
14.375 47.625
8.625 50.575
9.125 54.675
9.375 50.325
12.975 52.125
11.275 51.825
14.225 48.625
10.625 52.875
7.575 53.175
14.575 52.825
14.625 52.175
9.425 53.875
7.375 53.275
11.375 52.325
14.675 50.875
14.175 49.475
12.625 51.325
11.725 50.075
5.975 51.775
8.725 55.075
8.975 50.075
9.175 50.375
13.925 50.675
8.825 52.375
9.975 49.025
9.725 54.325
8.975 48.725
11.575 50.575
13.225 50.875
9.775 49.375
7.375 50.575
8.575 50.325
9.175 48.275
8.575 52.475
8.675 49.825
10.925 48.125
6.625 51.475
10.525 51.025
10.625 53.275
6.525 52.075
10.375 49.175
5.925 52.825
7.025 48.025
9.375 50.125
11.925 53.525
8.475 52.125
13.125 51.225
9.725 53.125
8.075 48.625
7.925 53.475
13.725 51.475
12.725 49.725
7.725 51.525
12.775 47.475
11.975 50.375
10.775 48.025
6.375 49.275
15.025 54.025
9.675 52.025
12.075 47.625
6.525 52.825
8.675 48.175
13.875 49.975
12.025 47.825
7.975 51.275
8.575 51.475
12.225 49.775
10.675 48.375
8.825 51.275
10.625 47.825
12.675 50.125
6.325 49.375
10.275 49.475
9.575 50.825
13.925 51.325
10.675 52.525
9.275 47.925
14.375 52.725
11.225 52.325
10.125 47.725
5.875 52.775
6.425 52.025
9.175 52.825
6.625 49.525
15.125 54.075
6.475 50.725
7.075 48.125
14.275 48.975
12.675 47.925
9.175 54.175
11.275 50.975
14.825 49.225
14.375 51.775
9.225 50.875
8.675 51.525
10.275 48.025
13.275 48.275
12.225 53.125
6.475 50.925
12.875 47.275
15.125 49.075
13.975 51.275
9.675 53.025
11.975 48.225
12.675 53.275
8.175 49.475
6.025 50.275
12.225 48.525
6.125 50.325
14.625 49.975
8.975 54.275
13.575 50.375
13.875 49.575
14.125 49.075
11.875 53.425
7.625 50.525
6.475 53.025
8.075 47.925
8.175 52.025
14.675 49.925
11.025 51.375
7.875 50.575
13.275 48.225
15.125 49.975
7.675 53.525
8.275 53.375
8.075 52.625
13.075 52.375
10.075 49.625
7.125 48.925
13.925 48.125
7.875 53.375
11.425 48.825
7.375 49.925
7.225 47.325
11.675 47.675
9.525 49.425
14.325 47.475
12.025 49.025
14.175 53.075
10.875 52.025
7.125 50.225
10.275 53.175
15.025 53.675
9.975 50.475
8.025 47.275
13.625 54.375
12.325 53.675
7.775 53.525
10.775 52.925
8.275 50.975
11.225 53.725
6.775 50.725
13.175 50.625
14.275 47.275
11.875 50.075
11.075 48.375
6.925 51.075
8.175 51.925
13.575 49.525
13.975 52.025
15.175 48.525
11.125 50.425
13.525 48.525
6.375 50.775
13.575 52.275
7.375 48.325
8.775 50.925
13.325 48.925
11.875 51.425
9.275 49.125
8.375 48.075
6.375 51.225
14.825 55.225
7.675 48.275
9.325 54.225
10.375 51.175
10.375 50.325
13.975 48.375
6.425 51.725
11.125 49.775
12.975 49.725
7.425 50.575
7.525 48.425
7.525 50.325
8.575 51.575
13.725 51.875
5.775 53.175
12.625 48.975
10.825 49.725
10.075 50.875
6.175 47.825
12.175 51.275
13.175 51.475
10.175 48.075
5.775 51.575
5.975 49.025
8.225 51.975
11.175 52.525
10.325 48.075
5.975 47.775
7.575 52.725
13.575 51.375
13.275 50.225
10.525 49.725
13.675 49.525
11.275 52.925
10.325 48.475
7.225 51.225
13.625 47.825
7.075 53.425
6.925 48.925
6.675 48.625
9.975 51.575
9.775 54.525
9.875 47.275
7.275 48.825
5.975 53.325
9.075 51.675
13.375 52.575
9.475 50.025
14.325 47.575
14.875 48.525
8.975 50.475
13.775 51.125
8.875 53.125
8.475 52.875
9.375 48.325
15.125 50.475
13.425 51.725
7.175 47.975
14.725 51.525
9.275 49.325
14.575 53.425
10.425 48.025
13.925 48.275
6.875 48.475
13.475 50.275
8.275 52.525
12.325 47.925
5.875 52.525
9.475 51.775
9.425 49.775
14.875 53.425
7.125 52.825
15.175 49.875
9.575 54.525
15.225 50.125
13.875 50.125
11.325 50.425
10.675 52.325
7.525 53.075
14.525 50.825
14.725 52.425
11.025 52.325
7.275 52.575
7.675 51.475
9.525 52.575
9.525 50.175
13.075 48.575
7.925 47.875
6.375 49.625
7.475 51.325
8.725 54.975
8.325 47.525
13.625 54.525
10.875 48.725
11.175 50.375
13.425 51.375
11.325 48.325
8.525 51.075
11.225 47.775
12.775 51.675
7.325 52.675
11.075 49.975
10.275 54.375
10.175 47.375
9.725 53.225
10.325 49.625
8.475 51.575
6.125 47.275
14.475 51.675
13.725 51.375
7.225 51.025
11.775 53.425
8.275 51.525
7.725 48.325
8.025 47.625
10.425 47.775
5.875 52.825
6.825 50.375
9.475 50.625
15.175 52.425
11.875 52.975
6.025 47.425
8.675 53.425
15.225 49.275
9.175 50.575
9.975 51.025
10.725 50.425
6.025 51.875
10.575 49.725
7.275 47.375
11.875 51.025
6.425 52.425
11.325 51.075
14.575 52.375
9.275 51.475
11.475 48.925
6.425 51.125
9.075 52.325
8.725 49.325
10.175 52.175
8.025 51.275
10.825 47.825
12.725 53.475
6.075 52.575
8.925 50.825
9.425 53.925
14.925 48.025
9.725 53.875
8.225 49.225
9.675 50.475
8.175 49.875
7.325 47.925
13.525 48.725
10.325 49.775
12.275 53.175
12.175 52.875
8.825 49.525
12.125 48.075
7.725 47.825
11.225 48.175
9.475 53.675
7.225 47.525
11.825 53.525
6.025 50.125
14.125 51.925
14.125 52.775
12.425 50.475
10.025 50.025
7.625 48.325
11.925 53.575
15.175 47.625
8.175 49.025
9.925 47.325
7.175 52.275
9.025 52.025
10.425 51.125
11.825 47.325
9.675 54.975
12.975 53.075
14.075 48.125
9.775 53.975
10.075 53.875
11.525 53.975
7.775 49.725
9.425 51.325
11.075 51.875
7.075 48.325
14.025 50.675
9.575 54.475
10.575 48.125
14.425 51.075
7.275 50.375
13.725 51.725
10.375 51.925
15.025 49.225
9.275 53.825
6.725 52.175
13.275 49.675
5.775 52.975
9.875 52.675
8.225 47.325
13.775 53.275
14.675 50.575
10.925 51.475
11.625 51.075
14.275 51.225
12.675 47.825
11.225 50.575
10.525 51.725
13.975 50.575
11.775 50.175
9.425 49.225
14.325 53.825
14.025 52.575
13.275 49.075
10.775 48.925
11.825 49.575
6.275 49.625
8.625 53.025
12.575 52.875
9.125 50.875
7.975 51.025
11.425 47.975
11.625 48.125
9.675 53.625
13.125 52.675
7.525 47.675
10.925 50.775
11.925 53.225
10.125 52.425
8.325 48.725
8.275 48.075
13.475 51.075
7.625 48.825
14.575 49.625
9.725 49.575
11.225 52.975
13.625 47.925
12.925 48.675
10.925 51.625
14.925 52.175
10.625 48.475
14.025 53.325
8.025 52.475
7.025 51.975
11.875 48.125
9.425 47.375
11.375 52.125
11.225 50.975
14.375 49.575
10.125 52.675
12.375 53.525
9.225 47.825
9.425 54.925
13.475 48.175
8.825 49.225
9.125 47.725
10.075 50.775
11.875 52.725
11.525 50.225
11.075 50.325
14.125 49.375
11.725 52.375
6.475 53.125
11.525 52.975
8.325 50.025
8.675 53.175
12.075 50.525
7.925 47.475
12.575 50.475
14.275 52.725
7.575 52.025
6.625 51.375
7.475 52.275
7.075 47.675
10.525 48.075
9.475 53.825
9.325 47.525
7.525 51.225
6.525 53.425
11.925 53.125
11.225 53.525
6.975 48.525
13.475 51.975
14.025 52.675
7.975 50.825
14.175 53.425
10.975 48.375
11.625 48.325
9.025 53.025
10.575 55.125
10.925 47.275
14.825 50.475
6.125 53.375
9.875 49.125
9.075 47.925
15.125 47.425
12.375 50.525
6.975 50.275
13.825 49.125
8.725 51.375
10.675 47.375
12.275 49.125
11.725 47.775
11.375 48.825
11.075 53.825
10.825 53.975
6.675 51.325
5.975 47.675
11.075 53.525
12.725 48.325
13.675 48.525
10.925 55.075
14.125 48.225
12.625 53.175
8.525 47.525
8.275 48.625
12.425 53.375
7.575 50.725
9.525 51.825
8.225 47.975
9.425 51.775
13.825 48.425
7.475 50.075
12.075 52.175
7.875 49.175
13.775 48.925
12.125 48.175
10.825 53.025
13.425 50.375
7.525 51.375
9.725 47.925
13.775 47.775
10.375 52.375
6.625 50.825
13.025 48.825
9.575 48.425
11.975 53.925
6.375 48.925
11.575 51.875
7.825 51.825
15.025 48.875
9.575 51.975
14.875 47.475
13.225 53.175
11.975 55.075
9.925 51.225
12.275 50.075
10.575 51.625
13.325 53.525
6.775 49.925
7.175 52.625
12.925 53.125
13.325 48.425
13.525 52.625
11.525 47.375
8.725 48.725
12.025 50.675
12.425 48.125
12.875 52.575
13.325 52.525
7.325 53.375
10.175 50.125
11.875 49.925
13.125 49.275
6.825 52.025
5.825 49.675
8.075 48.775
11.525 50.625
6.625 50.475
14.325 49.325
10.125 55.225
9.625 49.225
7.375 50.825
10.725 48.775
10.825 49.525
6.675 48.575
12.875 52.525
15.025 53.875
8.925 47.825
10.775 54.075
12.875 50.025
10.675 51.925
9.825 47.825
12.925 53.475
9.225 53.175
6.325 50.825
9.225 54.675
9.625 53.025
12.625 47.775
6.925 51.775
7.425 53.325
7.225 50.225
14.925 47.925
9.475 49.975
9.675 54.225
6.625 52.025
10.325 52.525
14.825 50.775
8.975 55.075
15.075 50.275
13.725 53.225
6.625 53.425
14.325 50.925
7.175 50.425
14.525 48.125
13.525 49.925
14.025 48.875
14.225 50.175
11.625 53.025
11.925 47.525
12.775 51.975
10.875 52.525
10.225 48.575
8.825 49.125
8.125 50.625
13.375 51.075
13.325 54.025
12.625 51.225
6.875 47.875
9.825 52.375
12.475 49.925
14.125 48.675
10.125 51.525
11.025 53.475
11.175 52.975
7.175 48.375
6.575 52.925
12.825 48.525
9.175 53.575
7.575 51.075
10.525 47.725
12.425 52.575
7.925 48.275
13.675 52.725
7.525 53.625
15.075 50.525
14.025 53.475
13.625 47.875
12.325 52.575
13.825 49.075
12.375 52.875
9.325 51.825
11.175 53.575
6.725 52.225
9.975 54.975
12.775 48.675
8.975 52.975
8.025 49.675
11.475 48.025
12.525 52.225
11.075 49.775
7.975 50.775
6.575 47.325
8.775 50.825
12.125 51.125
10.025 52.825
10.125 52.225
12.225 50.425
5.925 47.875
9.075 48.525
6.675 47.725
8.225 53.075
14.475 49.725
12.475 52.225
13.225 49.225
12.425 53.525
12.325 48.075
9.925 48.675
10.675 51.975
12.675 51.225
8.075 47.425
10.875 49.675
8.625 50.725
6.525 50.075
6.875 50.225
7.325 50.825
13.625 50.925
13.175 53.575
6.025 47.575
6.175 50.925
14.475 50.775
10.475 53.125
7.775 53.425
10.825 53.125
10.975 54.175
9.725 53.375
12.025 55.025
11.725 52.575
9.475 50.875
13.225 48.875
11.325 49.675
7.375 48.775
9.975 50.975
6.825 52.125
12.225 49.275
14.175 48.775
8.525 48.975
10.275 49.075
15.175 49.125
14.825 48.625
11.775 53.575
12.425 54.075
11.625 52.975
6.375 51.725
8.425 52.875
13.375 53.675
9.425 50.725
7.525 49.025
12.425 47.775
8.725 54.925
11.875 50.375
14.475 52.775
12.325 50.775
10.525 50.675
13.325 49.775
14.975 50.175
9.175 49.925
10.475 48.875
6.125 50.225
8.375 48.325
8.225 47.925
9.775 52.725
13.125 50.025
7.975 47.475
8.625 52.225
6.925 47.325
11.075 51.975
6.325 50.625
9.425 50.675
13.325 52.275
10.675 50.175
10.825 51.975
10.475 47.875
10.875 48.325
11.625 48.775
6.575 51.875
9.025 50.575
8.375 51.525
11.825 50.275
14.775 47.925
8.025 49.425
13.275 50.275
13.325 50.875
15.225 52.925
13.075 48.475
11.175 50.525
6.825 48.675
7.075 53.025
9.075 51.425
9.825 53.475
7.275 53.325
8.925 49.025
8.775 51.975
10.275 51.375
6.325 52.075
10.725 49.875
8.875 53.225
12.275 52.125
12.475 47.575
9.075 54.525
11.325 51.825
12.525 49.825
11.975 52.175
13.125 50.575
6.575 51.175
14.975 51.275
8.875 48.275
13.975 52.875
9.525 53.425
12.875 52.725
10.975 51.475
7.625 47.475
14.525 47.725
15.175 53.475
10.375 53.525
6.375 52.325
12.575 51.925
12.475 50.875
6.375 49.025
14.075 52.425
11.325 51.025
11.925 48.925
10.425 52.625
12.475 51.325
9.725 54.125
10.375 54.175
10.925 48.775
11.025 53.775
12.925 50.675
7.175 50.025
10.775 50.625
14.925 52.775
13.075 52.575
8.925 51.375
9.325 48.125
8.475 53.025
9.675 53.425
7.675 53.375
10.575 51.325
9.425 51.875
10.325 52.475
9.925 51.175
6.175 48.825
11.675 53.125
12.925 54.275
14.575 51.775
9.125 53.075
13.225 51.525
11.075 51.725
8.275 50.425
11.575 49.975
10.625 52.325
8.275 53.075
8.925 48.475
12.375 52.075
14.775 49.575
13.225 53.625
7.975 48.975
6.675 47.325
5.925 53.225
9.425 48.075
7.375 47.775
11.275 48.125
8.825 48.825
11.925 52.325
12.075 53.675
10.175 49.725
13.075 48.175
12.975 53.675
14.875 51.525
13.875 49.775
8.175 47.475
8.325 51.425
6.375 52.225
13.975 53.025
9.625 51.325
13.725 52.175
13.875 50.925
6.675 48.375
6.525 50.925
12.825 51.825
7.225 53.075
14.175 49.525
10.125 54.075
7.275 49.875
12.575 48.175
10.675 52.925
10.525 48.125
13.875 52.425
10.325 50.025
12.625 48.225
8.275 51.625
13.375 50.425
10.875 53.925
11.875 49.675
13.375 49.725
12.625 54.225
13.625 51.925
11.375 50.875
14.875 50.575
11.725 48.275
12.625 50.325
8.675 47.825
14.825 47.975
7.375 48.725
12.575 47.875
7.475 53.225
10.025 49.875
12.725 49.125
7.825 50.875
7.025 50.525
12.975 48.575
13.175 48.925
7.625 49.125
9.625 52.675
6.125 50.425
8.625 48.775
5.825 50.475
9.725 49.775
14.625 48.675
12.475 49.375
10.575 53.275
6.475 50.375
11.775 50.975
7.625 51.075
14.875 53.625
11.425 50.275
7.825 48.375
5.975 53.125
7.075 52.475
5.975 50.075
7.925 48.575
10.475 55.225
6.575 48.075
6.375 52.475
8.325 47.375
9.625 53.525
8.275 48.425
12.025 48.175
12.575 52.775
7.575 53.475
11.875 47.525
6.475 48.925
13.925 47.425
6.825 49.575
12.525 49.625
11.475 51.875
12.375 51.975
10.475 54.275
10.475 51.575
9.125 52.875
11.175 48.075
9.375 51.225
9.125 51.225
13.475 51.125
10.575 49.325
8.925 54.425
9.075 48.325
6.275 49.875
13.275 52.525
13.925 51.125
8.675 50.875
10.025 49.575
13.875 48.925
8.375 50.075
6.225 50.725
9.525 53.325
13.925 51.075
12.175 47.275
11.275 49.825
9.125 49.975
14.975 47.525
14.775 48.625
10.925 47.475
13.875 54.025
10.825 48.925
10.875 50.425
13.425 52.375
9.125 50.275
13.125 51.925
15.175 47.875
12.875 49.675
14.775 51.425
12.675 53.525
13.025 47.325
9.475 50.725
9.075 51.325
9.825 53.125
6.325 48.725
8.125 51.625
7.225 49.075
11.425 52.525
8.425 49.125
7.575 50.075
13.225 50.125
14.825 51.275
6.875 51.075
9.025 48.375
8.525 52.825
12.975 50.075
12.625 53.075
11.025 49.525
10.575 47.625
13.025 52.575
10.275 53.975
8.425 48.725
14.575 51.675
10.325 48.525
11.525 52.425
14.325 48.725
12.525 47.325
13.525 54.425
13.575 54.125
14.425 53.925
15.225 54.125
15.075 52.575
14.525 49.225
11.075 51.075
8.525 51.825
13.675 53.725
8.725 52.225
13.175 52.775
9.325 53.025
8.975 51.775
9.025 53.325
15.075 50.675
14.975 47.925
8.725 50.825
13.275 54.325
6.925 48.275
14.025 48.425
6.975 47.375
8.525 52.275
9.525 53.975
8.275 50.325
10.475 48.475
14.725 47.775
11.725 49.075
13.475 48.625
14.275 50.025
10.975 51.175
5.925 47.825
10.325 54.275
10.925 50.725
11.225 51.025
11.875 53.725
12.175 52.025
9.525 52.925
11.025 48.275
6.475 51.175
13.075 53.825
14.325 50.425
14.775 51.175
13.325 54.075
10.125 54.225
14.375 50.325
12.825 52.725
14.875 49.325
12.975 51.675
8.675 51.025
9.375 53.725
12.725 53.975
13.175 49.325
14.875 53.225
11.925 55.225
11.925 51.525
6.125 51.775
13.125 48.225
10.775 47.875
11.575 48.675
9.375 51.925
9.325 54.075
12.075 49.575
9.175 53.375
10.075 53.825
9.075 50.175
14.175 48.175
5.775 49.325
14.875 50.925
13.275 51.625
12.775 52.825
8.575 48.225
12.325 52.625
10.425 49.525
13.625 53.875
11.475 49.575
13.425 48.725
11.925 48.225
9.475 51.125
9.975 52.575
13.575 54.425
10.025 51.125
12.925 50.725
7.925 47.425
6.375 51.175
13.625 48.925
9.125 49.325
13.175 53.975
9.825 51.175
13.225 54.425
6.625 51.725
10.775 52.975
6.875 51.875
15.225 51.875
11.275 50.275
11.775 50.775
10.725 54.275
7.575 49.675
10.625 52.625
11.475 47.425
12.225 49.325
8.175 50.725
13.775 49.125
5.875 51.225
5.875 47.425
12.125 48.675
14.525 52.575
9.475 47.375
7.125 49.925
10.775 52.575
6.925 47.625
13.375 48.425
9.175 51.825
8.175 52.725
14.725 53.625
10.875 48.675
6.875 48.125
6.775 51.575
6.975 53.225
6.525 50.625
6.175 50.025
14.375 52.475
15.025 52.975
11.675 50.675
11.875 52.525
5.975 50.725
14.775 52.575
9.325 50.025
6.225 49.125
12.975 49.125
9.375 47.325
15.025 51.825
14.825 51.575
5.775 49.625
8.725 52.325
12.475 49.875
6.425 52.125
9.275 50.625
8.925 51.325
6.475 50.525
8.475 53.375
12.925 51.125
13.575 48.475
9.375 48.875
10.325 53.075
5.975 49.125
11.875 53.575
10.025 48.975
7.625 48.725
15.175 50.325
11.575 51.775
14.775 55.225
11.225 48.125
11.625 49.475
13.675 48.825
6.525 52.275
6.475 51.125
9.925 50.725
13.175 51.325
9.225 54.625
13.425 54.375
10.575 47.575
6.525 52.375
14.225 50.075
11.775 50.325
11.875 47.825
7.125 48.125
10.275 49.375
12.075 49.175
5.925 50.875
14.275 52.625
9.225 51.825
12.875 52.775
9.275 54.375
11.625 47.975
6.325 50.325
9.525 54.275
7.125 52.225
10.975 52.325
9.025 52.475
6.675 50.625
6.275 47.925
12.075 54.825
9.325 48.325
12.075 52.625
6.775 52.725
12.075 48.825
11.275 47.625
10.375 54.225
10.375 49.475
11.825 51.825
15.175 49.675
13.175 50.425
7.325 50.075
10.125 48.475
6.875 47.375
10.725 50.575
7.975 52.525
7.975 50.225
5.875 47.625
15.025 51.325
14.525 51.625
7.625 51.025
13.175 47.275
10.175 55.225
13.625 50.725
12.825 54.325
13.325 47.375
14.125 51.675
15.175 49.475
10.725 47.825
10.775 53.425
9.375 50.475
11.775 51.975
6.825 52.275
14.525 50.575
12.375 48.475
13.325 50.975
14.725 49.825
15.075 52.675
6.725 51.975
7.825 51.375
14.475 51.125
11.325 52.825
13.525 49.425
11.275 48.825
6.825 52.525
13.325 51.475
15.225 53.475
14.925 51.025
13.075 51.325
8.525 49.025
11.625 49.325
8.575 48.975
12.475 49.975
8.375 53.375
11.675 49.425
11.525 47.825
6.025 47.325
7.675 47.325
11.275 49.225
8.375 48.875
7.475 49.325
11.025 50.175
14.575 50.375
10.325 51.525
6.575 48.125
10.125 49.925
10.125 53.375
13.625 52.925
7.775 51.975
13.275 53.225
7.825 50.525
15.025 52.225
9.675 50.425
9.475 52.675
6.075 49.225
11.025 50.975
14.825 51.025
6.375 53.275
7.875 51.375
5.875 51.675
6.525 50.375
13.775 51.875
13.125 52.175
12.375 49.825
12.725 48.625
8.275 49.475
13.025 47.575
9.925 47.925
15.225 48.675
14.075 50.575
11.375 51.075
12.825 50.825
9.875 49.575
11.575 48.575
8.525 50.475
8.575 53.525
7.175 51.675
14.775 53.475
13.125 47.475
5.875 48.975
7.725 47.575
9.675 52.075
13.775 53.325
8.525 52.075
9.075 52.375
7.875 50.025
8.875 51.725
10.275 54.275
14.325 51.025
8.425 51.675
14.775 50.975
10.275 48.125
11.175 53.225
8.375 52.625
11.525 54.825
6.375 51.775
11.125 52.225
7.125 51.175
13.825 53.075
9.575 54.025
12.825 51.025
9.475 48.775
6.725 52.325
11.775 48.975
9.225 50.025
14.375 50.775
7.275 51.725
12.825 49.675
14.525 48.425
5.775 48.075
6.475 51.975
14.225 47.825
6.925 51.675
9.275 53.325
15.025 53.225
12.075 50.325
15.125 49.925
10.625 48.525
11.325 53.475
11.375 50.975
7.375 50.375
10.725 51.825
15.125 48.125
14.775 52.525
10.875 55.025
11.825 52.025
6.825 48.025
6.825 48.625
7.525 51.325
14.975 53.525
8.825 55.025
15.125 52.525
9.775 50.675
9.825 53.375
11.175 51.375
15.225 48.175
14.925 53.575
7.475 51.675
12.875 50.375
13.725 51.975
9.625 55.225
6.925 48.025
8.525 48.275
13.175 47.625
5.775 52.075
6.125 50.525
11.875 53.625
13.625 51.725
15.225 47.925
8.775 48.625
10.725 54.875
11.325 51.925
5.875 49.875
7.525 51.575
14.525 51.175
9.675 47.975
10.775 52.325
12.175 47.925
9.325 51.375
15.175 50.125
6.475 48.425
12.675 50.975
6.725 51.875
11.725 52.775
7.225 49.975
7.625 52.075
8.125 53.525
8.825 52.575
9.075 49.025
8.875 47.525
10.075 49.975
10.925 48.925
15.025 49.525
11.525 49.175
7.575 48.125
10.075 50.625
7.275 48.125
6.075 47.425
14.625 48.375
10.375 47.575
15.225 50.175
11.225 54.925
12.575 54.275
9.675 48.425
8.375 49.225
13.175 52.975
9.675 48.075
9.575 52.475
14.625 50.775
12.975 52.575
13.825 48.575
9.375 52.575
9.675 54.325
7.025 47.825
9.525 49.075
7.425 48.075
11.575 51.475
9.975 50.375
8.575 48.525
9.575 54.375
12.475 48.625
11.775 52.875
8.575 49.175
5.975 50.025
12.725 50.125
9.125 48.325
7.125 50.075
8.425 47.675
12.225 50.025
14.775 50.225
6.575 47.925
6.925 50.225
13.775 52.425
7.925 50.775
14.275 51.075
11.825 50.675
8.075 50.025
12.275 51.225
7.525 51.975
7.425 53.425
6.775 49.575
10.825 51.825
11.525 53.575
6.925 50.375
15.125 48.075
13.025 53.525
5.875 49.525
12.375 50.775
7.525 48.625
8.775 55.075
14.825 51.475
6.925 50.325
6.625 53.175
6.475 50.825
12.075 47.875
6.875 50.525
14.475 48.175
12.975 48.475
8.225 51.925
9.175 54.275
7.325 51.025
7.175 50.375
10.725 50.775
5.825 49.825
14.325 51.975
6.825 52.925
11.625 47.675
13.525 50.475
8.175 49.275
15.225 47.425
8.325 48.475
10.175 50.025
6.475 52.925
6.575 49.425
9.025 52.925
7.425 51.625
14.975 55.025
9.525 53.075
12.575 50.325
7.675 49.725
10.375 50.925
6.675 52.125
11.975 49.525
12.925 48.025
7.175 48.125
14.425 49.975
7.875 52.725
9.675 54.525
11.675 53.325
11.425 53.725
5.975 47.875
8.275 52.075
6.275 51.275
11.325 54.675
8.875 51.525
10.775 47.375
7.825 48.425
6.225 48.975
9.375 49.825
12.025 48.725
13.275 50.825
9.475 48.325
14.075 50.775
10.925 49.425
8.575 50.725
12.825 51.875
8.675 47.875
7.875 47.575
6.125 49.375
10.375 47.625
9.075 49.375
9.325 51.275
14.975 52.275
15.175 53.125
9.975 50.325
9.275 47.525
12.225 51.275
13.775 51.175
13.575 49.775
11.775 53.525
14.275 52.325
8.825 50.225
13.175 47.925
13.275 48.675
14.725 49.325
13.575 47.475
6.225 51.125
10.075 47.525
9.075 50.975
10.175 51.025
12.875 47.725
10.175 53.275
12.025 48.125
10.575 55.225
13.725 52.125
7.275 49.025
12.775 47.725
13.175 49.075
12.875 48.425
9.175 53.025
15.175 50.375
12.325 54.025
10.325 55.075
8.325 52.175
14.275 52.175
8.675 54.925
10.375 49.075
11.075 52.675
8.625 48.975
6.425 51.175
10.375 52.875
7.375 49.775
14.975 48.375
12.125 48.625
14.975 47.325
10.275 54.225
13.525 47.725
9.625 52.725
12.825 48.975
9.575 51.675
6.925 47.825
12.375 51.525
13.025 49.875
6.725 51.775
9.525 47.375
14.775 52.725
10.675 52.775
11.775 48.375
9.775 48.475
11.725 51.175
12.575 51.475
13.175 52.275
13.625 47.375
12.125 49.675
11.275 52.375
8.125 50.425
12.225 48.775
15.175 50.075
9.225 52.325
9.625 49.475
11.625 53.425
10.625 49.875
12.825 49.325
14.775 53.325
10.425 47.475
6.025 52.275
8.825 48.275
14.925 52.475
9.825 50.225
6.525 51.375
14.475 52.725
11.025 52.675
12.875 51.425
8.925 48.425
5.925 50.925
12.875 51.225
10.375 53.825
15.175 51.925
12.425 48.325
9.025 51.525
9.975 49.825
8.725 54.775
12.725 49.425
12.275 53.625
10.975 49.225
12.075 48.775
12.225 49.575
10.125 53.175
14.925 52.925
15.175 53.775
13.325 53.625
6.025 52.125
6.975 48.125
9.275 55.075
5.875 50.625
6.875 50.125
11.725 49.475
14.925 50.075
13.025 52.775
8.075 50.425
12.625 54.075
12.025 47.475
9.425 50.125
8.725 53.775
14.025 50.275
5.875 50.825
10.325 51.675
10.525 50.225
15.175 48.275
7.975 52.675
10.025 47.975
13.525 48.275
12.325 53.925
6.525 53.325
13.975 52.825
12.175 49.475
11.925 47.725
9.825 53.575
14.775 51.575
13.875 49.025
11.425 49.975
11.725 53.325
12.275 47.425
8.375 50.175
7.875 47.675
13.025 50.525
12.525 50.125
11.725 51.225
6.775 51.825
13.075 48.875
6.925 48.775
6.525 48.225
8.425 49.375
9.925 50.575
7.725 47.975
12.675 52.775
12.825 50.325
9.275 50.875
5.875 48.075
7.925 48.925
10.075 49.575
7.275 47.325
7.325 51.075
14.525 52.825
9.525 52.625
7.825 51.575
10.925 51.825
7.325 49.925
10.125 50.775
12.975 53.025
8.775 49.825
9.325 48.575
7.525 52.675
7.425 47.625
9.425 48.325
12.775 48.475
13.025 53.925
12.525 53.425
9.475 53.975
6.275 50.575
10.175 53.325
8.225 47.775
7.825 53.675
6.425 47.975
10.425 47.825
8.075 48.075
9.175 50.325
14.525 49.025
12.875 48.525
5.825 53.125
15.175 53.625
6.475 47.475
14.175 53.125
13.875 49.375
10.325 48.125
12.525 51.325
14.125 50.325
10.725 51.425
13.375 51.725
9.825 50.875
12.675 47.275
8.025 50.425
9.325 49.275
6.625 48.025
13.075 54.175
5.925 52.975
9.475 48.525
14.675 52.475
11.225 52.225
9.775 47.925
10.075 49.225
8.375 49.575
8.075 48.225
9.225 49.275
13.125 52.025
5.775 51.775
11.875 51.725
9.375 50.075
12.225 51.075
8.275 47.875
11.875 48.725
6.025 50.025
12.425 53.575
6.925 48.175
12.775 52.975
8.775 47.375
9.775 53.025
10.425 50.675
10.875 52.725
7.425 52.125
13.375 49.175
14.975 52.675
10.475 53.775
7.925 51.025
14.825 51.375
10.375 52.325
9.325 52.525
11.325 51.975
7.575 53.025
9.425 52.575
8.375 53.025
11.575 52.425
10.275 53.825
7.125 49.025
11.175 49.075
14.425 52.925
13.975 52.325
6.725 51.375
8.725 49.875
8.975 52.875
6.175 52.625
13.175 48.725
14.025 52.875
10.025 47.775
11.175 47.625
8.875 50.325
11.375 50.575
9.425 50.575
6.925 52.325
14.975 52.375
9.225 52.775
10.375 51.375
7.925 50.375
11.375 49.025
12.725 54.175
13.775 48.425
7.775 48.825
13.475 47.775
14.675 52.875
5.825 52.925
10.175 49.675
9.075 52.125
12.025 51.675
7.975 53.275
14.875 51.575
12.325 47.275
11.725 54.725
10.325 53.675
7.425 47.925
12.125 52.925
9.875 53.325
10.575 48.475
12.675 51.775
11.675 48.825
10.025 48.125
7.375 52.075
13.925 49.475
15.075 47.475
6.625 52.925
10.375 51.125
6.575 51.475
6.725 50.275
10.925 52.825
7.925 52.875
9.325 47.825
13.375 52.475
6.775 49.375
10.175 53.625
10.625 54.125
8.375 50.925
14.075 47.825
10.975 51.725
9.075 49.725
8.075 47.825
8.475 48.475
10.275 52.325
14.725 49.675
14.825 50.925
7.475 52.625
12.225 52.225
6.725 52.525
12.575 53.575
11.925 52.575
9.225 53.825
11.875 49.275
13.325 50.925
9.425 51.425
9.925 49.375
12.725 52.725
15.075 48.275
7.025 49.675
9.225 54.775
12.625 50.725
10.125 53.225
14.625 50.825
13.175 52.725
13.425 50.925
6.825 50.675
13.175 51.025
13.375 48.825
9.525 51.475
7.725 48.125
8.625 53.475
9.025 52.275
10.625 50.225
7.475 48.075
7.725 47.725
8.775 48.225
10.525 52.875
8.375 47.575
14.425 51.275
14.625 51.575
8.925 54.375
12.475 50.275
8.775 53.425
8.625 49.625
7.975 48.575
10.375 53.175
6.375 47.575
6.775 51.675
8.375 51.625
12.775 49.675
11.075 47.475
10.825 48.375
12.175 47.975
8.125 50.125
7.925 48.525
11.425 49.625
9.125 54.875
14.175 52.975
7.525 49.625
9.025 54.625
14.925 53.775
10.075 48.375
10.875 51.175
7.275 53.275
14.325 52.825
11.775 53.775
14.925 50.125
9.325 54.525
7.275 47.625
13.625 48.225
8.475 52.925
6.875 51.325
9.475 50.425
6.575 50.125
7.725 52.875
11.625 53.475
9.625 49.025
8.025 49.875
9.925 53.725
11.125 50.175
9.575 49.425
7.525 51.525
6.925 47.275
9.175 48.575
10.725 51.575
12.475 54.175
7.175 50.125
9.175 53.125
9.925 51.825
13.375 52.125
6.525 49.675
8.775 52.075
12.775 52.775
11.975 47.975
10.125 47.875
8.925 54.925
5.925 52.225
12.775 48.175
7.225 51.625
10.825 51.625
13.175 52.225
14.425 52.275
9.925 54.425
13.225 53.125
6.875 50.075
8.825 54.975
11.575 53.975
11.575 51.175
9.775 53.925
8.575 52.725
10.825 51.475
7.375 53.575
15.075 50.225
12.225 48.275
12.425 52.275
9.125 48.175
8.575 52.325
12.975 50.025
9.975 47.875
6.725 50.525
14.325 49.275
12.825 53.875
12.175 49.675
9.775 52.375
12.575 51.375
10.625 53.625
8.025 51.575
12.175 50.975
9.275 50.075
13.825 49.225
14.425 53.075
7.325 52.875
8.875 48.775
10.475 53.225
7.025 51.125
12.775 49.275
8.825 50.175
6.925 48.875
9.875 47.725
6.325 48.175
9.575 52.425
10.225 54.225
14.725 51.875
10.775 47.575
11.625 51.325
9.975 48.475
14.775 53.975
13.625 51.525
13.225 54.275
6.375 49.075
9.075 48.175
10.025 51.525
12.525 49.525
8.825 49.375
6.425 50.625
5.875 49.475
6.175 47.575
11.675 51.125
13.075 51.825
6.275 48.775
10.575 48.175
14.175 53.725
10.625 52.475
13.675 48.925
8.675 52.425
12.125 52.425
8.875 54.475
9.175 50.925
9.475 49.475
7.325 49.975
6.575 52.975
6.875 48.625
8.275 50.775
5.975 51.925
8.475 51.025
14.875 48.375
10.275 51.875
13.675 52.625
11.025 49.725
13.275 52.675
7.025 49.725
14.025 49.825
12.125 47.625
14.575 52.225
13.975 53.175
9.925 48.825
7.625 48.425
9.925 48.575
10.925 52.975
7.575 48.725
9.825 50.775
14.325 50.875
7.325 52.175
13.575 48.125
15.225 52.825
5.775 49.275
13.625 51.675
13.075 52.625
11.475 49.625
6.525 51.175
6.125 48.325
7.075 48.075
8.325 49.825
7.875 48.325
10.225 50.175
6.925 52.675
6.025 50.525
6.775 52.575
6.775 47.375
11.625 48.175
11.825 51.875
13.975 47.925
7.575 52.425
9.775 51.175
11.275 49.575
6.475 47.425
14.625 47.475
9.325 48.175
14.775 51.025
12.925 49.925
9.375 51.375
9.075 49.975
14.075 50.325
9.375 48.725
9.125 51.575
10.375 51.775
9.925 51.275
14.575 49.675
7.825 52.525
9.975 51.725
13.475 52.625
7.975 52.075
8.475 49.625
14.325 48.325
11.275 51.875
7.075 49.325
8.375 47.725
8.575 52.275
11.525 52.275
8.925 54.025
14.925 51.575
6.375 48.625
13.925 49.925
11.575 50.075
9.725 52.625
8.425 47.975
14.475 53.225
10.175 48.925
8.175 52.525
11.575 48.925
7.375 49.625
7.325 51.125
14.325 53.125
12.925 53.725
12.275 47.575
11.575 54.725
8.125 53.225
13.225 52.975
13.275 49.775
14.475 49.475
5.925 49.525
14.725 48.925
12.125 51.975
7.975 52.375
14.125 52.375
9.975 47.775
6.675 52.975
10.875 52.325
12.975 54.325
12.625 50.975
9.225 47.775
12.125 55.025
12.825 49.425
12.325 47.425
8.125 52.725
7.675 50.925
12.475 52.425
12.625 48.825
6.825 50.425
9.675 49.975
5.875 47.825
11.225 51.925
7.825 51.325
13.575 51.775
14.875 52.425
9.375 54.375
11.675 48.425
10.675 51.025
8.875 49.025
11.925 52.775
10.825 48.025
11.775 53.975
15.175 49.075
10.325 53.025
15.075 52.825
9.075 49.575
6.675 49.725
11.325 53.775
6.625 53.375
11.125 48.925
5.925 48.425
6.375 48.575
8.825 48.575
7.375 51.975
7.275 50.925
11.275 52.625
14.475 47.325
9.325 49.575
12.125 50.025
14.175 52.025
7.275 52.075
8.175 47.575
10.475 51.775
8.325 52.025
8.675 52.125
8.325 49.775
7.725 47.525
10.275 48.975
9.525 55.075
12.625 52.025
13.325 51.025
12.775 49.625
10.725 47.925
10.425 47.725
14.425 52.675
13.075 50.325
13.625 53.275
9.625 53.875
8.125 47.575
6.175 48.575
6.175 51.225
10.175 48.775
14.925 52.675
15.225 51.425
13.775 53.775
8.975 52.525
12.175 53.875
12.525 51.275
8.325 52.275
13.175 51.225
10.575 49.275
9.525 54.775
9.475 51.525
14.225 50.575
7.775 53.325
14.625 51.525
14.575 47.975
12.475 51.175
14.825 52.025
11.025 48.175
8.825 48.775
12.525 54.025
9.025 53.275
13.275 50.475
14.325 47.425
13.975 49.875
13.275 50.725
5.975 50.325
10.875 50.775
9.975 50.875
11.325 48.025
7.725 48.575
9.425 52.225
10.025 47.675
14.725 51.925
6.675 52.075
9.925 49.475
14.375 53.175
5.875 49.425
13.575 49.675
12.925 53.525
10.175 49.975
9.125 49.075
7.075 50.125
12.075 49.325
13.025 49.325
7.325 47.875
11.075 47.675
12.925 50.625
11.425 49.425
7.875 52.525
14.325 48.975
7.225 49.925
10.175 54.125
11.575 55.225
6.925 49.325
13.825 52.675
12.475 52.375
10.575 53.125
12.525 50.425
12.825 48.725
6.575 48.325
11.275 52.575
5.875 48.925
9.475 52.375
14.575 49.175
13.775 49.875
11.075 48.225
6.025 49.275
8.175 50.525
9.225 48.525
13.075 50.275
6.825 51.825
11.825 47.475
6.225 52.675
10.225 53.175
6.225 47.275
10.875 53.325
13.475 48.025
11.525 48.775
12.875 51.875
9.675 50.975
13.525 49.075
6.075 48.825
7.275 52.175
13.025 49.575
12.675 54.175
12.725 47.425
7.425 48.275
14.275 50.425
14.875 48.875
6.725 52.875
12.425 50.925
11.575 48.475
8.775 49.125
14.175 50.575
13.075 51.475
13.575 47.975
8.225 51.425
8.975 54.975
6.975 50.725
8.975 52.825
11.175 51.125
8.575 52.525
13.175 54.325
9.875 54.175
13.925 49.375
9.625 51.125
10.125 49.475
9.275 50.125
10.775 53.775
6.875 47.725
11.575 52.075
15.125 49.425
6.975 51.275
11.775 48.625
9.875 52.025
7.625 47.675
5.825 47.775
15.175 52.625
11.075 52.775
6.725 48.425
7.575 47.325
9.825 48.725
10.975 48.575
12.125 47.525
6.125 50.675
7.575 51.875
12.825 49.775
11.575 52.575
10.175 51.925
10.325 49.225
11.775 51.375
13.075 48.375
14.025 51.675
11.775 50.925
13.825 49.325
13.775 49.975
12.725 49.875
9.425 48.975
13.525 47.975
13.075 47.275
15.125 50.175
8.425 49.075
11.325 53.375
6.025 52.975
11.525 49.425
14.625 52.475
8.825 53.475
6.475 47.975
11.675 49.325
9.225 49.825
14.325 48.225
11.775 53.275
15.175 49.575
8.075 49.375
7.775 48.625
14.425 53.425
8.625 53.425
7.425 48.975
14.425 49.525
7.425 51.175
9.525 49.575
7.825 51.675
12.425 50.775
9.575 47.825
8.525 53.025
11.025 53.275
12.525 53.975
5.875 48.825
15.025 53.775
10.875 51.225
9.575 52.175
14.075 47.375
6.625 52.775
12.625 48.925
9.275 48.475
12.725 50.475
14.625 49.875
14.825 48.875
14.525 49.375
12.525 50.475
11.825 52.375
12.575 50.375
5.825 48.175
6.375 49.525
14.375 48.375
7.925 49.025
14.525 48.325
7.875 52.975
7.875 47.525
10.425 48.575
14.175 47.975
11.625 48.225
9.325 51.225
8.325 51.875
11.975 48.375
14.475 53.575
14.175 52.825
11.975 49.225
14.925 47.375
11.625 50.875
14.125 49.975
15.175 48.675
15.225 50.875
8.875 54.725
9.025 50.925
8.675 48.425
8.575 47.825
7.975 50.525
6.075 50.825
10.725 51.175
10.175 48.975
9.975 48.675
13.825 47.725
9.075 51.925
14.425 50.925
13.225 51.975
10.225 53.875
9.175 52.475
10.825 52.175
11.125 49.825
7.425 50.525
11.275 49.025
14.375 48.075
12.225 49.975
7.275 52.525
14.525 52.475
10.575 53.525
13.575 47.375
11.975 51.625
10.425 49.675
5.925 48.675
11.175 50.475
8.975 51.125
11.075 47.375
8.175 51.275
5.875 48.025
9.825 54.675
6.175 53.225
9.375 49.025
8.575 50.125
10.325 51.725
8.675 49.575
7.325 53.025
9.725 52.425
8.675 52.525
14.925 53.125
10.625 48.175
14.025 48.925
9.675 50.275
13.425 47.425
10.175 49.075
10.075 50.725
14.675 49.475
7.625 50.975
9.725 48.075
11.325 50.575
5.925 51.725
8.675 51.075
7.475 52.175
8.675 48.475
13.375 54.375
8.275 48.875
11.925 53.175
8.375 48.675
10.525 55.125
7.675 47.475
10.625 47.925
8.375 49.075
11.025 48.025
11.825 49.525
10.025 52.125
9.825 54.475
14.925 55.025
12.025 52.225
14.375 50.225
11.775 49.075
13.925 53.425
11.725 53.875
8.075 49.475
11.075 47.975
14.175 48.125
12.775 51.025
14.725 47.425
13.925 47.675
10.925 49.525
8.875 52.875
11.525 52.525
12.025 50.825
13.175 48.675
7.125 49.875
13.075 51.525
10.175 52.575
12.575 53.525
11.075 48.275
6.575 49.575
9.625 53.425
12.075 52.725
7.625 52.025
10.575 47.875
6.375 47.325
13.325 51.975
9.025 49.675
12.525 50.675
13.525 52.075
14.975 51.175
13.175 49.225
12.125 50.075
13.725 52.975
12.825 48.775
12.125 52.075
13.775 49.275
13.725 51.125
12.625 52.825
6.675 52.225
14.925 47.825
7.275 48.375
12.975 52.375
14.675 47.775
6.125 52.475
13.175 53.825
9.775 51.225
8.875 50.375
12.575 47.975
14.175 47.475
12.275 47.675
15.075 49.425
13.175 49.525
13.425 54.075
13.075 47.925
8.125 49.425
7.225 47.975
10.025 52.675
12.625 53.325
12.175 48.775
12.975 52.875
9.225 50.725
7.325 48.325
14.025 49.525
12.825 48.025
14.025 48.575
14.725 47.675
9.825 48.125
13.025 49.425
11.975 50.125
6.975 48.175
11.675 47.575
14.225 48.575
7.875 48.625
10.775 47.425
6.775 51.425
12.675 48.775
5.975 47.275
6.025 52.775
9.275 51.625
9.575 53.575
12.925 48.825
11.825 51.025
9.875 47.675
9.825 49.125
6.525 48.325
11.675 50.175
9.475 53.625
6.175 47.775
6.175 50.825
14.975 51.675
11.575 49.575
8.275 52.425
10.875 54.125
14.225 47.325
7.575 52.925
15.225 48.125
8.725 48.425
7.725 53.525
13.925 49.725
13.775 49.175
7.875 51.925
12.825 53.075
13.275 54.575
9.775 51.975
14.775 48.375
11.325 52.275
9.225 50.125
8.375 47.525
9.875 52.475
8.875 53.275
12.225 49.375
9.625 51.875
5.875 50.675
14.475 49.275
11.975 52.575
11.375 47.525
12.825 47.775
13.825 50.175
11.325 52.775
14.825 50.325
14.325 51.425
5.825 48.025
8.025 48.525
9.825 51.475
11.875 52.275
7.025 52.175
8.825 49.775
12.825 54.225
10.575 52.425
13.175 49.425
12.925 51.825
13.975 53.125
13.125 50.325
14.975 49.775
7.525 50.775
8.575 49.775
10.275 50.275
13.925 50.325
11.275 48.075
9.025 49.925
9.875 47.425
7.825 47.675
6.125 50.625
5.875 51.625
12.275 51.525
12.075 51.325
10.625 51.975
7.075 47.925
7.875 50.325
8.075 50.975
10.125 51.925
8.475 49.475
13.475 54.025
10.075 50.325
5.825 52.175
8.325 49.525
15.025 52.725
10.075 52.525
6.925 51.275
6.975 52.925
10.375 49.375
10.125 52.575
9.625 48.925
7.175 51.525
6.625 52.425
7.475 47.525
9.475 49.925
15.225 50.425
9.575 48.025
12.125 47.325
9.675 53.125
7.325 50.175
8.025 52.075
12.825 53.375
8.925 53.075
5.775 50.225
11.325 49.525
7.375 51.425
10.425 48.475
7.925 51.325
10.575 47.525
7.225 50.175
14.625 51.475
14.825 52.425
11.075 53.075
7.825 51.425
11.725 48.375
7.175 49.825
7.125 50.375
7.225 49.725
7.025 50.175
7.025 49.225
15.175 51.475
7.675 49.325
8.125 50.325
6.975 50.325
13.175 49.775
13.575 49.175
9.175 48.975
10.375 50.825
9.525 47.875
7.575 47.475
9.325 50.125
13.225 47.525
9.375 49.125
10.525 52.075
12.775 47.625
14.675 50.725
10.075 52.075
8.725 53.725
13.875 52.625
12.925 48.575
11.925 50.975
11.475 50.725
13.825 49.775
8.175 53.325
9.575 49.875
7.575 53.525
13.275 47.825
13.175 50.475
6.475 49.925
11.225 53.825
13.825 52.125
10.575 54.125
8.425 50.075
15.225 50.625
5.775 52.175
8.025 48.675
9.825 50.925
7.775 51.725
14.725 52.875
13.425 47.525
7.375 49.125
9.725 47.875
12.775 53.425
8.475 52.325
9.275 49.675
6.325 50.875
13.925 51.425
14.425 47.375
6.275 49.925
8.425 51.025
5.875 52.625
12.325 51.075
10.225 49.475
7.725 50.225
10.375 49.275
11.375 49.875
14.475 47.875
8.175 48.425
13.725 51.275
13.975 47.675
9.425 49.375
9.725 48.325
7.825 50.425
7.225 48.175
8.175 49.975
10.025 53.525
9.425 48.875
7.075 48.775
9.625 53.775
14.825 50.625
10.875 50.925
10.275 49.025
5.825 50.825
10.925 52.425
13.475 49.125
13.925 51.225
9.875 51.325
5.825 49.625
6.475 49.075
9.425 48.225
7.225 48.775
11.725 49.825
7.575 48.375
8.075 49.075
5.875 52.925
10.125 49.775
9.775 48.875
13.675 53.875
9.175 51.325
8.075 51.875
12.825 50.875
7.575 50.275
12.625 47.325
15.175 51.725
15.125 53.575
8.625 50.025
6.325 52.125
13.775 51.375
14.225 52.175
7.325 52.125
5.975 52.325
9.925 52.425
8.175 53.075
13.125 48.625
7.175 47.275
7.375 47.975
13.525 49.225
7.025 47.275
9.875 50.175
10.575 50.125
12.725 50.025
8.675 50.125
14.975 53.175
12.325 55.025
8.675 47.775
10.275 51.825
12.875 49.475
12.925 53.275
12.425 52.025
9.125 54.075
13.575 50.575
10.425 50.425
12.725 51.225
9.625 54.625
11.325 49.875
9.875 51.225
6.925 52.125
10.475 49.025
13.575 53.575
5.925 52.775
14.075 51.925
12.325 48.425
10.575 49.775
13.925 49.025
14.275 50.925
14.175 53.625
8.075 47.325
7.325 49.575
7.525 52.325
14.575 53.175
12.425 47.325
10.325 53.925
10.625 53.425
13.025 52.975
6.225 51.825
13.925 52.625
7.125 48.625
13.025 47.925
12.875 47.775
6.575 49.625
9.225 51.425
9.275 53.125
12.675 47.375
9.675 51.875
11.425 51.775
13.075 49.975
10.425 47.275
13.725 48.175
12.575 47.825
7.925 51.975
11.375 49.675
12.375 48.725
11.725 53.575
6.775 47.425
13.925 50.875
8.275 52.775
12.425 49.925
7.775 52.075
9.825 53.975
11.075 53.125
5.925 50.275
14.375 51.625
12.325 49.975
12.525 48.275
14.775 49.525
11.725 53.975
12.775 54.125
11.875 55.175
11.775 52.075
9.425 47.425
5.975 49.725
8.875 47.575
9.325 52.925
12.975 48.175
11.125 51.575
14.875 48.275
11.075 47.725
7.425 49.225
7.125 50.825
11.225 53.675
9.725 53.625
13.925 53.775
8.675 50.675
8.425 52.325
12.575 47.325
8.275 51.075
14.375 47.825
15.075 52.875
6.375 48.125
7.775 52.725
11.425 47.475
7.825 50.575
12.875 47.825
13.375 51.175
6.575 49.925
10.975 49.075
15.025 53.425
12.725 49.625
9.675 51.525
8.825 49.675
7.625 47.725
14.425 53.625
12.125 47.375
8.225 50.825
10.725 52.825
6.175 51.325
9.025 49.025
7.725 50.775
6.475 52.775
8.875 48.925
14.725 48.975
9.125 52.825
13.675 53.525
7.075 53.475
9.575 53.625
9.525 53.125
14.575 50.325
11.325 49.825
15.225 49.475
13.525 50.025
8.775 50.875
11.975 50.875
10.375 48.375
11.825 51.725
14.075 50.425
11.175 50.225
9.075 48.225
14.275 52.025
11.375 53.375
10.575 52.275
11.675 50.475
7.625 51.275
15.175 49.975
13.375 53.425
10.525 54.175
12.325 48.775
12.125 52.875
14.625 47.325
8.075 51.175
6.375 47.975
10.925 49.125
7.725 51.775
9.175 47.525
9.125 53.125
12.225 47.825
7.675 49.075
10.525 53.425
7.575 53.625
12.625 48.125
9.425 47.725
11.975 51.325
8.075 49.775
9.375 55.025
8.925 53.275
11.425 52.325
12.075 51.675
14.225 52.825
7.775 47.625
8.825 47.725
11.125 51.825
6.525 48.625
6.925 47.475
9.075 49.925
8.625 50.175
11.375 53.025
14.175 48.325
8.875 52.325
10.925 49.075
8.325 50.675
14.825 52.375
14.675 51.525
10.325 53.975
12.875 52.675
6.575 49.325
6.275 50.375
8.425 48.175
12.675 52.025
11.175 47.325
10.525 52.775
13.925 49.425
10.275 49.925
11.975 54.125
11.075 47.525
10.075 47.325
9.625 54.425
10.725 51.025
6.075 47.525
9.325 53.225
11.875 50.425
13.825 53.675
9.775 48.125
8.025 52.675
12.325 53.975
6.225 48.875
12.725 50.075
15.075 50.025
10.175 50.825
11.875 53.975
15.075 50.875
12.575 53.775
6.375 53.075
7.375 49.575
6.225 51.275
13.525 50.625
14.675 48.525
13.675 52.175
14.875 52.475
12.075 48.925
7.075 50.225
10.225 55.175
9.875 50.325
12.525 52.425
14.275 52.275
14.325 52.225
14.325 52.275
7.025 52.525
13.725 49.525
11.075 54.225
14.625 53.775
14.175 53.375
7.625 49.075
11.425 50.625
7.425 47.575
8.175 50.675
9.675 50.025
13.675 49.175
8.125 51.575
6.775 51.475
8.825 54.325
7.625 51.425
10.275 53.225
9.975 54.025
13.375 50.375
6.325 53.175
13.775 48.775
8.775 51.625
9.975 50.075
15.175 48.725
9.375 47.925
9.375 54.325
9.625 52.575
11.975 51.225
8.325 48.925
9.925 48.725
8.825 55.125
9.275 52.175
8.275 53.125
6.625 53.275
6.725 49.575
13.825 52.625
13.225 50.925
10.925 47.375
14.925 50.625
11.525 48.625
9.075 51.475
10.325 52.875
10.025 47.625
6.225 50.675
11.525 52.675
9.025 52.525
7.825 47.425
14.675 47.425
14.325 53.675
8.325 53.475
9.025 49.975
13.575 50.925
8.775 53.675
15.125 52.975
10.275 50.675
7.125 51.075
13.075 51.875
14.725 49.925
12.125 49.625
11.925 50.025
6.375 49.875
10.425 49.125
9.125 55.125
10.975 50.575
10.525 47.575
9.825 47.775
7.825 51.125
7.475 47.775
7.425 51.825
11.225 49.375
12.775 49.525
13.025 53.225
12.225 53.375
12.275 50.625
9.225 50.825
9.975 51.775
6.575 50.425
11.275 47.825
15.025 47.425
8.525 53.375
7.275 52.725
14.875 52.125
12.125 55.125
12.175 49.125
10.925 54.325
12.175 50.675
12.775 47.525
10.775 48.525
12.325 49.175
11.325 53.425
9.725 53.775
7.175 49.475
13.975 50.425
13.975 53.725
11.075 53.675
9.375 49.475
8.175 51.825
10.075 48.925
12.625 48.575
12.475 48.275
14.625 48.325
7.975 48.275
7.775 48.575
9.225 53.075
14.875 47.575
11.375 53.625
8.425 49.525
11.125 51.675
14.025 48.025
13.125 51.725
10.775 50.075
14.625 49.525
7.925 50.925
14.275 51.175
12.225 51.625
9.625 53.725
12.175 47.725
12.175 51.475
11.175 53.325
12.475 48.375
12.225 54.075
7.125 53.525
9.725 52.525
12.625 52.725
10.825 49.375
13.675 53.975
14.425 49.475
7.175 50.625
9.075 51.625
11.875 48.525
9.475 49.175
10.025 53.975
10.975 52.175
9.325 54.625
11.125 51.325
8.525 49.075
8.225 49.275
13.675 49.225
9.075 47.575
9.925 54.925
9.875 48.025
8.875 54.325
11.075 49.425
11.075 49.325
14.825 53.875
13.675 49.425
14.675 51.075
9.975 51.925
11.975 49.025
10.175 54.225
10.325 48.725
10.425 48.825
13.075 53.125
12.125 54.075
12.875 51.125
12.275 53.875
10.375 48.325
10.075 50.475
13.775 51.475
12.125 49.025
9.325 50.875
8.225 47.425
13.125 52.375
10.775 50.475
10.875 54.325
8.325 49.925
10.575 51.825
10.375 47.425
9.975 48.725
11.175 49.925
15.225 52.525
14.075 49.125
5.975 50.575
8.975 50.725
10.475 50.675
11.825 55.225
15.075 47.825
13.025 50.825
13.625 48.375
13.675 47.875
8.775 53.825
14.875 51.625
8.275 50.725
9.925 53.875
13.975 53.675
10.525 51.775
13.325 54.275
12.325 49.025
10.175 54.275
10.775 52.825
7.625 52.625
11.475 49.525
11.475 53.125
13.725 52.725
8.075 47.375
13.575 52.825
9.525 50.775
8.675 52.775
6.625 52.075
10.675 50.275
14.175 48.275
13.575 51.125
14.775 48.125
10.325 49.175
7.375 48.225
10.175 51.775
12.375 54.975
10.475 51.125
10.575 49.425
14.375 50.975
13.875 53.775
12.825 52.425
9.675 53.325
15.125 51.525
13.125 50.675
12.175 51.625
13.575 53.025
10.475 53.275
10.325 51.375
11.625 50.925
15.225 47.775
11.725 50.525
13.775 53.875
7.175 51.925
12.375 50.025
12.025 53.675
10.225 55.125
9.275 53.025
12.825 54.075
12.025 55.175
10.675 48.675
11.175 53.625
8.175 48.975
13.825 51.175
11.625 50.725
13.775 51.625
13.375 47.875
12.125 47.775
11.625 51.675
7.775 48.375
13.175 51.275
12.675 53.875
12.475 47.425
10.625 54.975
11.525 51.175
6.375 48.675
7.875 51.625
6.275 47.425
14.275 48.425
15.025 50.925
8.975 52.375
12.175 53.625
9.575 50.375
13.175 49.575
10.825 48.225
10.625 47.575
11.025 52.225
13.875 52.675
8.075 53.325
12.075 48.175
10.975 49.325
9.175 49.725
7.325 53.325
5.775 50.575
6.175 51.725
5.825 48.075
13.525 50.975
8.525 50.975
10.675 49.225
11.475 47.725
6.375 48.475
14.425 50.175
14.075 50.125
7.825 51.475
9.975 53.075
14.625 53.225
12.175 47.525
14.475 51.725
11.675 50.275
10.675 47.475
11.325 49.725
7.225 47.925
7.275 50.075
9.675 47.625
11.075 52.975
13.775 52.275
9.225 52.525
12.975 52.275
14.775 47.825
13.775 53.175
11.575 50.875
5.775 53.225
7.825 52.075
10.825 47.325
10.225 51.725
14.925 53.375
6.225 51.575
10.325 52.225
9.775 47.575
9.275 49.775
5.875 47.975
6.975 50.675
11.825 51.625
7.275 52.875
8.025 49.125
6.625 51.325
12.025 52.575
9.125 47.275
11.825 51.125
9.475 52.825
6.725 50.025
9.125 47.975
11.875 48.225
10.975 47.325
8.125 47.925
14.225 51.475
14.275 49.275
14.675 53.825
12.575 49.725
9.675 48.825
12.025 51.425
12.325 50.275
7.175 52.175
9.475 54.325
10.725 52.025
6.825 52.375
12.575 49.325
14.575 52.075
8.625 51.125
12.075 52.425
10.625 50.175
11.325 49.375
10.125 48.225
7.925 51.525
11.925 49.625
10.125 50.475
9.925 51.875
12.375 53.025
12.625 53.875
12.675 47.325
8.175 51.425
14.675 50.525
13.875 48.775
14.275 49.825
11.475 51.125
13.075 49.875
11.275 54.875
7.225 53.175
13.525 52.425
11.525 47.425
13.425 50.175
6.425 51.475
12.425 50.325
10.625 47.625
12.875 49.125
7.575 53.275
6.325 47.975
7.075 51.325
10.175 52.375
14.625 48.625
6.125 51.925
12.425 51.675
6.875 52.875
8.375 52.125
11.975 48.625
9.375 51.625
13.525 52.475
6.825 48.875
13.625 50.475
9.675 50.375
13.075 48.125
5.925 49.075
15.225 50.025
5.775 50.825
7.975 48.225
7.475 49.175
5.875 50.275
10.925 49.575
14.725 47.925
8.875 47.725
7.175 51.425
8.675 47.275
15.225 50.275
14.825 47.475
13.675 50.225
14.775 53.875
10.525 51.175
13.125 50.525
13.575 49.075
8.225 53.225
8.025 47.375
7.475 48.175
12.775 47.275
6.625 48.275
9.575 53.375
15.025 50.875
11.325 50.025
13.125 53.275
12.775 49.075
8.925 49.225
10.125 50.275
12.825 51.175
8.125 51.025
7.575 52.125
12.675 51.925
11.675 52.225
14.875 51.225
7.175 52.075
14.075 48.025
12.525 53.675
14.775 49.975
14.725 50.675
10.925 49.675
8.975 49.825
8.425 51.375
10.375 54.875
5.875 50.475
14.075 47.475
8.975 48.875
11.225 48.925
10.125 54.125
10.225 52.425
5.775 47.525
8.125 50.925
9.075 52.075
13.825 53.125
13.625 52.025
8.975 50.925
9.375 53.175
11.625 52.525
9.875 54.375
9.075 47.275
12.625 53.825
15.025 51.675
13.275 54.225
9.275 54.025
7.525 47.425
7.025 47.525
13.175 47.425
6.125 47.675
13.875 49.225
8.725 48.675
11.925 48.275
10.075 48.075
11.025 53.425
10.625 50.775
10.625 52.675
10.375 52.125
11.275 54.925
8.725 51.275
8.125 50.175
14.525 49.425
9.725 48.475
12.275 48.325
11.375 47.275
14.225 48.775
11.925 54.825
10.125 50.725
11.675 49.825
14.425 53.125
12.175 54.225
11.675 51.275
9.125 53.625
8.275 47.425
7.375 50.525
11.175 49.375
9.075 49.275
10.375 53.375
6.525 49.825
7.525 48.875
13.525 53.325
9.025 51.875
6.975 49.325
9.125 51.025
5.975 50.125
9.725 49.725
7.725 51.225
14.775 51.725
7.325 50.375
10.575 48.575
15.175 52.175
13.175 53.075
6.925 51.875
14.725 48.875
12.775 52.225
15.225 47.275
5.825 48.325
7.125 52.575
14.175 49.075
11.725 48.625
10.825 53.675
9.675 47.575
8.725 55.025
7.725 49.475
14.525 53.025
9.825 53.525
9.425 50.275
14.975 49.325
12.875 48.175
11.925 51.625
6.375 51.375
7.725 49.875
6.525 52.925
11.025 47.325
12.375 48.125
13.525 51.775
10.525 48.775
7.975 49.725
13.225 48.825
14.775 47.725
13.225 51.425
14.325 52.775
7.975 49.175
8.025 50.575
11.875 50.175
14.075 52.975
12.375 47.375
10.425 50.775
6.175 48.175
9.925 54.275
7.775 48.275
10.475 48.325
9.875 52.575
12.175 49.175
11.075 50.275
10.725 51.775
11.325 50.625
14.125 50.775
9.925 48.175
11.475 51.425
9.375 50.425
8.425 49.275
15.225 52.625
6.175 51.475
7.475 52.675
6.325 48.875
11.525 50.275
7.025 52.775
13.275 52.225
14.025 47.675
12.225 52.425
8.975 47.775
9.825 52.225
12.225 53.175
12.725 53.275
12.325 48.725
8.625 51.225
7.425 52.025
10.825 54.925
13.175 50.925
12.425 52.325
8.025 47.825
13.125 48.575
5.925 49.025
8.975 50.625
15.225 51.025
5.925 47.675
10.975 53.325
14.725 52.025
7.375 52.875
9.875 49.425
12.875 48.075
12.725 50.375
8.475 50.575
14.775 49.475
10.075 54.175
12.025 53.925
6.625 51.425
9.275 53.725
9.275 52.125
8.975 54.925
14.075 51.525
9.075 52.725
14.225 49.925
14.175 48.625
6.625 52.825
10.625 49.575
10.725 51.475
6.575 50.725
9.125 47.675
10.275 53.925
6.525 52.575
12.975 53.925
9.975 50.675
9.675 48.875
14.775 53.375
12.625 53.525
10.925 47.525
10.025 47.925
12.675 51.525
11.075 51.125
14.225 52.275
13.925 50.075
10.175 53.375
15.075 49.575
12.675 53.575
10.275 47.925
13.025 50.925
7.525 52.025
10.325 49.975
12.275 47.825
7.875 52.125
9.975 54.575
9.475 54.275
9.625 51.625
7.525 51.125
10.725 47.975
8.875 51.475
7.475 51.925
8.775 53.475
14.175 52.775
8.375 51.275
10.975 53.475
10.125 51.125
9.525 52.025
13.775 47.675
11.025 51.475
13.975 50.925
14.825 51.075
15.175 49.925
8.375 49.725
8.025 53.225
5.775 50.675
6.875 52.175
8.525 51.275
12.975 53.525
8.625 52.125
14.325 49.875
13.325 53.025
7.475 53.125
7.275 51.875
9.725 50.625
8.725 50.325
8.025 51.075
5.875 51.325
10.275 54.175
9.225 52.925
14.125 51.775
14.975 48.125
8.925 52.075
10.275 49.675
6.625 50.675
15.025 47.475
7.775 49.375
12.175 50.325
14.025 51.975
9.625 54.775
15.175 48.825
12.375 50.925
7.825 53.125
7.725 50.025
5.925 49.775
10.475 49.525
9.175 48.825
10.825 51.025
9.625 48.725
12.975 51.225
7.425 49.425
8.325 48.975
9.275 53.175
11.025 50.875
6.325 52.875
13.225 48.975
9.775 53.125
9.725 49.125
10.825 52.725
9.225 51.325
13.475 51.325
9.075 54.675
7.725 52.025
11.025 53.575
9.375 52.775
9.875 54.625
8.575 48.825
8.975 47.975
5.825 49.125
7.575 50.125
14.375 50.525
7.775 49.575
13.175 54.125
8.725 47.425
13.975 47.625
13.575 48.975
11.575 52.225
14.625 50.475
9.175 53.675
9.825 54.025
11.325 53.125
9.125 54.375
7.225 48.025
9.375 52.825
9.825 48.875
11.325 50.325
10.675 53.425
10.325 52.825
7.725 51.825
14.825 49.775
11.775 52.825
8.125 53.025
14.825 51.175
14.175 49.825
10.975 52.775
14.075 47.425
6.925 51.425
8.525 52.175
9.175 52.175
14.725 51.275
11.675 50.875
10.275 55.125
13.025 50.725
9.625 50.625
9.825 48.325
12.525 47.425
9.525 54.925
6.825 49.975
12.475 52.725
12.325 49.625
13.975 53.225
13.075 52.325
9.275 51.275
14.625 52.375
8.175 48.225
13.125 51.975
8.425 53.275
14.475 51.225
8.725 53.625
10.075 52.675
8.825 48.925
10.375 50.875
11.775 51.275
6.175 50.475
14.775 52.375
12.025 48.075
13.425 54.475
14.125 51.375
14.775 51.625
14.025 51.075
14.375 50.025
11.125 49.525
14.475 53.025
12.175 53.675
11.725 53.825
5.975 47.375
11.325 48.525
7.775 48.175
12.625 48.325
8.775 48.825
10.625 50.875
6.375 52.975
11.325 51.575
5.875 49.325
14.425 53.025
6.425 50.275
13.375 54.125
9.125 48.675
8.775 51.125
9.375 52.275
14.525 48.275
8.525 49.375
10.575 52.025
10.925 52.375
10.225 53.825
6.025 52.375
11.075 49.625
7.925 48.825
8.575 50.375
13.625 47.675
14.525 47.825
12.575 49.275
7.875 51.175
11.475 50.525
12.975 54.275
6.175 50.625
7.125 51.325
7.425 51.475
8.675 49.525
14.575 52.475
13.925 49.525
9.725 47.425
12.375 53.425
13.925 48.625
6.925 50.525
11.975 48.075
9.175 50.875
11.825 49.775
10.125 52.725
14.575 52.675
6.675 52.275
14.075 53.625
6.375 47.275
12.725 52.525
11.525 47.675
13.475 47.875
11.125 48.275
10.075 51.075
5.825 48.925
14.725 50.725
7.125 50.325
10.325 50.575
10.025 53.725
6.725 49.475
14.425 48.275
9.075 53.825
13.875 49.525
9.825 50.075
9.125 47.425
9.625 53.275
11.025 50.625
11.075 52.325
8.775 55.225
14.025 48.125
15.175 50.225
12.775 51.625
14.275 50.475
9.275 48.425
9.125 53.025
14.075 47.975
13.275 50.425
14.225 53.725
5.775 47.625
6.225 51.375
7.125 49.475
14.825 53.025
14.875 50.425
9.475 47.475
12.675 53.025
5.875 51.025
12.475 50.125
15.075 47.325
11.075 49.575
14.125 50.525
13.225 53.425
9.175 47.575
10.125 47.625
6.825 48.525
12.525 52.675
5.975 49.225
14.975 55.125
5.975 48.475
9.375 53.375
13.125 48.775
8.725 47.825
7.675 53.175
10.525 53.775
13.825 47.825
8.925 47.325
13.575 53.175
10.875 48.775
12.375 50.375
7.275 49.425
12.325 52.125
12.325 51.775
9.925 49.775
8.125 47.375
10.625 50.425
11.975 49.125
6.025 50.825
7.025 47.725
9.025 52.825
6.875 52.925
10.275 51.125
7.425 49.825
9.125 50.525
12.325 50.675
14.725 51.725
9.825 54.225
11.075 53.975
7.575 52.225
5.975 52.825
15.025 52.625
8.825 50.625
12.925 54.025
9.975 51.125
8.525 48.125
5.975 48.375
8.675 50.075
6.525 52.725
15.075 48.325
12.275 51.075
13.475 48.825
10.375 55.075
13.525 52.325
9.125 52.325
12.225 50.775
13.825 50.925
11.275 48.875
8.075 52.225
10.725 50.625
7.425 48.675
9.625 52.275
8.075 50.275
6.525 51.075
8.975 53.825
13.625 51.025
13.475 53.925
10.975 50.025
13.275 54.275
6.375 50.375
12.625 53.625
12.875 54.275
12.575 50.125
14.225 51.175
10.775 49.525
7.375 51.675
11.275 54.825
13.275 51.425
13.575 51.575
7.075 50.525
15.025 51.925
12.225 54.175
7.575 51.225
6.225 48.525
6.375 51.625
9.825 54.275
8.775 52.275
15.125 47.275
9.675 48.725
6.775 50.125
10.525 47.475
9.675 50.925
14.675 48.325
11.275 52.875
13.275 51.275
10.175 49.625
6.575 50.225
13.375 51.025
13.725 48.125
13.625 50.225
8.625 49.175
10.075 54.225
8.125 48.175
7.925 49.875
13.025 51.225
14.925 53.875
13.725 48.025
9.475 49.125
8.975 53.225
9.975 49.875
9.225 48.925
14.875 55.125
11.225 52.625
11.225 52.825
7.775 49.025
14.975 49.175
10.825 50.275
14.175 52.475
14.525 48.175
11.725 49.725
6.225 48.125
9.875 53.375
13.325 48.325
10.675 53.875
11.775 47.775
7.825 50.025
6.825 51.275
12.475 49.725
14.925 49.625
9.275 53.925
9.775 49.325
13.025 48.475
7.525 49.125
9.025 48.025
5.875 47.525
6.675 47.425
9.975 52.225
7.675 49.375
10.275 50.625
14.375 47.875
7.975 51.175
8.275 52.675
10.325 48.425
9.675 54.375
11.575 50.225
12.875 47.575
11.575 50.625
11.975 52.525
7.475 51.475
11.575 49.725
14.975 48.475
6.075 50.325
8.525 53.625
14.975 51.975
15.225 50.925
6.875 47.475
8.275 48.375
9.675 52.575
12.575 53.075
14.575 51.525
5.875 48.525
7.175 49.875
12.625 49.775
7.625 52.475
12.975 52.075
15.025 47.925
7.625 47.575
9.425 50.825
12.875 47.525
15.025 52.325
7.425 51.125
9.525 54.475
14.725 49.525
12.225 47.475
13.575 53.325
14.375 49.775
12.575 52.275
12.825 49.175
13.725 54.325
12.175 51.825
9.675 52.175
7.825 49.775
13.725 53.175
13.575 47.725
10.875 49.075
6.175 52.525
12.525 51.775
7.025 50.225
10.475 49.675
10.425 52.325
9.825 50.375
5.975 48.275
11.725 51.825
9.175 54.675
8.775 53.175
11.025 54.325
7.275 49.925
13.175 47.575
9.475 54.225
12.375 47.475
6.975 48.875
13.025 53.275
5.925 50.725
7.225 48.725
12.425 51.375
14.375 49.825
7.525 53.225
10.125 47.925
7.375 50.475
9.625 53.125
5.925 48.525
13.475 51.375
7.975 52.475
15.125 51.625
6.725 51.675
7.675 49.175
10.275 52.725
12.025 47.375
8.975 49.425
11.375 49.425
7.825 49.225
11.925 47.275
14.975 48.625
14.825 55.175
8.525 48.025
13.775 51.075
7.775 50.475
10.925 48.625
10.675 48.775
14.525 50.175
6.175 52.925
11.575 50.775
9.025 54.375
13.225 52.275
14.925 48.475
6.025 49.325
12.375 53.375
8.475 51.175
7.975 52.975
9.775 48.075
7.625 49.325
6.425 52.625
6.825 49.875
11.075 53.325
14.225 52.575
13.125 52.875
10.075 52.925
7.875 49.675
10.375 51.575
11.425 51.675
8.425 49.575
8.275 53.025
15.175 52.925
8.225 47.275
6.325 52.025
8.075 51.375
9.225 47.375
13.975 48.425
9.275 51.425
8.825 52.675
12.675 52.925
14.125 50.375
13.375 52.975
6.525 52.525
8.525 53.725
14.375 49.075
14.525 52.375
7.425 49.975
8.475 53.325
8.425 51.475
10.225 48.425
14.225 53.225
10.325 50.825
11.125 49.025
8.275 50.825
14.875 49.475
12.425 52.675
11.125 52.375
6.375 48.975
14.675 52.425
7.075 52.275
5.975 49.375
10.575 52.375
10.625 47.475
14.525 50.675
7.125 48.275
5.975 52.925
13.075 52.075
8.475 51.475
14.325 52.675
9.925 50.625
9.375 50.525
10.825 53.425
9.825 47.875
12.125 49.075
13.375 49.875
11.925 53.425
13.125 50.075
11.725 53.925
9.525 50.225
9.025 53.775
13.175 51.175
12.075 53.875
6.175 49.275
13.825 50.825
7.375 52.825
14.225 49.425
10.475 50.175
5.775 52.425
11.175 52.325
11.975 48.025
9.525 48.075
6.125 51.125
10.025 47.575
10.825 48.175
11.825 54.925
7.175 47.725
10.525 49.925
15.075 51.625
9.125 51.775
8.775 55.125
9.625 48.675
5.875 50.975
12.025 48.825
14.125 51.125
13.775 50.775
10.775 50.875
13.225 49.475
8.375 48.825
12.825 51.625
6.325 49.225
12.225 49.525
11.425 52.575
14.075 48.425
11.025 51.225
6.825 52.625
13.225 52.525
8.025 47.775
7.475 53.275
10.975 53.575
13.875 48.225
11.025 52.125
13.175 52.075
14.875 50.075
11.225 52.025
12.525 50.325
9.725 49.975
11.125 50.625
6.825 52.475
10.125 54.475
11.525 48.475
11.675 50.775
8.725 47.275
13.975 47.575
8.725 50.575
8.475 53.525
11.125 47.875
6.275 49.725
8.825 50.925
9.925 53.325
6.875 53.025
10.675 50.425
15.225 51.125
13.125 48.425
11.875 48.425
9.625 48.175
8.625 50.775
6.825 49.775
5.825 51.725
7.475 50.775
10.175 51.525
10.225 49.925
8.925 50.725
13.525 48.475
11.975 48.275
11.625 51.875
11.675 49.375
15.225 51.825
7.925 52.475
10.625 55.225
9.375 50.775
10.375 49.625
9.525 49.925
12.025 47.425
13.225 50.325
13.725 47.325
12.025 53.625
12.225 47.375
6.475 49.225
9.925 53.275
7.225 49.525
15.075 50.425
7.725 53.325
6.025 53.125
13.475 49.075
5.875 53.325
7.075 52.325
9.425 48.125
9.775 52.325
8.925 50.225
12.725 48.075
5.975 50.275
8.825 53.625
8.775 47.325
8.325 49.575
14.425 50.325
12.725 49.375
13.425 48.875
7.175 48.725
7.825 51.975
6.525 53.275
7.525 47.775
13.775 54.025
14.025 47.575
12.575 48.025
11.725 53.075
14.475 52.025
10.075 53.925
15.125 48.875
14.775 47.275
9.525 49.475
5.925 48.125
7.475 52.475
8.575 47.375
9.725 51.525
14.075 53.375
8.075 51.975
6.875 50.975
12.075 47.575
12.325 52.675
10.775 51.225
6.275 49.025
7.675 48.225
6.725 48.475
6.475 48.575
14.325 47.725
7.475 53.625
7.425 52.275
13.475 52.075
10.075 52.725
7.225 52.425
12.825 49.575
5.825 48.725
13.375 47.475
11.875 50.625
10.725 49.125
13.375 48.375
8.475 52.475
12.225 53.975
11.125 53.525
14.625 51.925
10.125 53.975
14.025 49.025
6.375 52.125
13.625 48.675
12.625 54.375
14.775 49.375
14.075 53.875
6.425 47.475
11.225 47.325
8.675 54.325
6.425 49.425
12.925 51.675
9.225 54.225
9.975 54.275
8.575 51.675
15.225 52.975
9.825 48.575
15.125 52.775
12.575 50.525
12.275 50.425
9.825 49.575
5.825 51.525
6.375 48.375
12.425 49.725
11.125 49.575
10.225 50.125
11.975 53.875
8.125 50.575
10.325 47.725
15.025 48.525
13.475 53.725
13.375 48.525
12.275 52.025
11.225 48.625
8.925 49.925
13.325 49.625
10.425 53.225
10.775 48.975
12.075 50.975
13.325 49.025
13.375 48.725
13.175 48.275
6.675 50.375
13.175 48.375
11.375 47.925
14.925 52.725
9.575 49.825
8.525 52.525
12.725 49.275
7.825 52.375
11.975 51.375
14.775 47.325
12.075 52.925
11.125 48.775
10.575 50.525
9.925 51.475
13.675 54.025
14.475 53.625
10.575 47.825
10.475 49.425
13.175 53.025
14.625 52.525
6.125 51.475
14.275 49.225
9.325 54.875
10.925 48.375
8.425 49.725
13.325 48.875
12.375 49.525
12.525 48.975
6.525 50.175
11.975 50.275
14.725 49.075
8.875 51.825
14.125 50.025
7.275 49.625
11.225 47.375
15.225 50.475
11.175 52.575
6.975 49.725
13.375 47.325
6.725 52.925
8.075 49.025
11.575 51.975
10.175 53.575
8.125 51.375
10.475 47.475
8.775 54.825
13.375 49.025
10.075 50.025
13.875 53.475
14.125 49.575
10.125 47.575
13.575 48.225
7.325 53.175
7.275 48.875
13.225 54.225
12.025 47.875
10.075 53.625
12.075 51.775
9.025 52.975
13.375 49.625
14.875 48.925
6.075 47.275
9.175 49.125
12.775 49.025
10.825 48.975
10.175 48.125
14.325 51.925
7.875 51.325
10.125 47.425
6.425 48.775
13.225 49.275
7.675 48.775
7.175 52.375
8.725 52.725
12.075 48.675
11.775 52.975
12.225 50.725
10.725 50.975
7.225 51.175
6.775 52.525
15.125 52.325
11.375 49.775
10.525 47.975
9.125 52.425
7.675 52.175
6.075 47.575
12.775 54.075
14.325 48.075
11.375 47.475
12.375 49.925
9.225 48.025
8.075 47.475
14.225 48.425
10.375 50.125
6.025 48.825
8.875 52.075
6.775 51.925
15.125 51.825
7.775 50.525
11.175 52.925
7.525 52.075
10.825 53.925
10.325 51.575
12.625 51.725
5.825 52.575
7.425 50.775
9.175 51.575
8.675 47.325
6.825 51.375
13.925 53.725
8.125 48.275
11.325 52.725
7.175 47.525
10.475 53.975
8.025 51.825
11.175 53.975
5.825 51.375
7.925 49.475
12.225 50.475
11.275 53.025
8.875 48.375
8.875 50.175
10.475 54.075
12.825 53.225
6.475 50.425
8.375 48.175
14.775 53.575
9.475 54.075
13.325 51.275
9.925 54.125
9.375 53.075
10.625 47.325
8.125 51.325
9.025 48.325
11.825 49.225
12.375 48.575
6.275 49.325
5.825 51.825
10.425 51.175
11.575 47.425
13.975 50.475
12.575 48.725
8.425 53.375
8.525 50.725
11.575 54.025
10.275 52.975
14.425 51.775
7.025 48.075
12.925 51.325
6.275 50.075
9.225 52.275
14.075 50.925
10.725 50.075
10.925 49.375
9.025 53.625
7.425 52.475
11.475 47.775
12.325 50.925
12.625 54.425
6.325 48.025
13.625 49.425
9.925 48.275
14.225 50.475
9.875 48.125
11.875 52.225
7.225 52.275
6.225 52.025
9.875 51.275
6.275 52.175
8.575 51.925
10.825 53.175
6.825 47.975
9.075 54.475
12.525 50.275
12.225 54.225
8.475 47.575
13.325 47.325
6.325 47.525
13.275 48.425
7.125 48.775
13.625 49.875
11.825 52.175
12.675 47.725
8.975 54.775
13.925 47.525
13.175 52.425
7.825 48.775
13.125 48.475
13.825 50.875
6.125 52.575
9.825 47.475
12.625 52.175
8.425 52.625
6.125 52.975
12.375 51.775
7.125 49.125
9.425 49.075
10.175 51.125
10.575 52.675
10.625 53.075
12.275 49.625
13.775 47.425
8.925 48.925
9.975 52.775
14.125 53.275
10.725 52.225
8.875 51.775
11.725 49.675
6.725 51.025
7.825 49.975
11.425 48.325
11.325 49.425
13.175 48.425
13.925 48.875
11.675 47.325
15.075 48.875
10.475 53.675
9.725 53.275
7.925 52.625
10.675 48.225
6.175 51.375
13.825 47.975
5.875 47.775
7.325 47.975
11.375 52.975
10.725 52.875
12.075 51.575
11.675 50.725
14.475 52.875
9.375 49.275
8.575 52.025
10.975 52.875
11.575 49.175
9.675 52.275
8.275 48.825
14.225 50.275
10.975 48.875
12.025 52.625
10.875 53.175
12.925 52.175
7.825 47.275
14.175 47.375
11.325 52.325
12.775 51.425
11.825 49.075
11.425 48.725
8.075 52.975
6.325 50.275
7.575 53.225
8.375 51.575
13.775 52.775
8.325 49.125
7.025 51.175
10.475 53.825
12.175 53.425
13.675 54.375
13.325 50.425
13.575 52.525
8.975 51.875
12.875 53.575
15.225 52.025
10.575 52.775
6.025 51.475
15.075 53.325
5.825 51.875
8.525 47.475
11.025 48.975
13.425 52.825
14.875 48.475
6.425 49.825
5.975 51.225
13.375 52.325
15.175 51.375
7.475 52.075
12.425 47.675
7.725 49.075
10.275 50.525
13.725 47.275
8.375 47.425
7.825 52.675
9.925 48.975
12.575 53.675
5.775 50.325
14.375 49.325
9.825 47.725
10.125 50.825
12.425 52.775
11.475 47.925
8.625 53.175
11.125 53.925
13.025 52.875
5.925 47.475
7.375 50.125
15.025 48.975
13.875 52.125
8.525 49.475
13.325 53.325
7.325 48.575
13.775 53.975
11.125 52.875
14.775 48.575
8.875 50.125
11.025 52.925
12.975 50.975
10.025 53.375
13.275 51.825
11.225 51.675
12.825 51.675
11.575 51.925
9.875 53.025
9.225 50.225
14.025 53.275
14.325 53.025
11.925 51.675
9.675 51.925
8.675 52.275
7.725 51.175
10.575 52.575
14.125 53.225
10.575 51.225
10.025 54.025
6.275 53.125
6.475 48.725
8.675 47.375
13.325 49.975
13.375 50.725
9.425 51.025
13.825 50.525
9.275 48.625
11.725 55.175
12.025 50.925
11.925 53.075
12.625 49.325
13.675 52.925
12.075 54.125
12.225 48.575
7.625 51.325
14.325 53.525
5.775 47.675
7.775 49.275
11.625 48.925
14.925 53.525
8.775 47.275
11.325 50.475
11.575 52.525
12.525 49.325
9.575 53.825
9.325 50.225
9.575 49.325
7.225 52.675
14.675 52.175
14.175 52.325
8.325 53.025
6.725 53.175
13.775 50.525
10.075 50.925
6.525 52.475
7.925 49.275
11.825 51.375
8.975 51.425
6.075 52.875
6.275 48.625
13.675 52.275
7.175 52.125
12.375 52.975
11.575 51.725
7.025 47.475
9.725 47.375
12.425 53.075
10.175 50.425
10.025 54.225
8.925 50.525
11.725 51.475
12.025 51.925
7.975 47.825
13.625 50.775
8.875 48.475
13.525 47.875
10.325 49.325
12.475 47.375
12.975 50.875
12.675 48.625
14.375 48.975
10.775 55.175
8.625 51.925
12.225 49.625
7.475 49.875
7.575 48.175
8.275 51.875
11.825 47.625
14.825 48.675
7.325 51.175
9.275 48.525
11.275 48.675
11.825 50.375
10.525 54.125
11.475 52.925
8.325 52.775
11.375 48.225
8.925 50.975
14.825 47.625
6.975 51.225
8.425 49.025
11.375 53.475
8.375 50.825
11.375 47.625
14.375 49.925
14.775 51.675
13.425 50.675
10.975 53.275
7.025 50.625
6.525 53.175
9.125 48.975
7.725 48.875
9.875 47.575
10.275 48.425
14.525 48.525
13.075 48.825
14.975 53.925
11.075 51.825
12.275 54.225
11.775 48.325
14.025 50.775
7.225 47.725
9.125 50.075
8.625 48.375
12.575 48.525
9.275 52.375
11.725 51.975
6.475 48.475
10.825 50.725
11.025 47.675
9.875 49.075
14.675 52.675
6.325 50.675
8.925 51.725
13.975 49.275
7.825 47.525
7.325 49.275
10.675 49.425
7.275 50.425
9.425 52.275
8.825 51.975
9.525 47.275
13.625 51.775
14.875 48.025
10.675 53.725
8.725 52.525
12.875 52.825
15.125 53.875
5.925 47.625
7.925 49.225
10.325 51.625
11.125 51.975
12.025 51.325
14.525 49.925
9.925 50.375
7.875 48.525
10.925 50.175
13.475 51.625
12.175 53.225
10.225 51.875
9.675 47.325
9.525 52.875
14.975 49.925
6.275 50.425
11.275 49.475
15.225 52.775
10.225 49.775
12.075 52.575
13.075 53.575
13.825 49.675
12.475 51.125
10.325 52.325
12.875 50.475
15.075 52.225
13.775 51.725
13.575 50.725
14.475 48.575
8.625 48.125
9.375 49.525
12.725 51.025
9.725 49.525
11.825 53.825
7.225 48.375
11.025 52.025
11.625 51.525
12.425 54.225
6.175 51.125
12.575 48.425
9.375 52.175
11.675 54.675
10.025 51.775
12.925 48.075
13.825 52.925
9.475 52.225
9.325 51.175
12.525 52.025
12.425 48.425
14.675 50.325
13.475 47.375
9.225 51.575
10.375 50.175
9.925 47.975
10.625 51.575
10.175 49.425
13.075 50.425
12.125 49.225
12.725 51.175
9.175 54.375
9.775 48.625
6.125 48.675
15.075 53.675
8.975 48.075
10.475 50.025
8.525 51.325
8.225 51.725
10.525 50.925
7.575 50.775
13.825 51.025
12.775 48.725
15.175 51.625
7.975 53.025
14.825 49.675
14.225 48.375
8.525 52.025
15.125 50.425
14.075 51.675
10.075 51.475
13.025 52.125
9.375 54.475
12.725 52.025
9.425 53.775
9.125 49.175
8.625 49.825
10.575 49.225
11.375 51.875
13.625 49.775
13.675 50.625
9.425 54.975
12.225 53.725
9.075 50.125
14.575 50.975
14.275 51.125
6.225 50.775
13.425 53.025
6.075 48.025
10.475 52.525
13.475 49.025
6.375 52.625
13.125 49.975
9.125 54.425
14.825 53.375
11.525 47.775
13.875 52.875
13.675 52.075
12.125 49.275
7.725 49.675
11.475 53.525
9.625 53.975
8.525 49.175
10.625 47.525
7.525 52.125
11.175 52.275
10.125 48.325
7.225 47.825
11.275 51.425
9.825 48.775
11.075 51.225
14.075 49.425
11.875 53.825
12.225 48.925
10.025 50.075
11.575 51.025
8.025 51.375
8.575 47.575
11.825 53.475
9.425 51.725
9.025 50.175
6.825 48.925
14.925 48.175
11.675 48.325
7.925 53.325
6.175 52.075
6.425 49.375
14.625 50.425
13.275 49.575
9.225 48.325
11.225 50.125
12.825 49.725
14.025 53.075
7.375 52.175
11.675 51.675
6.975 51.725
11.475 53.775
12.775 49.375
7.175 52.775
14.975 49.425
10.875 49.375
11.075 49.125
8.775 53.075
14.225 50.625
6.125 52.775
15.075 52.625
14.475 52.125
7.475 50.725
12.925 52.875
8.525 50.275
8.275 48.175
12.425 49.325
14.975 52.575
8.225 50.925
13.725 52.325
12.575 52.575
13.025 52.375
6.175 53.075
14.625 50.125
10.225 51.675
8.175 48.475
11.225 50.175
8.575 51.375
5.825 48.125
14.425 47.825
13.825 51.475
13.575 49.625
10.725 48.075
10.725 50.225
5.975 49.275
8.025 48.175
6.725 50.425
12.175 53.975
8.875 54.975
11.625 49.725
10.725 49.375
6.875 48.075
13.225 47.925
10.375 48.825
8.075 48.575
7.775 50.925
15.225 53.575
8.425 47.325
7.425 50.825
8.825 51.925
13.375 49.825
6.175 49.025
11.125 51.125
13.275 52.825
13.275 48.075
13.025 51.625
7.025 50.925
10.175 48.225
13.725 52.475
8.475 49.125
12.175 51.525
13.575 52.425
8.225 50.375
14.925 52.325
8.425 51.875
10.875 50.875
9.425 50.625
8.075 48.825
6.425 52.675
9.875 49.675
6.175 51.925
7.825 49.375
12.625 48.425
11.125 51.375
11.125 51.875
12.775 47.575
9.775 50.125
6.525 50.975
7.575 51.675
7.925 52.825
7.675 50.375
7.475 47.575
14.975 50.725
12.575 52.725
12.275 49.075
10.825 50.075
10.625 50.825
10.325 52.275
12.475 53.075
11.425 48.875
7.775 51.675
8.475 49.525
8.325 52.925
12.475 50.025
13.775 53.925
13.275 50.875
6.975 47.725
9.725 47.475
14.975 50.775
13.125 47.775
11.875 53.525
8.225 52.225
15.075 49.675
6.325 48.975
7.975 53.475
9.075 50.925
15.025 52.025
10.375 48.675
9.525 54.675
11.725 50.275
13.925 48.475
12.775 53.625
6.175 50.225
11.425 50.525
12.375 52.575
11.875 55.225
13.425 49.625
9.325 50.325
12.275 50.025
6.825 48.075
12.075 48.875
14.425 47.975
6.175 48.675
10.925 48.675
7.275 53.525
13.775 51.275
7.875 53.175
6.725 48.725
12.475 49.275
11.475 47.675
12.125 51.425
12.775 50.075
8.075 48.125
7.175 48.225
5.975 52.975
11.725 52.175
8.725 51.575
9.725 54.375
10.325 52.925
9.125 49.925
9.375 51.675
12.375 49.625
12.425 52.925
12.225 51.675
6.775 52.275
15.125 50.375
8.225 52.825
12.025 53.825
11.775 50.425
6.225 50.825
6.475 50.225
9.125 53.325
9.675 53.225
14.275 53.375
13.075 53.625
11.125 50.125
11.975 54.025
6.775 52.325
8.325 50.175
8.975 50.675
8.675 52.475
10.775 48.825
7.625 50.425
13.375 52.925
14.525 48.575
10.925 53.225
6.975 50.375
6.825 50.925
6.375 49.375
7.625 47.375
11.825 49.175
8.375 50.225
7.425 52.925
10.575 53.025
10.875 50.525
7.475 49.825
11.675 49.675
14.025 52.625
8.475 50.525
8.825 51.725
14.125 51.325
10.425 50.925
14.325 48.275
9.375 53.625
12.825 52.575
7.925 53.125
9.025 52.675
13.925 48.775
8.025 51.175
7.475 52.825
7.425 52.325
11.075 52.525
8.775 51.075
11.025 48.475
12.675 54.325
15.025 49.875
6.525 48.475
7.275 52.975
14.125 51.075
14.425 48.075
7.725 48.475
6.725 49.125
9.675 51.775
8.375 49.125
12.275 47.325
12.925 47.775
14.925 47.675
7.525 51.725
11.875 48.875
8.425 49.175
15.175 50.925
8.375 52.175
13.025 48.375
14.375 50.375
10.175 49.575
10.725 48.325
6.975 53.275
12.025 49.875
13.575 52.775
12.275 49.575
13.475 47.825
7.075 51.675
10.075 51.675
9.425 54.825
10.425 48.425
14.825 47.425
12.525 51.125
7.825 52.925
6.675 53.175
13.625 53.475
7.625 51.225
8.625 47.525
12.775 48.325
9.575 51.475
14.075 49.925
10.725 49.075
8.975 48.225
7.475 53.325
5.875 51.125
6.075 51.075
14.975 47.425
11.925 53.725
11.725 52.525
13.375 48.025
10.375 50.575
5.925 52.875
11.375 52.575
8.425 47.825
13.975 50.075
12.025 53.175
10.175 51.475
7.775 50.775
12.525 48.825
8.125 48.425
14.075 48.625
12.675 52.825
13.625 49.525
9.675 50.775
7.175 52.025
11.425 53.675
9.625 47.875
12.275 53.275
7.125 49.575
6.525 48.125
11.625 51.225
7.275 50.875
9.925 49.275
8.425 51.325
12.825 47.325
12.025 53.425
10.425 53.625
9.675 49.225
15.225 47.325
12.375 47.325
7.575 52.375
6.425 49.175
9.275 48.775
13.525 50.725
6.325 47.825
10.825 51.775
13.525 53.825
11.975 49.725
5.875 53.275
6.075 49.975
6.025 49.825
11.875 49.225
11.375 48.375
6.675 48.925
9.825 52.975
10.225 49.575
12.325 51.325
12.025 52.375
13.575 48.275
8.925 51.275
10.875 52.775
7.575 51.125
11.375 50.375
10.225 52.575
6.875 48.275
13.375 49.475
6.625 49.225
9.625 49.575
9.825 54.925
13.025 50.275
14.875 49.425
7.925 51.075
11.175 50.575
9.825 54.175
8.925 49.775
12.175 54.925
13.475 49.825
14.875 54.025
12.175 52.225
12.475 52.775
12.525 49.425
13.425 48.975
5.975 50.925
12.375 50.725
14.625 53.725
7.625 53.275
15.125 54.025
12.575 52.125
12.675 48.225
13.875 47.925
13.125 53.525
12.125 54.125
13.125 49.475
10.075 47.925
6.525 48.075
9.475 48.575
8.925 53.125
8.925 47.275
12.125 51.025
9.375 53.525
10.225 54.275
6.825 50.125
7.525 49.675
14.275 50.775
8.875 53.025
11.775 48.525
11.725 47.275
8.775 49.325
14.075 52.325
5.775 51.275
7.925 53.025
13.425 51.675
9.775 49.725
11.675 50.075
10.725 55.075
14.475 50.075
9.925 51.575
11.525 53.325
9.875 50.525
15.175 50.175
11.225 53.875
13.975 48.775
9.925 52.375
9.825 52.825
7.275 47.525
7.375 47.275
12.925 51.225
11.775 53.725
14.325 49.775
13.125 52.425
8.325 53.525
6.475 50.025
9.425 52.075
14.175 48.725
11.875 51.475
13.425 51.575
12.825 47.975
13.425 50.875
14.825 49.575
7.325 50.325
12.475 48.975
14.325 49.575
7.675 51.725
12.425 50.825
13.425 53.225
11.775 50.825
8.675 49.925
13.225 47.825
6.125 48.875
6.425 50.125
9.525 48.125
13.725 50.425
10.675 48.525
6.075 50.775
13.525 50.175
14.425 51.225
12.525 48.325
6.275 52.375
12.475 51.625
7.225 51.525
12.025 54.825
6.175 49.475
13.075 47.375
14.625 49.925
10.725 51.325
8.775 52.225
5.825 50.775
8.625 51.425
14.175 51.875
10.425 47.625
12.025 52.775
12.825 52.875
12.525 54.125
6.825 53.175
14.725 50.125
9.575 51.125
10.575 48.925
7.725 51.925
7.875 49.275
8.525 48.475
6.675 48.025
13.925 53.175
9.975 52.325
10.175 50.675
8.775 49.025
6.675 51.525
11.775 47.725
14.175 51.325
14.675 48.175
10.225 53.625
8.775 49.375
9.525 51.775
11.625 52.725
7.575 50.425
14.325 52.725
8.675 50.375
11.575 47.725
9.975 48.975
9.175 49.275
12.775 49.775
12.525 48.725
11.425 51.425
6.025 47.525
13.175 49.975
10.075 49.025
7.025 50.875
12.725 53.725
6.425 52.225
10.225 50.625
12.175 52.125
12.825 52.925
12.475 52.125
13.525 49.475
8.725 50.225
14.975 48.925
13.675 50.475
11.175 53.425
8.175 50.375
14.475 47.275
11.025 53.875
14.825 47.375
7.725 52.175
15.125 48.275
7.175 49.775
11.175 51.625
14.375 51.575
7.125 50.175
12.125 50.275
12.625 50.625
8.925 50.925
8.425 51.975
8.825 48.325
9.025 50.525
6.825 48.225
13.225 47.675
9.025 49.175
10.075 49.125
9.275 47.425
6.425 52.275
11.475 51.575
10.075 51.175
13.075 47.625
8.175 51.325
9.825 52.425
14.025 48.975
11.825 48.725
11.375 52.675
8.375 48.975
10.975 49.575
9.175 52.075
10.525 53.675
14.575 51.475
10.825 53.375
12.075 51.375
11.625 53.325
6.125 49.225
13.175 53.375
12.775 52.175
10.075 51.525
7.475 50.225
11.675 54.875
12.075 48.375
13.725 50.075
10.325 53.375
12.075 49.525
7.125 50.875
8.925 48.875
13.425 54.125
7.075 51.075
13.725 52.575
14.775 51.125
13.475 51.275
9.375 53.425
13.075 53.075
9.125 47.525
11.975 51.475
5.875 51.725
8.625 49.375
7.125 50.675
9.825 50.025
15.125 49.375
10.525 52.425
14.825 48.575
14.875 52.225
14.475 52.575
11.475 51.675
14.125 47.975
9.625 53.925
7.525 50.225
12.625 51.825
9.825 47.575
7.125 48.025
11.325 52.375
13.525 47.475
9.975 51.375
13.125 47.375
15.075 49.875
6.575 47.275
11.675 49.575
7.225 49.325
12.675 53.075
9.325 48.625
11.625 53.975
14.475 50.625
7.925 51.925
8.925 52.675
8.975 48.575
6.075 47.675
9.475 51.425
6.425 49.925
14.975 55.075
13.775 53.375
9.025 52.225
10.375 49.125
11.175 50.325
13.525 53.725
7.975 49.525
11.825 48.075
13.325 52.875
8.525 53.075
12.625 54.025
6.325 52.675
9.925 53.925
6.925 47.425
12.875 52.475
11.925 50.275
13.475 50.575
13.525 52.125
8.525 50.625
15.075 55.125
14.375 48.875
10.275 54.025
11.375 51.225
9.425 51.225
14.075 50.825
11.375 50.225
9.775 47.975
8.175 48.575
11.675 52.925
15.175 51.975
7.025 50.675
8.625 48.625
13.475 53.425
12.375 48.225
6.025 48.475
13.075 54.225
9.025 52.125
13.975 48.725
12.175 51.875
6.525 48.675
9.075 53.925
10.975 51.425
13.025 51.175
11.275 52.425
12.575 52.025
8.675 48.625
14.775 49.775
12.525 50.225
13.375 53.475
12.675 53.975
11.325 52.875
11.225 52.575
12.875 48.675
11.975 47.275
7.975 49.825
7.475 49.425
7.275 49.325
7.875 51.975
6.025 48.875
10.025 52.725
9.375 50.925
7.775 48.225
8.575 47.475
8.525 51.975
7.575 51.925
8.075 49.175
9.675 54.925
8.575 50.975
13.575 48.325
9.725 51.175
7.875 51.125
7.775 47.575
10.575 51.125
7.775 51.575
10.775 50.825
9.175 47.425
8.225 50.975
7.725 50.375
13.725 50.475
9.575 52.325
12.575 54.225
5.775 52.625
9.675 49.625
11.875 50.975
11.875 48.325
15.125 51.225
14.725 50.225
6.975 49.825
14.225 48.975
10.675 49.325
12.875 54.025
12.675 48.975
6.925 50.675
14.675 51.675
7.475 48.825
8.975 54.125
10.275 47.525
14.275 51.275
13.075 53.525
12.425 48.575
11.075 52.275
8.925 52.375
6.475 47.575
6.075 51.525
6.025 51.575
11.625 49.625
14.325 50.675
7.625 47.975
11.425 53.825
15.025 53.575
10.875 50.825
10.925 53.475
14.925 52.225
11.275 50.425
11.475 48.275
9.925 50.775
13.825 51.425
14.825 49.875
12.075 50.825
10.925 47.725
10.125 48.275
14.675 49.725
13.925 49.675
6.275 49.125
14.525 53.875
7.075 49.825
12.625 50.075
13.475 52.175
13.025 50.575
12.925 48.375
11.675 53.225
12.775 49.925
12.975 52.925
10.125 50.625
9.825 50.675
15.125 48.675
13.925 50.725
13.525 50.825
6.575 49.175
10.075 51.125
10.225 48.075
15.125 47.825
14.825 50.175
8.325 52.525
11.175 48.675
7.775 51.075
11.525 48.125
15.025 51.875
9.275 47.725
9.625 51.275
8.175 52.875
6.075 52.225
8.675 48.875
12.525 52.175
12.625 53.125
8.525 53.525
9.675 52.375
12.025 55.075
10.825 51.725
14.775 53.725
14.075 48.225
9.775 48.025
14.425 48.225
13.475 47.475
13.675 51.825
12.725 54.125
9.125 52.625
6.675 52.475
12.475 54.975
14.325 49.925
14.325 47.325
14.275 52.125
10.025 49.225
7.575 49.175
12.825 54.275
7.575 48.475
9.775 54.075
12.825 53.625
9.075 50.875
7.125 49.275
7.175 53.475
14.475 52.425
14.525 47.875
12.875 52.125
10.525 51.875
9.225 51.125
12.225 51.975
6.875 49.425
11.625 53.675
8.875 48.075
7.975 50.975
10.075 47.375
5.775 47.325
9.925 49.925
8.675 52.925
15.025 50.525
14.025 50.375
11.125 48.075
8.425 51.075
12.475 51.575
10.725 48.025
14.575 50.175
11.475 48.325
8.425 52.675
9.075 52.925
14.725 53.925
9.725 50.975
13.425 51.175
11.775 51.725
10.875 50.975
9.575 52.575
14.925 50.725
9.275 49.625
9.175 47.675
14.625 49.075
11.225 53.975
8.575 51.425
8.525 48.825
11.625 51.925
13.875 50.775
12.175 54.025
14.575 53.475
13.525 50.275
7.275 53.025
7.725 53.025
10.475 51.675
11.175 52.425
8.975 55.025
13.525 54.125
5.875 52.475
11.025 49.925
10.825 53.725
15.175 49.825
11.775 48.825
9.375 53.675
9.475 47.425
9.325 52.125
14.075 47.275
14.775 53.825
7.325 48.875
7.975 49.075
13.175 51.125
12.325 48.875
7.275 50.475
13.775 50.675
6.375 50.575
8.775 51.575
8.375 50.875
9.175 53.725
10.275 54.925
6.125 49.575
9.825 48.925
7.675 53.575
12.025 51.625
14.875 52.975
12.525 50.775
14.075 49.875
8.325 51.625
9.325 49.875
10.725 49.475
10.275 49.975
6.175 50.675
12.125 52.025
6.725 47.725
9.925 51.925
7.825 51.875
9.575 55.025
6.125 52.925
6.875 47.975
9.025 54.875
13.875 47.425
8.075 53.425
10.725 51.725
7.525 48.725
13.475 52.025
8.425 48.225
13.875 52.375
7.975 51.725
13.175 48.175
14.575 51.975
9.675 48.525
13.225 50.175
6.175 49.875
10.525 52.825
9.275 47.975
6.225 49.975
13.925 49.125
9.975 47.475
13.625 51.875
10.225 51.025
9.325 55.175
11.475 51.775
9.725 53.025
7.075 50.875
8.575 50.875
11.475 47.625
14.975 52.475
14.975 53.575
14.175 49.025
6.225 52.725
14.475 52.075
14.625 52.575
9.625 49.125
13.725 51.025
15.025 50.975
13.575 53.275
14.775 52.025
10.025 53.475
6.525 47.825
6.925 48.475
8.475 47.675
12.625 48.175
13.875 51.325
8.275 53.325
9.525 54.125
5.875 48.425
13.325 53.425
13.325 47.275
12.975 50.675
9.925 47.475
11.825 49.025
13.275 52.925
7.425 53.125
11.875 55.125
8.675 48.275
12.325 47.525
10.075 48.175
8.825 50.025
12.025 47.275
13.925 47.925
14.225 47.925
10.275 49.825
7.775 50.975
10.375 47.525
14.475 49.075
12.025 50.075
12.875 50.675
7.975 51.375
8.125 53.175
13.075 51.275
14.625 49.225
9.575 47.625
13.475 50.325
11.425 54.775
6.025 48.525
7.875 47.775
10.325 48.025
14.325 52.175
8.075 53.625
10.175 48.025
14.025 47.825
12.425 52.225
10.125 50.175
6.425 52.475
9.475 49.425
9.275 49.075
7.125 51.475
10.375 51.725
13.775 51.675
11.425 47.675
14.825 53.975
12.375 49.675
14.025 49.575
9.275 53.075
13.625 52.075
12.375 47.725
13.075 52.175
15.175 52.775
11.975 51.425
13.625 50.275
13.925 51.575
12.675 47.775
5.875 49.825
14.525 53.425
8.725 49.525
13.175 52.925
11.175 50.925
8.025 48.875
11.675 47.975
13.225 52.875
11.925 54.725
14.975 47.625
12.975 50.725
10.175 52.975
8.625 53.625
13.675 47.575
11.625 47.375
9.725 49.825
5.975 47.525
6.125 48.225
13.225 48.325
8.425 49.925
10.775 51.175
13.075 49.675
14.375 52.525
8.975 49.875
6.575 49.875
8.525 50.325
14.725 51.175
9.275 50.475
11.675 54.025
9.025 48.175
11.525 55.225
12.825 51.125
14.225 49.475
13.025 47.375
8.775 49.175
9.675 53.825
11.825 48.875
12.125 54.925
9.825 48.625
12.925 48.175
13.525 51.175
6.325 48.775
14.725 49.375
6.175 51.075
13.675 50.525
8.375 51.675
14.825 55.075
11.275 53.575
5.975 51.575
7.225 53.625
12.775 52.325
5.825 53.275
9.425 49.825
14.075 51.375
6.175 47.925
13.125 47.625
7.325 48.225
12.125 47.975
14.525 52.725
7.875 50.825
9.975 49.975
9.275 53.475
13.875 53.325
7.575 47.425
10.525 52.025
12.825 51.375
11.125 49.425
9.025 54.925
7.975 51.075
11.675 53.725
13.425 52.575
8.125 49.375
8.825 54.675
8.325 49.175
6.175 48.975
7.375 47.525
10.025 50.175
11.375 50.425
12.675 47.425
11.875 51.575
10.075 54.075
6.075 52.775
6.225 47.625
7.525 49.775
8.575 49.125
7.725 48.175
7.825 53.625
10.175 52.275
11.975 52.275
14.175 53.325
7.325 53.525
6.125 51.725
8.075 52.925
8.925 52.225
9.925 47.625
9.025 48.625
6.325 50.225
13.725 49.125
7.025 49.625
9.625 48.125
9.775 47.825
9.875 48.525
15.125 48.375
9.725 50.025
13.375 53.875
7.675 49.875
9.575 51.425
10.375 53.025
15.025 51.775
12.575 54.075
7.625 50.375
14.975 52.625
6.325 48.225
8.025 52.425
6.625 49.075
10.725 47.625
7.075 50.475
14.125 51.825
12.675 54.125
12.975 49.975
12.175 53.025
13.825 51.275
13.425 51.625
8.825 54.725
14.325 51.575
9.675 48.275
6.425 52.825
12.725 53.125
8.375 48.925
13.475 53.025
13.975 51.825
11.275 49.375
12.825 53.525
13.325 50.125
14.375 47.775
9.775 48.775
7.025 48.125
9.125 47.475
8.225 52.025
9.175 48.625
12.325 52.025
13.425 51.125
11.875 53.325
8.775 47.825
14.575 48.075
10.225 47.375
14.275 52.975
11.625 52.925
13.325 52.225
11.775 47.575
11.275 50.675
6.275 48.225
8.675 48.975
11.025 51.575
10.225 49.875
11.925 49.825
14.025 48.325
14.675 47.275
7.675 48.725
11.725 54.075
11.875 52.175
9.375 54.125
10.375 48.975
7.375 48.475
11.075 48.325
11.675 48.175
11.475 48.575
10.075 50.425
10.625 55.125
10.875 51.375
12.725 52.925
14.475 50.275
10.075 49.725
13.975 48.625
11.275 52.775
13.425 51.925
14.875 51.725
11.725 50.375
6.875 51.225
12.275 49.525
8.675 50.525
6.675 49.825
14.825 48.325
10.875 52.975
14.275 50.175
11.625 51.025
11.325 49.925
12.825 50.125
8.875 55.125
5.925 47.325
13.225 51.725
12.725 52.175
13.575 49.725
10.825 50.425
12.225 51.825
6.925 50.025
7.975 53.325
13.225 54.075
10.025 48.225
12.575 53.625
13.525 53.075
11.775 49.775
10.625 48.925
12.825 50.725
14.725 52.275
11.025 50.675
14.875 50.175
8.775 50.475
7.525 53.175
13.125 49.375
10.775 48.375
10.325 48.175
14.975 52.975
9.975 49.725
7.575 52.575
10.925 52.475
11.475 52.675
8.675 51.225
7.925 52.775
7.475 51.125
5.925 48.775
12.325 49.925
7.925 50.175
15.225 51.175
8.025 53.525
5.975 50.625
13.375 51.425
13.625 53.425
8.375 52.425
6.125 51.375
10.525 52.375
9.475 54.925
6.425 52.175
12.925 54.225
10.625 51.875
10.475 52.775
13.925 51.925
10.925 50.475
13.975 53.075
6.475 51.575
13.625 49.625
10.125 53.525
7.375 51.525
11.125 52.025
11.025 49.875
15.075 52.925
11.925 49.375
8.125 49.025
8.375 49.175
10.525 48.525
13.675 51.575
13.575 52.075
10.075 49.925
6.875 51.775
8.675 49.775
15.175 48.875
14.225 52.875
9.975 48.325
11.225 50.275
8.175 48.675
13.825 48.775
8.375 53.225
6.375 52.425
6.725 47.975
14.725 51.575
11.825 49.325
11.225 49.425
12.525 49.175
8.375 52.525
7.175 52.675
8.275 48.925
6.775 48.325
11.925 49.775
12.725 50.425
11.325 49.225
7.475 47.625
8.025 51.225
11.725 47.625
10.925 47.975
13.975 53.275
12.875 52.375
14.475 49.925
10.375 49.825
6.625 51.875
7.675 50.125
6.125 48.725
7.225 50.475
11.625 48.825
5.775 47.575
7.375 51.125
6.725 49.825
10.275 53.625
7.075 53.125
14.725 49.725
9.975 48.625
11.975 54.775
6.825 52.425
14.325 51.525
6.125 49.275
13.425 51.325
9.575 49.725
7.025 48.775
11.875 52.775
9.825 47.625
9.775 52.675
11.075 48.475
9.175 54.125
11.525 53.425
10.325 54.325
11.575 49.275
9.525 48.975
9.825 54.575
14.325 52.625
13.425 51.075
8.325 48.025
9.125 48.525
10.175 51.225
9.175 53.075
10.775 47.625
10.325 49.575
12.825 49.925
9.125 51.325
11.475 49.075
9.625 52.175
7.275 52.625
8.325 48.575
13.925 52.275
6.775 49.025
9.475 53.925
14.325 49.175
10.825 52.925
14.025 49.625
13.675 48.475
10.875 49.425
14.175 51.775
12.225 50.825
14.675 52.925
9.575 54.775
13.475 47.625
6.225 47.525
14.375 53.075
14.175 52.225
12.375 51.225
7.975 52.775
10.325 52.675
14.125 47.625
10.725 54.825
7.575 52.825
6.225 53.225
14.875 50.275
8.125 47.675
13.175 48.575
9.975 53.275
13.875 50.075
10.675 53.975
10.775 52.625
10.075 52.875
8.925 47.425
9.625 51.575
6.525 49.225
13.425 48.525
11.025 50.225
10.825 47.625
6.875 50.625
11.675 55.225
12.175 48.425
12.325 51.625
9.875 49.325
14.875 52.525
14.825 49.275
6.325 47.725
8.375 52.375
6.925 53.075
8.525 51.525
6.475 52.425
12.475 51.075
11.025 52.075
13.275 53.075
14.075 48.175
11.425 50.175
14.725 50.625
10.725 49.725
12.225 53.425
8.675 53.775
7.575 48.525
5.775 50.025
15.125 52.475
11.775 51.225
11.025 47.775
12.025 48.525
10.675 47.675
14.525 49.525
12.275 48.275
6.325 50.725
11.725 50.625
7.825 53.425
14.175 51.825
8.025 52.875
13.375 53.825
14.875 49.975
10.975 53.775
12.975 48.225
8.425 49.225
14.875 52.925
7.325 51.675
10.225 49.425
12.225 51.225
5.975 51.025
12.925 53.825
11.175 53.075
14.125 50.725
11.575 53.525
12.275 50.175
15.175 49.525
14.425 50.275
7.475 50.625
13.725 48.075
11.175 53.275
10.275 49.525
15.025 50.175
10.525 47.825
8.075 49.425
13.475 49.675
15.225 51.075
10.625 51.075
12.475 54.225
10.275 48.925
11.225 49.525
13.175 53.525
14.575 48.425
11.475 49.325
12.575 51.175
8.725 50.125
14.225 53.075
14.775 49.825
5.775 48.725
13.225 53.675
14.825 53.675
10.725 50.275
11.725 53.625
6.325 49.825
10.075 48.575
7.625 52.575
13.275 49.525
8.875 51.875
10.925 48.275
14.425 52.075
12.775 51.825
8.225 52.475
14.575 51.075
10.275 52.775
14.475 49.575
7.725 51.075
14.425 47.875
11.475 54.775
9.925 52.825
11.525 50.525
9.375 47.725
14.325 52.425
7.625 47.275
10.225 53.925
15.225 53.525
9.525 53.025
7.225 51.675
12.125 52.775
10.475 48.175
9.375 53.325
15.075 48.825
10.175 51.075
11.175 48.225
13.775 52.725
5.925 48.825
13.725 53.525
14.875 49.775
13.825 53.425
15.225 52.125
8.575 53.325
14.275 53.075
11.625 53.525
14.825 49.475
12.475 48.725
5.975 48.225
8.625 53.825
12.525 47.675
13.925 52.725
9.525 54.725
12.575 53.825
9.175 51.275
11.875 50.125
6.525 47.575
14.875 53.775
15.025 53.375
11.375 49.275
13.125 51.575
12.875 50.075
7.575 48.575
8.575 52.425
10.925 50.125
9.875 51.825
10.125 52.825
11.675 47.925
8.775 47.875
11.275 47.525
6.075 53.225
8.475 48.775
10.725 53.525
13.275 49.325
9.875 53.975
9.325 47.575
9.525 48.725
11.925 53.275
8.525 50.825
9.175 50.225
9.975 48.375
9.675 51.325
7.125 47.425
11.475 52.325
8.275 49.525
11.025 48.725
14.675 50.225
6.125 49.425
10.225 53.275
7.075 50.725
11.075 53.875
13.425 51.025
7.475 52.725
14.125 47.375
12.325 48.225
7.175 49.275
7.075 47.575
6.975 48.025
10.225 48.925
6.725 50.675
9.775 53.625
10.975 52.675
13.375 54.425
8.475 48.175
13.575 50.675
5.775 51.975
7.275 51.525
9.575 48.725
11.775 54.675
8.175 47.425
12.625 49.675
15.075 50.825
12.375 48.025
12.825 47.525
14.275 48.075
8.025 50.875
13.275 49.925
11.975 48.425
8.325 48.875
12.925 48.425
9.425 50.325
14.175 52.375
7.725 52.275
9.875 54.575
9.875 53.925
12.325 49.475
9.275 49.175
11.275 51.075
12.975 48.125
12.075 53.825
13.925 50.175
10.175 52.325
12.875 51.475
9.575 49.925
7.725 51.725
11.375 51.575
11.625 47.325
10.475 50.125
13.025 53.375
13.575 47.675
12.225 47.925
6.075 49.825
9.425 53.675
13.375 54.275
6.025 47.475
12.275 47.475
7.525 50.875
10.075 51.325
12.825 48.375
13.375 50.525
12.125 47.925
7.925 47.725
12.375 48.825
10.875 47.525
9.075 47.875
11.725 52.725
13.725 48.575
14.275 49.575
13.075 49.225
10.025 51.725
10.875 48.075
12.325 47.675
14.775 51.225
11.575 54.825
14.575 48.625
12.975 51.275
10.825 51.125
14.175 48.225
15.075 48.725
7.625 53.325
7.625 49.975
7.125 48.375
14.575 52.575
9.575 52.825
7.675 49.825
7.825 51.025
13.775 48.075
7.475 52.325
15.125 47.925
10.625 52.025
6.025 53.175
12.475 50.175
8.975 51.375
9.075 54.375
12.375 49.875
7.175 51.975
14.775 47.425
6.825 47.875
6.125 49.675
14.375 48.575
12.725 50.875
12.475 49.475
13.675 49.675
9.775 48.275
9.775 50.875
8.925 48.275
11.925 54.775
8.525 51.175
8.775 50.725
12.125 48.575
13.325 54.125
13.725 54.025
8.475 53.275
8.925 52.625
9.975 54.125
13.775 52.675
8.475 54.725
7.925 52.975
6.625 49.325
14.475 47.825
12.675 54.375
14.875 50.975
13.475 52.575
9.925 52.025
6.025 51.175
6.275 51.075
11.975 49.475
11.925 52.925
11.125 48.825
6.525 47.925
6.625 50.725
7.175 47.775
7.675 52.475
8.525 49.575
10.125 51.875
11.275 48.725
12.375 51.875
6.875 52.375
10.925 51.375
14.075 49.625
12.975 54.225
10.625 47.425
13.975 51.175
13.975 51.575
7.225 48.525
14.075 47.725
8.625 52.325
7.375 47.925
11.825 52.125
9.225 49.425
10.125 48.575
14.825 49.425
10.375 47.975
10.425 51.575
8.775 49.075
14.625 53.325
11.725 51.675
9.275 47.575
7.775 50.325
8.975 49.375
7.275 52.275
11.825 48.675
7.275 50.125
14.275 48.775
7.275 49.375
15.025 52.275
11.725 51.625
8.825 50.875
10.675 52.125
12.625 50.925
6.925 52.975
13.825 52.175
6.425 50.025
6.225 51.675
13.575 50.825
12.275 51.925
8.625 53.725
7.375 49.375
5.975 52.375
6.675 53.225
13.975 52.575
8.325 53.375
11.175 50.625
8.725 55.175
5.775 50.625
13.625 53.975
14.775 50.425
9.375 54.775
12.675 48.875
6.475 47.325
14.525 48.025
14.725 52.375
10.275 53.025
11.675 50.575
9.575 49.225
12.075 47.975
9.475 50.825
11.025 50.575
9.425 54.525
14.975 51.425
8.575 49.525
11.425 49.825
6.175 50.075
9.175 48.175
7.825 47.325
10.075 48.875
6.025 47.275
11.125 49.625
6.475 53.225
12.525 52.525
13.775 48.725
14.175 51.025
8.325 49.875
6.625 50.975
7.925 52.925
11.825 54.875
8.075 49.325
9.125 52.925
6.575 50.975
8.075 51.425
11.225 51.125
9.525 49.625
11.525 50.075
13.725 47.625
9.925 53.675
6.625 52.125
12.275 49.975
15.175 52.475
12.075 48.125
10.325 51.425
10.175 49.175
11.175 53.725
13.475 53.375
6.175 49.225
11.175 51.925
10.575 53.075
9.975 54.925
10.375 54.325
10.575 47.725
12.475 53.325
9.575 54.175
6.275 48.975
10.875 51.525
9.175 53.975
10.975 48.175
9.525 50.525
7.425 50.375
11.325 52.125
10.775 51.925
11.775 48.425
7.625 50.125
6.575 51.825
9.775 51.625
13.725 51.325
6.025 49.525
10.925 52.325
7.325 48.475
6.325 47.325
11.875 52.825
7.675 50.475
11.375 51.275
12.525 54.075
6.075 51.375
12.375 53.075
8.675 53.125
9.075 47.625
8.875 52.675
10.025 49.025
13.325 54.475
6.225 48.075
6.825 49.825
14.175 51.175
10.275 48.575
6.225 51.925
8.225 52.325
12.075 50.225
7.825 53.475
13.925 50.225
11.725 50.575
12.675 51.425
8.775 53.225
10.775 52.525
10.025 50.325
15.025 49.825
11.625 50.975
7.425 50.725
7.325 47.325
10.625 49.475
13.225 48.275
14.175 49.625
13.875 48.525
11.775 52.125
11.525 48.875
10.825 52.575
6.425 51.025
9.525 49.325
12.475 53.825
6.825 49.025
6.575 53.075
9.225 53.925
9.725 50.875
13.725 53.675
8.475 48.625
11.675 52.125
10.525 48.375
5.875 49.775
12.525 49.375
7.475 49.675
12.875 52.025
8.625 50.325
8.325 51.975
8.325 47.675
8.025 48.725
13.025 49.475
8.075 51.125
8.375 48.275
10.825 53.325
8.075 48.375
9.675 48.575
7.175 52.925
8.475 48.725
12.575 48.375
13.125 53.025
10.475 50.075
9.425 54.225
11.575 52.725
11.675 48.725
13.025 47.475
10.225 52.625
13.625 49.475
11.025 50.125
7.625 52.975
10.825 47.475
6.725 51.325
13.875 53.725
12.825 47.875
12.225 49.875
14.425 50.675
9.725 54.975
8.475 49.175
13.825 49.575
9.625 47.725
11.825 53.725
10.475 48.525
11.275 47.925
7.975 49.575
13.825 53.475
13.625 48.425
10.175 47.875
13.725 49.625
6.925 49.675
9.675 48.975
8.275 48.225
9.525 49.525
13.875 50.825
11.075 47.875
14.925 51.175
8.325 51.925
13.075 51.775
15.175 53.875
8.375 53.275
9.975 50.125
10.875 50.625
12.075 49.425
9.075 48.775
7.775 48.675
9.625 50.375
9.425 53.325
11.125 50.375
13.775 51.825
8.475 52.575
8.225 47.375
13.125 48.325
11.175 51.175
12.725 48.925
9.075 48.275
8.275 49.225
10.425 52.025
12.425 51.425
6.725 48.525
10.625 53.325
6.825 53.125
14.425 49.725
14.525 50.425
11.925 51.025
13.825 52.075
6.475 51.925
7.925 53.675
7.425 50.475
9.925 52.975
5.925 51.025
8.025 50.625
14.475 47.675
12.475 47.275
13.975 49.025
9.275 53.525
10.625 51.275
10.975 49.475
8.225 50.175
11.475 53.325
11.625 50.325
13.325 49.875
8.675 53.675
13.825 53.325
11.425 49.025
13.625 49.325
8.325 50.225
6.525 51.025
14.625 52.325
13.375 52.725
15.025 49.925
10.725 52.725
6.825 51.175
14.525 47.675
7.675 51.825
8.725 52.175
7.325 50.625
12.725 51.275
13.625 51.075
14.225 47.425
12.325 50.025
7.025 52.975
8.125 52.575
9.325 52.725
14.175 50.325
6.775 47.925
6.875 49.525
6.875 49.275
13.775 47.925
15.075 53.075
9.875 50.825
11.325 53.725
11.975 53.775
9.925 49.325
12.575 52.675
8.475 50.875
6.675 52.875
12.875 47.325
14.475 50.575
14.175 53.175
9.475 52.125
14.125 52.175
11.875 50.925
10.875 47.425
10.275 47.625
13.775 51.225
11.375 52.175
5.875 48.325
9.225 52.075
13.475 49.325
8.125 48.325
9.075 47.475
10.575 48.025
13.025 50.875
12.375 47.875
6.975 52.725
14.475 52.675
14.625 52.725
10.725 48.475
12.325 47.825
11.825 55.075
7.425 52.225
8.575 48.775
7.475 48.525
14.025 52.475
11.675 47.825
8.825 53.175
9.925 52.275
6.425 47.775
11.075 50.075
11.725 50.475
13.775 51.425
13.275 47.725
8.725 48.525
13.725 53.975
11.875 47.325
8.675 53.375
12.825 52.475
13.325 52.325
15.225 51.675
6.975 52.475
6.275 50.775
11.825 47.825
14.625 50.525
9.275 47.275
7.475 50.575
10.925 51.325
13.675 50.725
9.375 49.725
11.675 51.475
12.525 53.825
9.175 54.525
8.775 50.325
6.175 47.275
7.325 48.425
9.375 51.775
6.325 48.675
12.925 52.425
11.775 53.375
10.575 53.575
6.675 50.775
10.475 53.525
8.725 49.225
7.625 49.425
11.575 49.825
8.775 50.375
9.725 52.775
9.025 51.175
9.175 52.375
12.775 48.375
12.075 49.925
9.325 52.675
7.175 52.525
10.575 51.375
11.775 49.125
9.525 48.475
6.325 51.025
12.475 49.775
12.875 53.525
8.025 49.775
14.575 53.675
10.675 53.375
12.975 50.475
12.475 52.025
5.975 50.525
12.675 52.625
7.375 48.275
6.375 51.525
14.775 50.475
6.375 51.825
13.375 53.525
10.375 48.025
8.475 52.175
6.825 48.575
7.375 48.525
5.775 50.375
14.975 50.925
11.875 49.175
5.975 49.625
14.925 48.675
11.275 50.075
13.225 49.525
8.025 51.975
14.375 50.925
10.625 50.925
7.425 47.275
12.925 50.575
9.875 54.925
9.325 53.775
11.075 53.375
10.575 52.825
7.775 49.925
7.575 50.475
9.225 52.125
14.625 53.625
11.375 49.125
14.875 48.125
13.625 51.575
8.725 47.975
9.075 54.275
11.575 53.375
10.225 53.525
14.575 50.025
7.875 49.525
7.975 48.325
14.525 49.075
13.575 50.775
11.775 47.525
11.225 52.175
10.275 50.575
14.275 53.325
11.725 47.975
11.775 48.225
14.375 52.425
6.075 52.275
14.825 52.275
14.675 47.625
7.975 53.625
7.075 48.575
6.625 47.875
12.675 52.875
13.025 52.225
8.175 52.175
13.825 47.425
8.425 50.175
10.825 54.175
9.525 54.425
12.725 47.575
7.575 49.025
15.225 47.975
8.525 52.975
13.575 51.225
9.425 53.225
12.625 52.225
12.725 52.325
9.575 51.375
6.875 50.775
13.775 50.425
12.275 51.825
14.925 53.725
11.075 52.575
8.675 55.125
7.525 49.275
14.925 51.975
8.125 47.525
8.725 53.525
11.875 50.675
12.425 49.125
10.875 50.725
15.025 51.125
13.675 51.375
11.275 48.225
6.125 51.025
10.775 48.175
9.175 49.225
6.275 49.775
11.325 53.925
13.725 50.325
7.825 48.175
8.725 50.425
7.975 49.775
10.425 51.725
7.375 50.025
15.025 49.375
9.125 49.125
9.625 48.275
11.475 49.125
8.175 50.825
11.475 48.525
9.475 48.625
14.675 53.225
7.525 51.275
9.875 51.125
14.675 50.825
10.925 53.525
10.375 53.075
13.025 51.725
6.975 51.175
9.075 54.575
9.975 53.125
10.425 48.525
13.125 54.125
10.325 54.175
10.575 48.625
10.225 48.375
7.825 52.275
11.975 50.325
13.875 53.925
9.975 47.275
9.625 47.325
9.525 48.325
13.425 53.575
6.075 49.475
6.525 50.725
7.825 47.925
13.425 47.275
7.075 48.975
9.925 53.125
14.975 50.525
15.175 50.825
12.425 51.725
12.975 48.775
12.625 54.325
10.625 51.725
8.675 49.675
14.825 52.525
8.625 48.475
11.425 52.925
14.875 51.675
7.325 52.725
11.125 51.525
14.575 49.375
8.225 48.725
8.175 48.825
6.125 47.775
10.175 48.575
12.975 48.975
13.925 50.775
11.075 52.625
8.675 55.175
6.875 48.525
10.525 50.825
5.975 51.125
6.925 49.475
6.175 53.275
7.375 53.525
8.375 52.275
8.225 49.375
10.775 47.475
10.575 47.475
7.525 53.125
10.725 48.725
8.475 47.375
8.825 53.675
7.225 52.125
8.025 47.325
13.225 52.225
12.025 49.325
10.275 52.825
15.175 47.275
8.925 47.375
13.375 47.275
6.175 53.175
12.425 47.375
10.725 52.775
6.225 51.725
13.025 51.575
12.875 50.975
12.525 48.225
9.525 52.275
7.725 50.425
13.775 47.875
11.825 48.375
12.175 48.075
11.475 53.025
8.925 47.975
6.525 49.725
11.075 52.025
10.725 47.775
6.425 48.825
12.375 53.825
12.225 49.075
8.025 52.625
14.225 48.325
7.175 50.275
8.275 50.375
9.075 52.275
14.675 51.975
10.525 52.275
6.575 53.275
8.125 53.325
11.625 54.025
13.525 52.225
7.625 49.225
11.725 53.725
6.775 48.475
13.075 48.625
7.175 49.525
10.775 51.875
12.225 50.325
7.175 50.675
8.925 47.625
12.175 51.675
8.475 50.625
14.725 51.825
15.125 53.075
5.875 52.175
12.725 48.375
14.425 50.375
9.125 53.975
11.675 49.125
6.325 53.025
12.325 53.825
14.125 50.175
10.475 51.075
13.725 49.875
8.925 49.725
7.525 51.675
7.175 49.325
7.525 49.875
12.525 50.175
14.875 52.575
9.525 53.375
12.075 50.075
6.575 49.475
7.075 51.425
7.325 51.425
6.725 47.625
12.075 51.825
7.725 48.225
14.775 51.375
15.075 51.575
8.775 52.525
10.075 47.425
8.525 51.725
8.775 52.875
10.575 48.075
13.575 53.875
8.575 53.225
10.575 52.125
13.375 53.325
15.225 49.225
8.925 53.575
6.025 48.675
7.975 51.775
11.975 53.075
9.725 51.775
12.825 50.575
6.625 49.175
13.825 50.475
9.275 55.225
12.375 52.225
10.375 53.275
6.675 50.075
8.775 49.225
10.725 55.225
12.725 51.075
9.675 52.325
5.975 52.675
8.475 49.325
12.475 47.625
5.775 48.475
10.975 50.925
9.325 52.275
13.575 47.825
9.725 50.075
11.175 49.425
6.075 52.825
11.125 54.425
5.775 47.975
13.775 50.625
12.225 53.025
10.825 53.775
8.025 51.425
12.475 48.825
8.825 48.875
12.925 52.775
9.025 51.825
7.825 51.175
10.875 47.475
7.075 53.275
7.725 52.475
14.025 50.225
9.775 51.075
7.925 49.425
5.975 48.775
9.325 51.925
10.175 48.675
8.825 49.825
10.175 53.225
11.225 54.825
5.825 50.925
14.125 52.025
6.425 52.975
11.675 49.025
12.225 53.225
13.175 52.175
11.525 47.925
11.725 51.425
8.975 51.275
11.975 54.875
6.625 50.925
13.175 54.075
11.475 48.775
10.775 53.275
12.225 53.875
10.975 50.225
10.475 49.125
14.375 52.025
6.325 50.475
12.075 52.275
6.225 49.375
15.125 48.775
9.425 54.325
10.725 53.375
14.075 49.375
6.975 50.075
9.075 53.275
11.525 51.925
6.775 48.425
6.125 49.925
9.325 49.075
10.575 52.875
7.025 51.275
10.325 48.975
11.375 49.575
9.575 53.675
11.925 47.325
9.825 51.025
12.175 49.425
10.775 47.675
12.125 53.525
14.325 49.725
9.825 51.725
5.775 52.875
13.675 51.025
15.075 53.875
13.025 49.025
11.075 53.775
12.525 54.975
10.425 49.375
6.675 50.825
7.675 50.025
9.825 51.075
13.075 51.025
6.875 47.925
8.675 50.625
14.425 53.475
7.075 52.725
7.725 52.325
12.125 51.375
7.125 51.225
8.225 51.225
11.325 48.575
9.525 54.575
14.875 48.725
9.625 47.275
6.275 49.975
10.925 52.075
12.175 52.925
11.225 50.725
8.425 48.775
7.775 49.675
9.675 53.075
12.725 51.725
13.075 54.275
13.575 48.175
7.925 51.175
7.625 49.025
15.075 53.725
12.625 52.875
14.825 55.125
9.375 53.025
6.525 51.975
9.525 52.425
11.475 53.875
14.125 49.125
12.075 50.275
10.825 49.025
8.775 53.775
11.475 49.825
8.175 51.175
14.275 49.675
14.275 53.125
11.425 50.725
12.925 52.925
8.525 55.075
12.275 52.425
7.975 53.375
7.525 49.375
6.475 51.375
7.475 51.725
13.125 53.625
8.725 50.075
13.225 50.975
7.475 52.125
13.925 49.625
13.225 47.625
9.825 47.525
12.125 53.575
10.575 49.825
15.075 48.425
10.175 50.225
8.125 51.925
6.425 48.675
9.625 52.925
14.225 51.075
12.225 48.175
5.975 50.225
9.125 50.675
7.475 51.425
11.925 48.675
6.225 50.125
6.825 48.375
9.925 50.925
14.925 53.325
14.725 53.175
7.625 47.775
10.725 50.525
13.525 49.325
10.075 47.575
7.275 49.975
14.325 49.475
12.425 51.075
11.175 52.025
7.075 50.625
13.775 52.025
11.875 48.025
13.525 53.975
10.775 53.175
15.225 49.075
11.875 53.175
15.025 53.125
11.725 49.225
7.175 50.475
6.925 49.925
13.125 48.675
12.825 53.125
6.875 50.025
9.075 49.175
12.725 49.775
10.275 52.475
9.125 52.975
9.725 49.325
14.625 52.825
11.875 48.975
7.275 48.725
12.925 50.225
10.075 48.025
9.725 51.475
11.975 51.925
10.675 54.175
11.375 48.725
12.025 51.525
8.175 50.225
9.125 52.125
13.325 52.675
7.075 52.225
11.875 53.775
14.025 48.175
13.525 53.225
9.175 52.625
12.525 53.875
7.625 47.625
8.425 52.825
10.825 51.275
5.775 49.225
6.525 47.775
10.725 49.575
11.175 47.775
12.075 53.175
6.825 51.025
7.375 52.275
10.125 53.875
7.175 50.525
8.925 50.425
12.925 51.075
10.225 52.375
5.875 48.725
6.125 53.125
7.925 53.425
11.975 52.075
8.025 51.775
6.125 48.075
10.625 48.725
9.225 51.725
9.975 50.525
12.975 49.825
10.725 51.675
10.825 47.525
6.175 48.775
9.275 47.375
6.975 52.075
12.825 48.325
14.575 48.325
10.775 49.325
9.625 52.225
10.025 48.725
8.175 48.025
8.575 47.525
10.525 48.875
12.475 51.375
8.575 51.775
12.775 49.425
10.875 53.075
6.825 49.075
11.875 55.075
9.825 51.825
13.725 52.875
6.575 47.575
11.325 50.875
12.275 48.625
6.375 47.375
6.225 48.725
6.975 52.025
8.725 50.025
8.725 51.775
9.175 49.825
9.625 52.625
11.275 53.175
14.375 47.975
7.375 49.875
9.425 49.325
13.075 47.525
14.425 52.475
11.025 52.575
12.475 51.975
9.875 53.125
6.025 52.825
13.825 47.925
11.275 49.675
12.475 50.475
7.125 47.275
6.275 50.625
13.675 47.825
11.375 48.675
9.275 53.675
12.875 52.275
8.325 51.075
10.575 50.175
7.425 52.175
13.875 52.975
6.975 49.525
14.675 48.025
7.675 51.575
12.825 52.775
11.775 47.275
6.225 50.975
12.675 51.325
6.725 49.975
9.325 48.475
11.675 51.625
14.925 51.125
14.575 51.725
15.025 53.725
15.025 54.075
6.625 50.525
10.075 53.775
10.875 48.175
8.925 53.025
8.925 52.775
14.575 50.725
10.575 47.775
11.125 47.575
9.025 47.925
14.825 48.725
7.225 49.025
14.375 48.675
8.075 48.325
6.675 51.075
15.075 53.375
12.475 53.225
9.375 48.525
10.575 53.375
10.875 48.925
8.325 49.075
6.475 51.425
13.825 47.275
9.625 48.075
7.825 48.575
15.175 49.775
11.375 51.325
14.325 50.625
10.475 52.475
6.025 47.975
12.725 50.175
7.975 47.775
8.075 49.975
8.775 51.925
9.475 49.875
8.625 50.275
11.125 50.825
9.525 50.375
13.875 52.575
13.375 52.625
13.325 49.325
14.675 48.825
11.425 52.475
13.375 50.025
7.575 49.275
14.925 51.275
10.625 53.375
12.875 49.075
13.925 52.175
13.875 48.275
5.875 49.575
12.425 48.625
6.025 52.875
12.425 53.825
12.225 50.225
8.225 48.225
6.525 49.175
12.975 51.625
12.125 50.325
10.975 51.075
13.875 53.075
7.775 53.575
9.075 52.525
11.025 52.775
14.925 50.875
6.575 53.375
7.775 48.025
9.625 54.825
11.675 53.525
6.025 52.075
6.225 49.525
9.325 54.125
13.675 49.725
12.025 53.575
11.375 53.325
10.475 51.225
13.775 50.325
13.475 51.675
8.075 51.625
6.975 47.575
11.725 47.675
8.125 52.325
7.975 50.725
14.275 51.375
6.625 50.275
6.925 50.875
8.475 53.125
7.725 52.575
14.525 52.225
6.475 47.875
10.175 54.325
11.625 54.075
13.275 50.525
8.825 50.825
9.575 53.225
13.975 53.875
9.975 51.825
14.275 51.325
6.575 53.325
13.375 52.425
12.775 54.175
7.775 52.625
14.225 49.225
11.125 53.425
12.975 50.225
7.975 53.225
8.125 47.475
8.225 50.725
11.625 48.625
10.525 49.875
6.975 52.575
6.625 49.675
13.025 53.425
9.425 51.175
11.225 48.425
14.225 53.025
10.575 52.325
9.225 48.275
8.875 49.675
13.575 47.625
8.875 47.375
9.675 50.225
6.975 51.825
7.825 53.225
9.875 48.275
14.275 52.375
9.475 52.525
14.825 51.125
10.175 52.725
11.325 51.525
11.925 51.975
8.175 49.775
10.475 54.325
6.375 52.025
10.125 49.325
6.525 50.225
8.325 47.325
11.825 49.375
13.325 53.675
7.625 52.925
8.875 53.775
11.875 49.725
8.075 51.325
6.925 50.775
13.075 51.075
11.175 48.375
7.525 51.175
11.375 48.025
9.075 54.875
11.625 51.625
13.775 48.525
10.775 51.275
15.125 53.325
8.925 54.525
12.025 51.875
13.575 48.925
13.125 49.925
15.125 49.125
9.375 54.025
10.175 51.325
8.775 52.475
7.925 53.525
11.375 52.425
12.325 53.325
5.875 51.175
10.725 55.125
8.275 52.975
6.425 51.375
15.025 49.425
10.125 52.475
15.175 49.225
6.775 49.275
13.475 53.575
12.875 47.375
12.125 51.725
11.925 52.725
12.875 48.875
9.025 51.625
13.325 50.775
13.025 52.325
14.325 52.925
11.975 49.375
9.575 51.575
10.725 50.375
9.725 48.225
10.675 50.325
10.975 50.825
8.375 53.075
11.825 54.725
6.225 49.725
8.625 48.725
10.525 51.675
9.325 48.375
6.425 52.875
10.475 54.375
9.875 49.025
7.825 47.375
8.675 47.675
7.475 49.375
10.625 55.075
7.575 47.725
13.175 50.975
7.875 53.575
8.725 53.825
14.075 51.975
6.725 49.275
9.125 49.225
12.125 53.725
8.125 49.725
10.025 52.775
12.125 48.375
6.175 48.225
13.325 48.475
14.175 50.125
10.425 51.825
11.275 52.325
8.975 47.875
12.325 51.875
6.325 51.725
9.025 47.775
6.475 51.275
7.125 52.925
12.625 47.975
6.625 47.375
14.775 52.875
14.525 49.675
12.375 49.975
9.625 49.875
11.825 47.875
10.025 53.175
9.225 49.025
12.175 49.075
13.075 52.775
14.025 48.525
13.125 49.875
7.375 48.625
13.025 48.675
8.325 50.725
11.375 49.225
11.775 49.575
10.325 53.475
10.975 51.825
7.575 49.475
14.325 53.475
12.875 47.925
13.125 49.225
12.225 52.925
9.225 49.225
7.975 51.975
9.775 52.225
12.775 50.675
8.275 51.475
5.875 48.775
8.575 49.225
12.525 47.925
8.425 49.675
11.125 52.075
10.275 50.775
8.225 48.275
13.275 50.975
8.975 53.425
9.725 50.775
8.225 52.975
7.325 50.675
11.425 53.575
14.475 51.925
8.875 51.675
8.775 51.725
10.325 47.575
12.625 47.275
8.325 51.325
13.275 50.625
9.775 54.925
11.375 47.675
7.575 48.075
14.775 47.875
13.675 48.225
10.225 52.275
8.025 49.625
9.825 48.375
9.325 51.425
7.525 53.475
8.275 49.425
6.125 49.025
11.175 52.675
9.375 48.675
10.025 53.875
11.575 50.725
10.975 50.975
12.275 53.925
13.175 50.825
12.575 50.825
10.625 50.275
12.175 53.925
12.375 54.175
13.775 49.325
12.175 49.875
13.675 52.525
14.125 51.875
10.125 49.425
14.525 53.375
12.675 52.125
10.025 54.375
8.275 53.225
7.525 52.175
14.975 52.775
9.525 54.525
6.475 49.375
14.875 48.975
7.325 50.575
13.225 53.225
12.275 53.675
6.925 50.825
13.325 48.725
6.175 49.725
9.975 49.075
13.325 54.425
13.825 49.175
15.075 47.425
7.375 50.175
14.275 47.525
11.825 48.625
6.425 47.925
6.525 49.625
12.525 48.025
15.125 50.325
5.975 49.525
10.775 53.575
15.075 50.475
6.125 52.125
9.175 52.675
12.725 48.975
7.325 52.325
9.475 49.725
9.475 54.675
10.675 47.275
12.825 53.325
5.825 51.775
6.075 52.175
9.975 52.675
7.475 49.725
10.125 49.575
6.775 49.825
11.425 50.375
9.375 47.975
6.725 52.075
14.925 49.575
6.475 47.925
9.275 48.175
14.325 48.375
8.575 51.275
14.325 53.175
14.475 51.375
12.625 53.775
11.975 54.825
5.925 51.325
7.725 48.975
8.025 53.625
13.775 52.175
12.125 50.525
14.175 48.475
8.375 49.525
10.075 53.275
11.575 48.325
5.975 50.775
12.025 50.225
11.525 50.325
10.325 47.625
10.725 53.575
13.325 54.325
8.825 55.175
12.675 53.225
9.825 51.625
6.675 52.575
10.325 52.975
9.575 53.275
13.425 47.825
9.825 47.325
6.325 52.975
10.175 49.825
13.775 52.975
6.275 51.875
8.275 51.125
14.775 53.925
11.475 48.375
9.275 51.725
7.375 52.325
11.425 53.875
11.725 49.175
5.875 48.225
10.575 47.975
11.025 48.325
8.875 51.925
11.675 48.775
7.175 53.625
15.075 52.425
12.775 54.225
10.075 49.525
6.925 52.625
11.125 50.775
10.375 48.475
14.875 49.275
9.575 50.175
7.675 49.525
11.325 48.775
6.375 50.625
14.875 52.175
6.225 49.775
13.575 51.175
14.325 48.625
8.975 49.475
6.575 49.025
14.525 52.975
14.675 49.525
6.175 51.575
14.025 52.725
14.525 47.425
13.975 52.425
7.725 52.375
7.925 51.725
7.625 48.125
9.475 54.575
11.375 52.775
10.325 52.775
6.875 51.575
7.375 47.625
10.875 48.225
9.625 52.775
12.125 53.825
13.525 51.675
13.075 53.425
10.475 53.625
11.975 48.675
12.975 49.775
8.375 53.175
12.725 50.975
12.375 49.325
10.725 48.875
11.925 50.425
12.925 51.425
8.525 48.925
13.325 48.175
6.225 49.825
13.425 48.125
10.625 50.725
12.025 47.725
15.125 47.475
11.725 52.425
10.925 50.625
11.775 53.475
8.675 47.725
13.025 48.575
14.725 53.375
13.125 52.325
9.325 52.025
13.925 49.875
10.875 49.825
12.075 53.025
11.825 48.925
11.425 51.075
7.475 50.675
7.825 49.925
14.875 50.475
11.425 51.275
14.175 53.875
12.625 47.525
13.675 47.625
13.525 53.425
11.775 52.725
12.625 51.525
12.425 53.975
8.375 47.625
8.675 48.025
13.825 50.325
14.825 52.925
8.525 48.175
10.275 50.125
13.175 49.625
11.025 47.425
13.875 53.825
7.975 47.575
12.675 52.375
12.075 49.675
8.225 51.475
12.775 52.625
8.125 48.475
15.125 48.925
9.275 52.725
6.575 50.875
12.575 51.275
8.475 49.425
6.625 51.175
13.025 53.025
6.925 53.175
6.975 51.375
7.975 49.275
14.275 53.175
9.625 53.325
8.675 53.825
14.625 49.725
12.425 49.575
9.325 50.775
10.875 51.825
9.875 51.375
13.675 49.325
10.175 54.075
6.825 53.075
11.075 49.175
10.725 50.925
6.475 52.125
15.225 54.025
10.675 47.975
7.425 50.625
8.675 53.225
8.675 50.325
10.525 48.475
14.525 52.525
9.875 52.225
10.775 48.775
14.425 52.825
12.025 51.075
8.575 49.575
13.925 52.975
8.925 52.575
12.875 48.925
11.475 53.825
12.675 53.675
12.675 47.675
6.975 47.425
6.225 52.575
7.475 49.975
6.825 48.275
9.725 53.425
7.925 53.575
11.325 50.775
10.425 48.975
6.025 49.375
9.975 48.075
14.025 51.275
14.875 47.825
6.475 47.275
5.875 50.175
11.775 50.875
7.525 49.475
10.675 49.775
8.875 54.025
6.425 51.225
8.225 49.925
12.325 54.075
10.325 55.125
12.625 51.375
8.625 48.325
11.975 48.975
10.125 48.425
11.025 47.825
10.075 53.525
10.975 48.225
12.925 48.725
12.225 51.425
6.475 49.175
9.275 49.375
12.675 49.675
5.825 47.725
9.025 53.225
14.575 49.275
14.675 52.725
12.975 51.875
5.775 52.725
6.575 48.575
8.875 48.525
11.425 54.825
12.875 49.175
9.575 50.525
6.875 51.125
15.075 49.975
7.575 51.825
9.075 49.775
11.025 51.025
6.975 49.125
10.075 49.425
13.775 53.025
14.975 51.475
6.475 49.125
10.975 47.575
15.125 49.475
10.625 51.625
15.075 48.075
9.125 51.725
10.475 54.225
9.075 51.175
6.175 52.275
14.325 51.675
11.025 52.825
6.225 53.375
6.175 47.425
14.375 47.325
7.725 48.375
10.575 49.925
9.975 49.225
8.575 52.225
10.625 51.025
12.275 50.925
14.375 52.225
6.525 47.875
7.325 47.575
11.075 47.425
12.475 52.075
10.925 48.325
12.525 51.575
6.875 51.925
11.525 47.475
11.625 48.525
10.825 49.575
8.125 52.775
10.025 50.775
14.625 49.425
7.825 53.525
10.575 49.675
6.425 49.975
8.175 47.525
13.725 50.575
13.975 47.975
10.375 50.675
6.075 50.225
10.675 51.225
8.575 50.075
14.475 52.475
8.125 50.025
9.875 48.375
11.775 49.675
12.275 51.875
6.725 52.975
13.275 51.525
14.825 47.325
14.975 47.725
7.025 47.325
13.025 48.225
9.025 52.625
13.925 53.575
14.375 53.275
6.625 51.825
11.325 47.625
8.575 53.425
11.825 55.175
8.875 50.425
6.175 50.425
9.425 54.875
8.425 50.825
14.625 50.375
5.775 48.025
8.475 50.175
9.125 54.525
11.725 51.525
10.925 51.225
7.975 52.025
10.975 50.875
10.225 51.275
13.025 49.275
9.375 47.375
13.125 53.075
12.525 49.725
13.175 51.775
6.925 49.625
11.025 49.225
7.825 47.575
9.875 54.225
11.725 49.425
7.225 51.275
13.325 52.775
9.925 49.025
10.125 54.325
11.125 53.075
14.625 51.125
12.575 51.075
14.225 51.375
15.225 51.225
12.575 48.925
6.425 49.325
14.025 52.225
11.625 50.225
12.375 49.425
13.125 52.275
11.275 51.325
12.625 52.125
6.225 52.325
9.775 50.325
14.975 52.825
12.925 50.925
12.775 49.175
9.575 49.125
12.325 51.375
13.525 47.775
9.425 55.225
14.075 47.575
14.475 52.625
7.275 48.525
13.575 54.075
14.725 48.025
10.525 48.625
8.325 52.825
12.125 55.225
14.125 47.675
15.225 53.275
12.025 49.525
7.025 52.925
6.875 49.825
10.925 49.625
7.875 50.075
12.975 47.725
10.075 49.175
6.225 48.275
14.075 48.975
6.975 53.175
12.725 53.175
8.175 52.225
5.825 47.375
14.775 49.675
9.625 51.725
8.025 52.275
13.475 49.275
8.925 50.775
13.825 47.775
5.825 52.275
8.375 51.875
14.125 48.525
8.875 51.975
13.325 47.975
13.275 48.525
11.925 51.475
11.375 52.725
10.975 47.425
6.875 52.675
14.925 48.075
14.775 48.675
11.175 47.425
14.275 47.425
12.125 52.675
10.125 48.925
8.125 52.675
10.825 47.675
10.825 53.625
11.275 49.875
6.425 50.075
7.875 49.825
9.625 54.075
15.075 51.725
14.075 51.325
7.925 50.525
15.075 48.475
5.875 52.375
8.025 50.975
12.825 49.125
11.875 47.375
12.325 49.575
15.175 53.675
9.375 53.275
10.925 52.175
11.925 47.825
14.475 50.125
13.475 50.375
8.625 50.875
11.375 48.075
8.725 50.525
11.025 49.075
7.475 52.775
7.775 52.525
10.175 52.475
9.525 50.075
6.825 52.225
14.725 52.175
7.725 53.475
7.225 49.775
10.625 51.475
8.275 52.375
14.875 53.075
15.025 51.375
11.125 50.575
9.275 52.925
14.775 48.775
5.975 52.475
14.375 51.525
5.775 49.175
9.025 51.025
12.625 51.775
7.325 51.975
8.475 53.475
12.875 52.175
10.225 51.325
5.975 52.625
9.175 52.525
11.425 48.525
10.625 53.875
9.475 51.175
6.325 47.425
6.375 50.125
13.725 51.775
10.525 49.375
12.025 50.475
13.525 48.225
7.325 50.425
6.175 50.975
13.375 50.225
12.425 50.425
6.225 52.075
11.375 52.875
9.875 52.725
12.175 50.175
7.325 49.425
5.875 51.975
10.725 54.175
7.475 49.275
10.775 54.125
6.475 52.975
11.625 48.875
12.575 47.275
10.175 53.175
13.825 48.275
10.425 52.875
10.325 54.225
8.875 47.925
9.875 54.725
9.375 52.225
11.625 50.775
9.525 50.725
13.575 47.425
11.925 50.075
6.575 51.925
12.425 48.275
5.925 48.575
13.475 51.175
9.575 51.925
13.025 47.525
14.375 47.925
10.225 52.225
10.225 50.025
13.525 48.625
10.675 48.875
12.175 49.725
13.275 49.875
12.725 48.125
15.125 53.375
7.275 49.575
11.675 49.275
11.175 49.975
7.625 48.675
5.825 51.575
10.175 53.825
9.125 49.775
11.675 52.275
14.725 47.475
13.075 48.425
7.725 49.625
9.775 52.475
7.375 49.425
5.775 50.975
13.425 47.975
8.625 51.175
14.175 52.725
9.975 51.075
10.675 53.175
9.325 47.925
6.475 50.475
12.375 53.275
10.425 47.425
9.875 49.825
15.125 50.275
12.125 51.825
6.875 52.125
6.325 50.925
13.175 48.325
7.125 48.175
7.375 50.425
9.125 49.275
6.425 51.625
6.775 48.225
12.625 50.775
13.875 48.125
5.825 49.025
11.075 52.175
14.825 52.875
7.525 52.475
6.675 51.025
8.775 52.175
10.975 47.475
5.825 50.625
13.625 49.125
11.275 53.425
9.625 48.425
13.625 52.775
12.975 50.425
8.475 50.375
12.175 51.175
14.525 53.225
6.975 48.325
11.675 49.175
12.275 50.675
10.375 54.375
13.575 54.375
6.025 50.175
8.025 49.725
6.925 47.675
13.625 49.675
8.225 48.675
9.925 47.825
7.775 49.225
7.675 49.475
6.625 47.425
9.625 47.375
14.375 52.075
6.525 50.825
15.075 50.925
8.525 47.575
6.225 48.375
8.925 48.375
12.775 48.825
14.675 49.325
12.475 53.725
6.425 48.575
9.525 48.225
6.825 51.525
10.225 52.475
11.825 51.675
13.625 51.375
15.025 47.825
13.725 53.475
7.175 52.325
13.975 49.525
8.475 49.275
7.325 49.475
13.175 50.775
6.475 52.225
13.125 48.075
11.725 51.925
13.575 53.825
14.075 50.175
12.375 49.775
6.175 47.375
11.375 51.475
13.525 48.675
14.725 51.475
9.375 51.475
10.375 52.025
7.625 51.875
11.925 53.625
9.725 54.175
14.875 53.675
8.725 49.825
13.725 53.425
6.125 52.225
10.275 50.075
14.575 48.825
11.675 48.075
13.525 53.375
9.975 52.425
8.925 51.825
14.525 51.075
9.225 51.625
13.125 48.125
11.375 51.175
8.775 47.525
10.125 53.775
13.825 50.725
7.675 51.925
12.575 49.475
10.225 50.875
7.325 52.475
6.025 50.475
11.275 48.325
15.125 50.225
10.775 48.875
6.825 53.425
7.025 50.325
8.225 51.525
14.925 48.275
6.875 48.875
10.525 51.225
13.725 48.775
14.075 52.275
5.775 52.025
8.325 52.625
9.775 50.275
6.425 48.175
14.825 50.025
7.025 49.375
8.575 51.825
6.125 48.925
11.475 49.275
13.875 51.425
10.775 54.175
14.525 48.925
15.225 48.875
10.625 55.025
12.375 54.075
9.325 47.475
11.375 50.925
13.925 53.975
11.725 53.275
12.225 52.525
14.175 51.475
10.775 51.025
12.625 52.925
12.975 51.575
9.375 52.375
6.425 53.225
12.975 53.225
11.375 53.075
15.075 50.075
5.825 49.575
6.025 52.575
13.975 51.375
14.825 54.025
12.725 50.675
9.025 54.075
10.325 51.825
9.175 54.575
13.175 50.575
11.175 52.475
12.275 49.475
15.025 53.475
7.325 53.125
5.825 52.775
6.075 49.625
11.625 51.425
13.075 51.975
14.725 48.075
12.525 49.925
11.475 49.975
6.675 47.675
8.725 55.125
12.875 51.175
7.525 48.075
14.575 53.325
11.025 52.375
14.725 47.325
7.325 51.475
8.225 50.675
11.675 49.975
6.075 48.275
9.775 48.525
8.225 52.725
12.925 52.125
9.075 54.625
12.775 54.275
10.325 50.425
14.425 52.575
10.475 51.425
15.175 47.775
13.275 51.125
6.675 53.275
10.525 48.275
6.825 52.975
12.175 49.575
11.275 53.625
13.275 48.825
7.625 53.425
9.875 51.975
10.325 54.025
14.975 48.075
8.975 54.625
11.225 53.175
10.875 49.475
11.775 53.025
14.525 50.875
9.725 50.675
13.875 48.075
6.475 51.525
12.975 47.625
13.225 53.925
9.275 50.575
5.925 52.625
10.425 49.075
8.925 49.475
14.325 49.225
7.975 50.275
13.775 48.025
10.475 49.775
8.075 47.725
9.775 47.325
13.425 47.725
12.475 53.425
12.825 52.275
11.275 53.475
9.325 54.725
8.125 50.725
6.675 50.975
7.175 47.475
13.475 52.875
12.725 54.375
15.075 51.225
13.475 50.025
10.525 47.925
9.075 52.975
8.275 48.675
15.175 47.425
11.425 51.725
14.925 50.425
12.725 50.325
6.675 53.075
10.975 53.125
11.525 51.225
11.375 52.825
13.375 50.775
11.225 47.575
11.625 52.275
8.675 49.725
15.075 48.525
13.475 49.875
7.575 52.475
9.175 53.425
7.125 47.325
8.275 47.325
14.075 47.325
9.475 55.225
14.525 48.875
14.775 48.975
6.825 47.575
10.675 48.725
10.525 49.425
7.825 52.825
9.275 48.275
12.825 52.975
10.725 52.075
6.225 48.925
8.825 47.475
8.575 50.825
13.475 53.825
7.425 49.375
6.475 52.325
7.275 51.075
7.975 50.025
13.675 49.125
6.375 52.275
6.075 53.325
10.325 47.925
7.575 48.875
9.575 48.825
7.775 52.675
8.025 49.025
8.275 53.175
9.525 50.825
14.175 51.125
6.325 47.925
14.925 51.775
10.625 53.025
11.625 52.125
13.925 51.875
8.175 52.375
10.825 47.875
5.775 49.425
15.025 47.725
12.375 49.275
14.825 50.425
13.175 47.875
11.325 51.125
12.225 49.425
12.225 48.425
14.975 50.675
7.275 50.975
6.725 48.825
12.725 49.975
13.425 52.225
11.425 50.775
13.625 49.225
8.225 53.375
12.325 47.625
14.675 47.875
14.775 50.025
12.025 53.075
11.525 48.575
13.025 52.025
11.625 47.525
7.275 53.375
15.125 55.075
10.525 53.175
12.475 53.125
15.075 48.925
8.425 53.025
9.375 50.275
6.325 52.775
12.925 51.525
6.925 52.225
11.725 48.875
8.375 52.975
9.175 50.725
6.625 52.175
