  -4.75    56.25
  40.25    52.75
  -6.75    27.75
  52.25    54.75
  32.75    27.75
  46.75    55.25
  27.75    42.25
   3.25    50.75
  25.25    53.25
  26.75    65.75
  21.75    65.75
  48.25    30.75
  17.75    49.75
  38.75    37.25
  13.25    52.25
  15.25    40.25
  48.25    30.25
  54.25    35.25
  13.25    43.75
   3.25    43.25
  18.25    59.75
   2.75    46.75
  46.75    37.75
  47.75    52.25
  -3.25    32.25
  17.75    49.25
  10.25    32.75
  28.25    47.25
  35.75    47.75
  19.75    45.25
  45.75    65.25
  10.25    63.75
  12.25    48.75
  10.75    62.25
  27.25    40.75
  49.75    58.25
  33.25    60.25
  28.25    45.25
  45.75    31.25
  44.25    46.75
   6.25    47.75
   0.75    31.75
  28.25    69.75
  24.75    69.75
  16.25    38.25
   6.25    59.75
  54.25    32.25
  -2.75    32.75
  55.25    53.75
  46.75    42.25
  46.75    63.75
  30.25    66.25
  25.25    35.25
  27.75    45.25
   1.75    49.75
  28.25    67.25
   8.75    61.75
  55.25    58.75
 -16.25    66.25
  17.25    52.75
  45.25    42.75
  40.25    29.75
  28.25    55.75
  -5.25    37.25
   8.75    49.25
  42.75    41.25
  41.25    49.75
  50.25    61.75
  48.25    48.25
 -10.75    28.75
  25.25    45.25
  53.25    29.75
  37.25    27.75
  53.75    66.75
  31.25    61.75
  18.75    43.25
 -22.25    65.25
  -4.25    39.25
  21.25    66.25
  39.25    51.25
  29.25    64.75
  44.25    50.25
  28.25    58.25
  14.75    28.25
  26.75    63.75
  29.25    62.75
  51.25    30.75
  54.75    54.75
  34.75    64.75
  40.25    59.75
  44.75    53.75
   4.25    44.75
  42.25    30.25
  26.25    61.25
  -0.75    53.25
  39.25    49.25
  26.75    45.25
  45.75    62.25
  40.25    31.25
  52.75    43.75
  43.75    37.25
  54.25    39.25
  51.75    59.75
  42.25    52.25
   8.25    46.25
  33.75    28.25
  31.75    64.75
  17.25    40.75
  42.25    34.25
  32.25    56.75
  23.25    62.75
  41.75    29.75
  40.75    56.75
   8.75    53.25
  25.75    35.25
  32.75    64.75
  34.25    38.75
  24.75    65.75
  22.25    29.75
   1.25    32.75
  11.75    28.25
  52.75    34.75
 -22.25    64.75
  21.25    51.25
  14.25    45.75
   9.25    29.25
  47.25    51.75
  22.25    39.75
  11.75    60.25
  14.25    65.25
  48.25    45.75
  55.75    63.75
  28.75    69.75
  24.75    29.75
  46.75    28.75
  33.25    35.25
  -4.75    31.25
  18.75    45.75
  45.25    52.25
  55.75    29.75
  -0.75    28.25
  13.25    32.25
  41.75    58.75
  27.75    58.75
   8.25    30.25
  40.75    63.75
  52.25    60.25
  27.75    68.25
  51.75    53.25
  16.25    40.25
  13.25    49.75
  -4.25    40.75
  32.25    57.75
  -8.25    37.75
  13.75    42.75
  41.75    45.25
  28.75    41.25
  22.25    66.25
  12.75    47.25
  -7.25    40.75
  41.25    49.25
  -6.75    58.25
  17.25    61.75
  16.75    39.25
  47.75    28.75
  27.25    52.25
  51.25    49.75
  53.75    30.25
  15.75    57.75
  38.75    40.75
  52.25    47.25
  39.75    59.25
  35.25    30.75
   1.75    31.25
  33.25    65.75
  51.25    49.25
  31.25    54.75
  -1.25    29.75
  42.75    38.25
  37.25    29.75
  -5.75    34.25
  39.75    46.25
  11.25    50.75
  32.75    48.25
  36.75    67.25
   2.25    44.75
  13.25    30.25
   8.25    47.25
  -0.25    41.75
  -6.75    52.75
  50.25    64.75
  21.75    27.75
  16.25    50.75
  20.75    65.75
  36.75    54.75
  32.75    66.25
  36.25    67.25
  23.25    70.25
   7.75    58.75
  48.75    56.25
  26.25    28.75
  46.75    44.75
  39.75    31.25
  53.25    66.25
  50.75    58.25
  30.75    67.25
  52.75    47.25
  34.75    58.75
  31.75    61.75
  51.75    58.25
  40.25    67.25
  33.25    61.75
  27.75    67.25
  -2.25    41.75
  10.75    59.75
  20.25    43.25
  42.75    35.25
  -9.75    53.25
  45.75    37.25
  56.25    63.25
   7.25    60.25
  42.25    55.25
   1.25    33.75
  54.25    48.25
  46.25    38.25
  51.25    64.25
  46.25    30.25
  11.75    44.25
  -6.25    40.75
  20.75    70.25
  52.25    32.25
  28.75    62.75
   7.75    27.75
  45.25    58.25
  21.75    32.75
  42.25    64.25
  15.25    46.25
  49.75    48.75
   0.75    35.25
  10.25    51.25
  24.25    41.75
   0.75    49.25
   8.75    44.75
  21.25    39.75
  39.75    40.25
 -16.25    65.25
  48.25    37.25
  40.25    52.25
  25.25    66.75
  -2.25    53.75
  35.75    33.75
   9.75    52.75
  18.75    28.25
  25.25    48.75
  46.25    48.75
  45.75    50.25
  34.75    58.25
  48.25    64.75
  27.75    65.75
  14.25    29.75
  11.75    43.25
  38.25    48.25
   0.25    53.25
  -6.75    37.25
  13.75    49.75
  -7.25    32.75
  49.25    64.75
  42.25    38.25
  18.75    57.75
  47.25    60.25
   5.25    50.25
  48.75    37.25
   9.25    55.75
  41.25    28.75
  27.25    38.25
   6.25    50.75
  45.25    32.75
  28.25    63.75
  22.75    39.75
  -3.25    52.75
  45.25    53.25
  -1.25    31.25
  54.25    64.75
  53.25    56.25
  56.25    65.75
  24.25    42.75
  33.75    28.75
  22.75    32.75
  45.75    48.25
  36.75    40.25
  11.75    47.25
  16.75    65.25
  50.25    52.75
  38.25    57.75
  17.25    43.25
   6.75    47.25
  37.25    35.75
  52.75    51.25
  26.75    66.75
  23.25    29.75
  15.25    51.25
  -2.75    40.25
  -1.25    54.25
  37.75    67.75
  34.25    51.75
  46.25    32.25
  20.75    31.25
   5.25    45.25
  -9.25    38.75
   6.75    32.75
   0.25    51.75
  14.75    45.25
  54.75    43.25
 -18.25    63.75
  25.75    48.25
  44.75    34.75
  22.75    58.75
  50.75    47.75
  36.25    56.25
  24.25    28.25
  55.25    33.25
  40.25    55.25
  16.75    49.25
  -9.25    52.25
  17.25    64.25
   5.25    49.25
  50.75    50.25
  17.75    43.75
  -5.75    55.75
  33.25    57.75
   3.25    44.25
  35.25    38.25
   8.25    44.25
  23.75    41.75
  41.75    65.25
  42.25    48.25
  26.25    58.75
 -15.25    65.75
  28.75    54.25
  -3.75    38.75
  25.75    50.75
  43.25    37.25
  51.25    36.75
  36.25    49.75
  43.25    44.25
   3.75    48.75
  25.75    42.75
  39.75    58.75
  36.25    68.25
  23.25    28.75
  18.25    43.25
  46.25    66.25
  39.75    54.75
   6.75    32.25
  43.25    52.75
  32.75    35.25
  47.75    64.25
  46.75    66.75
  -7.75    40.75
  46.75    58.75
  18.25    42.75
  35.25    31.75
   5.25    50.75
  54.25    45.75
  54.25    53.75
  35.75    32.25
  -8.75    54.25
  45.75    32.75
  29.25    53.25
  -0.25    49.25
  15.25    41.25
  -0.75    47.75
  48.25    56.25
  37.75    60.25
  43.25    34.75
  13.25    57.75
  10.25    59.75
  43.75    32.75
  -7.25    41.75
  29.75    62.75
  11.25    51.75
  -7.25    41.25
   0.25    46.75
  47.75    37.75
  44.75    32.75
  34.25    66.75
   7.25    49.25
  33.25    28.25
  43.75    33.25
  33.25    58.75
  46.25    48.25
  27.25    56.25
  22.25    46.25
  23.75    47.25
  47.25    49.25
  45.25    62.25
   0.25    43.75
   1.25    47.75
  26.75    60.75
  25.75    29.25
  21.75    41.75
  37.25    40.75
  22.75    28.75
  24.75    60.25
   2.25    45.25
  31.25    69.25
  38.75    52.25
  50.75    61.25
  55.75    68.25
  48.75    59.25
  20.25    29.25
  15.75    43.75
  43.25    48.75
  12.75    46.25
  49.75    33.75
   5.25    27.75
  14.25    58.25
  45.75    32.25
  49.75    58.75
  25.75    54.75
  51.25    65.75
  39.25    59.25
  38.75    49.75
  54.75    36.75
  41.75    27.75
  38.25    61.25
  18.75    59.75
   8.75    28.25
  49.75    64.25
   2.25    33.25
  43.75    40.25
  41.75    50.75
   2.75    31.25
  45.25    30.25
  -4.75    30.75
  51.25    48.75
  32.25    39.75
  54.75    52.75
   7.75    47.75
  36.25    41.25
   3.75    31.25
  29.75    63.25
  38.25    49.25
  10.25    35.75
   9.75    55.25
  -4.25    56.25
  42.25    43.25
  21.25    53.25
  44.75    57.75
  -1.25    42.25
  34.25    64.75
  43.75    41.25
  -5.75    35.25
   8.75    39.75
  -4.25    56.75
  42.25    46.75
  20.25    63.75
  26.25    48.75
  -0.75    40.25
  36.75    59.75
   1.25    41.75
  41.75    49.25
  32.75    39.75
  44.75    55.25
  43.25    30.25
  10.75    32.25
  13.25    41.75
  14.25    51.25
  23.25    45.75
  31.25    67.75
  41.25    50.75
  22.25    28.25
  38.75    44.25
  38.25    54.75
   0.75    43.75
  -6.75    53.75
  40.75    45.75
  19.75    47.25
  46.75    58.25
  -8.25    52.25
  48.75    31.25
  38.25    37.75
  54.75    58.25
  55.75    53.25
  49.25    49.25
  18.25    50.25
  31.75    52.25
  -3.75    39.25
  47.25    62.75
  39.25    63.75
  46.25    49.75
  47.75    54.75
   8.75    55.75
  14.75    62.25
   7.25    30.75
  44.25    51.25
  51.75    60.25
  43.75    63.25
  21.75    40.75
   3.75    32.75
  47.25    53.75
  51.75    44.25
  -6.75    40.75
  55.25    29.25
  22.25    62.75
  -1.75    29.25
  19.25    64.75
  16.25    28.75
   8.75    34.25
   7.25    52.25
  33.25    37.75
  50.75    61.75
  34.25    30.75
  54.25    53.25
   8.75    51.25
  55.75    43.25
  47.75    51.25
  30.25    31.25
  20.75    64.75
  54.25    50.25
  19.25    46.75
  24.25    57.25
  -5.25    56.25
  -0.75    32.25
   2.75    30.75
  47.75    34.75
  44.75    37.75
  35.75    53.25
  11.25    52.75
  36.25    54.25
  49.75    46.75
   5.75    43.75
  33.25    37.25
  40.25    55.75
  43.25    61.25
  21.75    38.25
  41.25    45.75
  34.75    52.75
  48.25    38.75
   8.75    52.75
  17.75    53.25
  49.75    61.25
  42.75    31.25
   8.75    39.25
  35.75    51.75
  -0.25    53.25
  49.75    67.75
  28.75    36.75
  41.25    27.75
  14.75    68.75
  30.25    55.25
  47.75    58.25
  25.25    64.75
  38.25    39.75
  47.75    48.75
  54.75    55.75
  34.25    29.75
  47.25    65.75
  32.75    68.75
  47.25    32.25
  52.75    27.75
  40.75    57.25
  55.75    65.75
  47.25    53.25
  40.25    43.75
  29.75    52.25
  24.75    54.25
  -1.25    39.25
  54.25    43.25
  24.25    66.75
  28.75    69.25
  43.25    56.25
   5.25    46.25
  31.75    67.75
  22.25    32.75
  27.75    51.75
  43.75    34.75
  44.25    29.75
  31.75    63.75
  21.75    54.25
  55.25    31.75
  16.25    28.25
  35.25    37.75
  27.75    44.75
  27.75    43.75
  52.75    36.75
  46.25    57.75
  46.75    39.75
  39.25    28.75
  42.75    63.25
  10.25    63.25
  10.25    50.75
  48.25    34.75
  51.25    63.75
  44.75    57.25
  24.25    50.25
  53.25    64.75
  15.25    59.75
  27.75    59.25
  44.75    40.25
  53.75    68.75
  -5.25    27.75
  37.75    59.25
  39.75    63.75
  44.25    63.25
  20.75    42.25
  10.75    32.75
   1.75    48.25
  35.25    57.25
  12.25    60.25
  30.75    69.25
  35.75    30.25
  44.25    66.25
  53.75    47.75
   7.75    61.25
  12.75    47.75
  28.25    39.75
  44.75    61.25
  44.25    34.75
  41.25    29.75
  -3.25    34.75
   2.25    34.75
  48.25    32.75
  31.25    29.25
  45.75    34.75
  30.25    69.75
  42.75    54.75
  20.25    69.75
 -17.75    65.25
  46.25    55.25
  28.25    43.75
  23.75    40.75
  38.75    58.25
  31.75    28.75
  24.75    70.25
  25.25    55.75
   7.25    36.25
  38.25    62.25
  45.25    35.25
   3.75    43.75
  53.75    39.25
  56.25    47.75
  26.75    43.75
  26.75    40.25
  37.75    51.75
  36.75    30.25
   9.75    53.75
   8.25    36.75
  46.75    43.25
   1.25    42.75
  53.25    33.25
  21.25    44.75
  19.25    69.25
  33.25    41.75
  15.75    61.75
  -7.75    38.25
  26.75    68.25
  31.25    59.25
  16.25    67.25
  -7.75    41.25
  55.25    57.75
  23.75    69.25
  18.75    47.75
  17.25    67.25
  32.25    61.25
  40.25    47.25
  41.25    63.75
  50.75    54.25
   9.75    47.75
  16.75    53.75
   6.75    35.25
  52.75    47.75
  41.75    66.25
  11.25    45.25
  24.75    52.75
  33.75    50.25
  19.75    43.25
  -9.75    51.75
  -5.75    28.25
  -1.25    53.25
  29.25    36.75
  46.25    37.25
  23.75    38.75
  -5.25    42.25
  36.25    51.75
  46.75    47.75
  41.25    41.25
  10.75    30.75
  31.75    29.75
  27.75    54.75
  54.25    61.25
  11.25    28.25
   2.75    43.25
  23.25    48.25
  -4.75    34.75
  41.25    31.75
  37.25    54.75
  43.25    45.25
  14.25    29.25
  -8.25    30.25
   4.25    44.25
  41.25    38.75
  51.25    65.25
  14.75    36.75
  47.75    64.75
  46.75    36.75
  47.25    54.75
  -0.75    52.75
  53.25    31.25
  -1.25    48.25
  36.25    34.25
  -2.25    40.75
  26.75    64.25
  10.75    36.75
  23.25    52.75
  19.25    69.75
  10.75    54.25
  49.25    52.75
  21.25    55.25
  22.75    66.25
   7.75    33.75
  51.25    50.25
  55.25    54.75
   4.75    30.75
  30.75    56.75
  51.75    31.25
  54.25    44.75
  21.75    67.75
  44.25    64.75
  51.75    32.25
  56.25    61.75
  53.25    46.75
  24.75    42.75
  32.25    46.25
  41.75    46.75
  49.75    56.25
  54.25    40.75
  50.25    65.25
  -4.25    51.75
  20.25    46.75
   4.75    28.25
  43.75    35.75
  33.75    55.75
  38.25    58.75
  -7.25    28.25
  37.25    35.25
  23.25    56.75
  16.25    58.25
  21.25    44.25
  35.75    39.25
  13.75    65.75
  -3.75    30.75
  34.75    47.25
  40.75    59.25
  26.25    39.75
  44.75    61.75
  51.25    33.75
  45.75    33.25
  27.75    52.25
  32.25    39.25
  -7.75    33.25
  32.25    30.25
  41.25    56.25
  11.25    46.75
  25.25    29.25
  10.25    60.75
  30.75    50.75
  -5.25    39.75
  35.25    57.75
  31.75    67.25
  34.75    28.75
  12.25    65.25
  31.25    67.25
  33.25    27.75
  47.75    41.75
  14.75    60.25
  20.25    65.75
  41.25    42.75
  36.25    37.25
  45.75    58.25
  17.75    48.75
  11.25    27.75
  27.75    70.25
  34.25    38.25
  54.25    57.25
  12.75    59.75
  23.25    54.25
  -5.25    33.75
   6.75    36.25
  15.75    49.25
  12.25    59.25
  14.75    28.75
  16.25    49.75
  -5.75    57.75
  38.25    40.25
  52.25    52.25
  29.25    29.25
  33.25    63.75
  19.75    44.75
  39.25    67.75
  46.25    47.25
  50.75    58.75
  34.25    41.25
  49.75    61.75
  44.25    54.25
  56.25    38.25
  53.75    63.75
  54.75    31.25
  28.75    40.25
  35.25    38.75
  25.75    58.25
   4.75    43.75
  36.75    51.25
  48.75    39.75
  11.25    30.25
  39.75    38.25
   5.75    27.75
  29.75    69.25
  -3.75    28.25
  41.25    62.75
  42.75    53.75
  -4.75    38.75
  36.25    35.75
  55.75    33.25
  31.75    57.75
  42.25    51.25
  41.75    53.25
  53.25    49.25
  20.25    31.25
  14.25    60.75
  35.25    48.75
  10.25    46.25
  -9.75    29.25
  17.25    62.25
  27.25    65.25
  37.25    59.25
  22.75    27.75
  24.75    29.25
  -5.75    36.25
  20.25    45.25
  16.75    64.75
  29.25    46.25
  -0.75    37.75
  13.75    56.25
  20.75    54.25
   0.25    41.25
  51.75    49.75
  54.25    65.75
  46.25    65.75
  36.75    27.75
  48.75    46.75
  38.75    31.25
  25.25    54.75
  44.25    54.75
  43.25    37.75
  -4.25    35.25
  41.75    62.25
  -3.25    33.25
  55.75    40.25
   8.25    45.25
  41.25    57.25
  47.75    35.75
  13.25    54.25
  54.25    27.75
  45.75    28.25
  46.25    54.25
   3.25    43.75
  26.75    41.25
   4.75    45.75
  -1.75    28.25
  34.75    65.75
  10.75    31.75
  27.75    66.75
  48.25    28.75
  49.25    67.75
  25.75    45.25
  38.75    62.25
  16.25    49.25
  47.75    62.25
  25.75    65.25
  25.75    56.75
   7.25    46.75
  20.75    68.25
  52.75    64.75
   4.25    35.75
  53.25    61.25
  51.25    28.75
   4.75    50.75
  54.75    43.75
   1.75    33.25
   3.25    46.75
  -2.25    55.25
  13.75    61.75
  -0.75    42.75
  19.25    43.25
   7.25    59.75
   0.75    33.25
  18.25    65.25
  32.75    57.75
   7.75    43.75
   8.25    35.25
  31.75    62.75
  38.75    28.75
   7.25    35.75
   3.75    36.75
  45.25    50.25
  45.25    46.25
  28.25    53.25
  51.25    61.25
  44.25    28.75
  47.75    65.25
  18.75    46.25
  16.25    56.75
  27.75    39.75
  54.75    32.75
  33.25    28.75
  -7.25    37.75
   4.75    36.75
  44.25    56.25
  32.75    63.75
  35.75    45.25
  41.75    44.75
  11.75    63.75
  12.25    55.75
  55.25    45.25
  40.25    40.25
  44.75    48.75
  26.75    56.75
  41.25    30.75
  22.75    48.75
  42.25    48.75
  -8.25    53.75
  52.25    57.75
  -9.25    29.75
  23.75    40.25
  40.25    53.25
  24.75    41.25
  24.25    47.75
  33.75    50.75
  42.75    62.75
  31.25    69.75
  32.75    69.25
  38.25    27.75
  -3.25    54.75
  29.75    65.25
  18.75    67.75
  29.25    29.75
  53.25    44.75
  34.75    44.75
  40.75    48.25
  38.25    33.25
   7.75    29.25
  45.25    41.25
  43.25    60.25
  -8.75    32.75
  45.25    67.25
  46.75    45.25
  45.25    27.75
  49.75    62.25
  50.25    46.75
  45.75    53.25
  41.25    55.75
  45.75    40.25
  29.75    38.75
  46.25    52.25
  -4.25    33.25
  36.25    51.25
  35.25    56.25
 -20.25    63.75
  31.25    49.25
   6.75    44.75
   0.25    35.75
  -7.25    43.25
   6.25    43.25
  47.25    29.75
   5.25    52.25
  43.75    61.75
  30.75    40.25
   9.25    53.75
  28.25    62.75
  -3.25    42.25
  55.75    29.25
  34.75    47.75
  45.25    48.75
  24.75    68.75
   6.75    48.75
  55.75    50.75
  -1.75    37.75
  33.25    55.25
  23.75    50.25
 -15.25    64.75
  34.25    58.75
  19.75    53.75
   8.75    40.25
  35.75    37.25
  54.75    66.75
  31.75    66.75
  45.25    40.25
  27.75    62.25
  49.25    58.75
  41.25    62.25
  -0.75    53.75
  12.75    28.25
  25.25    30.75
  27.25    29.25
  27.25    28.75
  -7.75    52.25
  54.75    41.75
  17.75    59.75
   3.75    46.75
 -18.75    64.25
  13.25    47.75
  31.75    28.25
  25.25    57.25
  21.75    48.75
  40.25    56.25
  34.25    64.25
  28.75    66.25
  46.75    40.25
  28.25    36.75
  43.25    45.75
  -4.75    54.75
   7.25    49.75
  39.75    66.25
  46.75    45.75
  -2.25    54.75
  37.25    60.25
  12.25    51.75
  -2.25    43.25
  27.25    63.75
  33.75    68.75
  53.25    62.25
  33.75    39.25
  43.75    34.25
  -1.75    54.75
  32.25    46.75
  15.25    59.25
  42.75    58.75
  26.75    64.75
   9.25    41.75
  49.75    66.25
   8.25    63.25
  51.75    54.25
   6.75    45.25
  22.75    46.25
   9.75    28.25
  26.75    43.25
  25.75    69.75
   1.25    29.75
  48.75    40.25
  56.25    60.75
  31.75    69.75
   5.75    51.25
  21.75    49.75
  42.75    32.75
  -1.75    46.75
  -1.25    37.75
   9.75    35.75
  36.75    49.75
  26.25    58.25
  39.25    57.25
   2.25    47.25
  36.25    46.75
  25.25    28.75
  32.75    68.25
  22.25    28.75
  35.75    63.25
  48.25    60.25
  37.25    52.25
  51.75    50.25
   5.25    28.75
  52.75    53.25
  47.75    60.75
  48.25    40.25
  54.75    29.75
  34.25    40.25
  -5.75    41.75
  17.25    29.75
  55.25    54.25
  37.75    68.25
  -6.25    34.25
  27.75    37.25
  -5.25    37.75
  47.25    59.25
  50.25    36.25
  30.25    70.25
  48.25    65.75
  43.25    30.75
  26.25    55.25
  29.25    66.25
  26.75    29.75
  34.75    39.25
  22.75    41.75
  42.25    63.25
   5.25    33.75
   9.25    33.75
  21.75    28.25
  39.25    38.75
  15.75    67.75
  26.75    59.25
  -6.75    31.25
  22.75    43.25
  33.75    55.25
  22.75    43.75
  52.25    65.75
  54.75    44.75
  47.25    38.25
   0.75    49.75
  -2.75    41.25
  44.25    45.75
  38.25    60.25
  56.25    66.75
  -3.75    37.75
  -2.75    32.25
  39.75    50.75
  36.75    56.25
   7.25    35.25
  38.25    48.75
  42.75    35.75
  49.25    30.25
   9.75    60.25
  -4.75    42.75
  54.25    67.75
  17.75    46.75
  16.25    47.75
  47.25    43.25
  14.25    49.75
  53.75    53.75
  20.25    28.25
  42.75    53.25
  48.25    61.25
  18.25    49.25
   7.25    51.75
  37.75    27.75
  50.25    58.75
  16.25    44.75
  54.25    34.75
  12.75    53.25
   3.25    33.75
  18.25    64.25
  17.75    63.25
  20.25    66.25
   4.75    51.75
  54.25    41.25
  20.75    28.25
  25.25    69.25
  46.25    40.75
   6.75    59.25
  25.75    55.75
  43.75    56.25
  17.25    44.25
   6.75    49.25
  32.75    38.75
  46.25    62.75
  47.25    43.75
  27.75    37.75
  25.75    41.75
   8.75    60.25
  21.75    31.75
  16.75    46.25
 -20.25    65.25
  13.75    48.25
  -3.75    50.75
   7.25    48.75
  14.75    41.25
  55.75    38.75
  -9.75    28.75
   1.25    48.75
  19.75    69.25
  16.75    61.25
  53.75    58.75
  19.75    52.75
  31.25    28.75
  23.25    28.25
  52.75    61.25
  47.25    28.75
  -3.75    32.25
  -0.25    42.75
  13.75    50.75
  25.75    56.25
  14.25    56.25
  32.25    66.25
  30.75    53.75
  17.25    60.75
  25.75    41.25
  -0.25    35.25
  32.75    67.25
  17.75    65.75
  31.25    50.25
  -3.75    48.25
   9.25    63.25
  31.25    52.25
  10.75    49.25
  10.75    29.75
   5.25    47.75
  52.25    44.25
  15.25    48.25
   3.75    47.75
  44.25    47.25
  11.75    64.75
  39.25    50.25
  53.25    52.25
  37.75    57.25
  -4.25    28.25
  11.75    49.25
  37.25    51.25
   5.25    29.75
  36.25    62.25
  46.25    66.75
  50.75    49.75
  22.25    63.25
  46.75    40.75
  32.25    51.75
  -5.75    41.25
  54.25    51.25
  53.75    54.75
  15.75    40.25
  44.25    55.75
  55.75    46.75
  26.25    53.25
  33.25    50.75
  56.25    54.75
  40.25    56.75
  38.25    38.75
  44.75    49.25
  55.75    39.25
  24.25    69.75
  12.25    49.25
  -1.25    29.25
  50.25    62.25
  40.25    49.75
  40.75    37.75
  -1.75    30.25
  28.75    51.75
  19.75    64.25
  32.75    37.25
  -7.75    31.25
  40.25    62.25
  44.75    43.75
  44.25    29.25
  31.75    51.25
  34.25    51.25
   4.25    32.25
  -5.75    32.75
  26.25    61.75
  23.25    48.75
  23.75    38.25
  47.25    54.25
  18.25    49.75
  13.75    32.75
  44.25    53.25
  23.25    38.25
   8.25    27.75
  55.75    31.75
  42.75    33.25
  -1.25    38.75
  49.75    54.75
  11.25    33.25
  55.25    34.75
  53.75    35.25
  54.75    27.75
  -9.75    31.25
  45.75    28.75
  46.25    44.75
  10.25    28.25
  -1.75    28.75
  32.75    54.75
  31.75    55.25
  40.75    45.25
  39.75    52.25
  38.75    56.25
  42.75    56.75
  52.25    43.25
  19.75    54.25
  32.25    53.25
  45.75    57.75
  51.25    58.75
  35.25    58.75
   1.25    44.75
  39.25    58.25
   2.75    49.75
   1.75    45.25
   1.25    31.25
  22.75    57.25
  23.25    61.75
  52.75    35.25
  47.25    63.25
  41.25    58.25
  43.25    46.25
  40.75    65.25
   2.25    28.75
  50.25    35.75
  48.25    37.75
  46.75    60.25
  23.25    65.75
  32.25    67.25
  49.25    35.75
  46.25    56.25
  -8.25    29.75
  54.25    42.25
  17.75    51.75
  -1.25    31.75
  38.75    58.75
   8.75    30.75
  22.75    45.75
  27.25    43.25
  55.25    27.75
   2.75    42.25
  -3.25    55.75
  -4.25    31.75
  39.75    33.75
  24.25    63.25
  17.25    66.75
  22.25    29.25
   2.25    50.25
  11.25    44.25
 -23.25    65.75
  41.25    58.75
  45.25    47.25
  16.25    58.75
  39.75    62.25
  13.25    58.25
  28.75    45.25
  52.75    57.25
  12.75    42.75
  38.75    60.75
  -3.25    38.25
  38.75    49.25
  10.75    45.25
  28.75    65.25
  19.25    52.75
  27.75    41.25
  29.25    39.75
  16.75    59.25
  40.75    50.75
  -6.75    29.75
  55.25    64.75
  54.75    63.75
  29.75    60.25
  16.25    30.75
  23.75    61.75
  55.75    30.25
  37.75    53.75
   9.25    61.75
  43.25    48.25
  53.75    64.75
  13.75    41.25
   7.75    53.75
  41.25    37.25
  51.25    29.75
  17.75    40.25
  30.25    40.25
  32.75    47.75
  46.25    47.75
  19.75    41.75
  22.75    30.25
  29.25    65.75
  32.75    58.25
  23.25    40.75
  21.75    57.25
  42.75    33.75
  36.25    31.75
  37.75    44.75
  13.75    46.75
  36.75    31.25
  45.75    41.75
  52.75    50.25
  33.25    53.25
  10.25    48.75
   8.75    63.25
  19.75    51.25
  28.75    30.25
  25.25    58.75
  15.25    56.25
  54.75    51.75
  42.25    37.25
   2.25    48.75
  19.75    28.75
  46.25    55.75
  47.25    62.25
   7.75    49.25
  11.75    58.75
  37.75    61.75
  -3.75    31.25
  15.75    50.25
  54.75    29.25
  13.25    41.25
  16.25    52.25
  55.25    50.75
  29.75    50.75
  51.75    44.75
  11.25    47.75
  35.75    67.25
  43.25    51.25
   1.25    28.75
   8.75    52.25
  29.75    65.75
  44.25    60.25
  -5.25    29.75
  22.25    39.25
  32.25    65.25
  52.75    58.25
  31.25    57.75
  16.25    51.75
  35.25    49.75
  38.75    50.75
  53.25    55.25
  -4.25    43.25
  53.75    55.75
  12.25    64.25
  22.75    54.75
  15.75    48.75
  53.25    32.75
  -3.25    28.25
  13.25    48.25
  18.25    63.75
  48.75    27.75
  15.75    64.25
  53.75    50.75
  53.25    40.25
   3.75    50.25
   9.25    30.75
  48.25    31.75
  55.25    61.25
  40.75    56.25
  56.25    56.75
  21.75    40.25
  31.75    65.75
   6.25    31.25
   5.75    47.25
  49.25    53.75
   0.25    47.25
  32.75    28.75
  28.25    49.25
  56.25    58.25
  38.75    57.25
  29.75    66.75
  49.75    51.25
  36.25    32.75
  44.25    56.75
  46.25    45.25
  11.25    63.75
  36.25    61.75
  46.25    51.25
  14.25    46.25
   7.75    28.25
   6.75    50.25
  22.75    28.25
  43.25    50.75
  54.25    33.75
   9.75    29.75
  22.25    57.25
  56.25    33.25
  18.25    30.75
  29.25    57.25
  21.25    53.75
  33.75    63.25
  34.25    61.75
  52.75    49.75
  51.75    30.75
  34.25    44.75
  26.25    28.25
   6.25    35.25
  24.75    64.75
  30.75    54.75
  13.25    63.75
  -3.25    53.25
  23.75    56.75
  10.75    43.75
  51.25    60.75
  41.25    33.25
  25.75    52.75
  16.25    48.25
  55.25    34.25
  31.75    52.75
  10.25    29.25
  33.75    58.25
  11.75    61.25
  11.25    53.25
   2.75    44.25
  -4.75    34.25
  24.75    66.25
  21.25    28.25
  55.25    66.75
  17.75    50.25
  23.25    45.25
  30.75    51.75
  -0.75    52.25
   0.75    29.75
  39.25    44.25
  52.25    35.25
   9.75    59.75
  39.75    51.25
  15.75    56.25
   8.25    46.75
   9.75    32.25
  18.75    66.75
   7.75    51.75
   1.25    43.25
  16.25    39.25
  -4.25    54.75
  22.25    31.75
  24.75    57.25
  44.25    38.25
  22.75    31.25
 -13.75    65.25
  38.25    32.75
   7.75    36.75
  16.75    58.25
  48.75    61.25
  -4.25    36.75
  49.25    63.75
  16.25    46.25
  37.75    59.75
  36.75    59.25
  33.25    48.75
  11.75    31.25
  10.25    62.25
  14.75    59.75
  25.75    60.25
   1.75    45.75
  49.25    47.75
  37.25    62.75
  25.25    42.75
  50.25    49.25
  50.25    64.25
  33.75    62.75
  15.25    27.75
  43.75    31.25
  25.25    46.25
  44.75    29.75
   2.75    32.75
  45.25    51.25
  13.75    58.25
  14.25    52.75
  50.25    66.25
  32.25    64.25
  14.25    61.75
  49.75    57.25
  51.25    31.75
   7.25    48.25
  35.25    39.75
  52.25    55.25
   2.25    50.75
  11.75    46.75
  39.75    32.25
  34.75    38.25
  14.75    49.25
  12.75    58.25
  55.75    42.25
  54.25    60.25
  10.75    52.75
  49.75    35.75
  52.75    28.25
  37.75    55.75
  29.75    30.75
  25.25    59.25
   5.75    34.75
  45.75    67.75
  39.75    44.25
  46.75    37.25
  28.75    52.75
   8.25    48.75
  15.25    57.75
  -5.25    56.75
  44.75    44.75
  18.75    48.25
  20.25    51.75
  38.75    59.75
  -2.75    53.75
   9.75    29.25
  31.75    63.25
  55.75    46.25
  50.75    49.25
  48.25    35.75
  -9.25    31.75
  37.75    53.25
  24.25    48.25
  14.25    50.75
  10.25    60.25
  27.75    39.25
  30.75    53.25
  24.75    55.25
  53.75    67.75
  30.25    64.75
  22.75    44.25
  41.75    42.25
  49.25    51.25
  53.75    36.75
  32.75    54.25
  51.25    31.25
  36.75    30.75
  29.75    59.25
  25.75    65.75
  10.75    56.25
  49.75    30.25
  42.25    53.75
  39.25    62.75
  48.25    29.75
  14.25    42.25
   4.75    52.75
  39.75    57.75
  53.75    59.75
  42.75    52.25
  -0.75    30.75
  -8.25    53.25
   3.25    30.25
  -6.75    52.25
  35.75    31.75
  25.25    42.25
   2.75    29.25
  -3.25    38.75
  33.75    56.75
  -1.25    34.25
  11.25    52.25
  37.75    45.25
   8.25    61.25
  47.75    33.75
  25.25    27.75
  15.25    50.25
  54.25    67.25
  -1.75    54.25
  42.25    47.75
  20.75    31.75
  44.25    31.25
  43.25    54.75
  30.25    39.75
   9.75    53.25
  16.25    53.25
  35.25    33.25
  41.75    41.75
  39.25    45.25
  44.75    40.75
  -6.25    29.75
  13.75    42.25
  -4.25    28.75
  23.25    49.25
  54.75    49.25
  25.25    43.75
  28.25    44.25
   9.25    36.25
  16.25    46.75
  16.25    67.75
   6.25    61.75
  25.75    49.25
  31.25    31.25
  -3.25    48.75
  16.75    58.75
  53.75    47.25
  55.75    57.25
  28.25    28.25
   0.75    51.25
  -6.75    39.75
  49.25    48.25
  -0.25    40.75
  10.25    62.75
  14.75    65.75
  10.25    45.25
   9.25    54.75
  29.25    40.25
  17.25    45.75
  39.25    61.75
  29.75    52.75
  -9.25    29.25
  40.25    34.75
  33.75    69.25
  27.25    30.75
  52.25    29.25
   7.75    62.25
  42.75    48.75
   1.25    46.75
  47.75    49.75
  21.25    50.75
  49.75    47.75
  45.75    64.25
  46.25    44.25
  13.75    63.25
  34.25    62.25
  24.25    52.25
  42.75    42.25
  -2.25    55.75
  40.25    54.75
  30.75    60.25
  35.75    39.75
  27.75    57.25
  26.25    44.25
  47.75    29.75
  56.25    36.75
  29.25    67.75
  -0.25    47.75
  13.25    32.75
  46.75    53.25
  54.25    60.75
  42.75    41.75
  32.25    50.75
  24.25    51.25
  40.75    32.25
  28.75    54.75
  53.25    59.75
  56.25    53.75
  10.25    44.75
  20.25    50.25
  -8.75    40.75
  45.25    54.75
  41.75    64.75
  14.75    52.25
  53.75    66.25
  40.75    66.75
  55.75    54.75
  28.25    53.75
  -3.25    30.75
  34.75    59.25
  52.75    42.25
  47.75    39.25
  -2.75    43.25
  25.75    64.25
  22.25    61.25
  26.25    41.25
  40.25    64.25
  27.75    30.75
  55.25    35.25
  55.75    31.25
  43.75    60.25
  35.75    62.75
  24.25    59.25
  54.25    31.75
  51.75    66.75
  35.75    46.75
  49.25    57.75
   7.75    35.75
  26.25    50.75
   9.25    35.25
  48.75    64.75
  40.75    49.75
  51.75    57.75
  27.25    50.75
  14.75    45.75
   0.25    41.75
  30.25    50.75
  17.75    50.75
   5.25    46.75
  49.75    34.25
   7.25    33.75
  13.75    60.75
   7.75    48.25
   9.25    28.75
  31.25    52.75
  46.25    33.75
  37.75    28.75
  45.75    61.75
  18.75    50.25
  53.75    65.75
   8.25    55.75
  21.25    28.75
  54.75    42.25
  30.75    68.25
  20.75    39.75
   8.75    45.25
  45.25    58.75
  23.25    51.25
   8.75    63.75
  50.25    54.75
   6.25    62.25
  27.25    53.25
  44.75    37.25
  34.75    62.25
  46.75    56.75
  32.75    58.75
   1.25    51.25
   9.75    31.75
  -3.75    48.75
   6.25    29.25
  36.25    38.25
  40.75    30.75
  41.25    52.75
  23.75    67.75
  46.25    41.75
  28.25    59.25
  47.75    48.25
  37.75    50.25
  55.75    56.75
  49.75    32.25
  33.25    49.75
  51.25    53.25
  47.25    42.75
  24.75    58.75
  54.25    30.25
  42.25    27.75
  45.25    56.25
  47.75    47.75
  -1.75    52.75
  41.25    35.75
  -5.75    39.75
   1.25    42.25
  -8.75    29.25
   8.25    56.25
   0.25    51.25
  39.75    57.25
  19.25    52.25
  55.25    44.75
  56.25    52.75
  40.25    39.75
  49.75    30.75
  24.75    31.25
  10.75    50.75
  39.25    51.75
  35.75    54.75
  15.25    65.25
  42.25    41.25
  34.75    57.75
  44.25    61.75
  16.25    65.25
  29.75    38.25
  43.75    32.25
  55.25    59.25
  10.25    33.75
  38.75    28.25
  44.75    68.25
  28.25    45.75
  23.25    60.25
  36.25    56.75
  25.25    67.25
  55.75    55.25
  13.75    47.25
   9.75    46.75
  20.75    65.25
  12.25    42.75
  16.75    29.25
  46.25    60.75
  53.75    33.25
  35.75    48.75
  12.75    28.75
  11.25    61.25
  30.75    59.75
  -6.25    39.75
  21.25    70.25
  43.75    47.25
  -1.25    50.75
  20.75    29.75
  37.25    61.25
  55.75    44.75
  -7.25    27.75
   3.25    35.75
  46.25    53.25
  14.75    50.75
  47.75    46.25
  29.75    61.25
  -0.25    44.25
  -5.75    42.75
  32.75    67.75
  21.25    29.75
  38.25    38.25
  27.25    44.25
  30.25    68.75
  17.25    30.25
  42.25    58.75
  41.25    65.75
  15.75    67.25
  49.75    31.75
  12.25    50.25
  14.75    51.25
  18.75    69.75
  49.75    63.75
  43.75    59.75
  24.75    61.25
  -7.75    42.75
   7.75    44.25
  40.75    30.25
  21.25    65.25
   0.75    48.75
  17.75    69.25
  23.75    52.25
  20.75    52.25
  18.25    30.25
  48.75    60.75
  -2.75    38.25
  53.75    62.25
   5.75    58.75
  15.75    30.25
  16.25    48.75
  -0.25    28.25
  29.75    39.25
  42.25    30.75
  29.75    40.25
   9.75    45.25
  22.25    61.75
   6.75    58.75
  -5.75    36.75
   6.25    32.75
  41.25    30.25
   0.25    28.25
  55.75    67.75
  45.75    58.75
   5.75    45.25
  40.25    66.75
  -3.25    29.75
  33.75    36.25
  24.75    42.25
  27.25    57.75
  46.75    51.75
  54.75    35.25
  21.75    39.75
  12.25    30.25
  43.75    64.75
  29.25    54.25
   2.25    33.75
  40.75    40.25
  -3.25    33.75
  17.75    64.75
   9.75    63.25
  31.25    66.75
  -2.75    51.75
  50.25    49.75
  21.25    40.25
  49.75    37.25
  32.75    29.75
 -18.75    63.75
   4.25    50.25
  48.75    62.25
  55.75    64.75
  26.25    69.25
  25.25    58.25
  45.75    42.25
  -1.75    32.25
  24.25    48.75
   0.25    40.25
  26.25    56.25
   2.25    49.25
  30.25    37.75
  44.25    49.25
  15.25    37.25
  -0.75    41.75
  50.25    61.25
   8.75    56.75
   8.25    49.25
  21.75    45.75
  19.25    65.75
  29.25    37.25
  44.25    62.25
  -1.75    48.75
  49.25    56.25
  38.75    34.75
  44.25    33.75
  22.75    48.25
  41.75    65.75
   2.25    41.75
   8.25    34.25
  44.75    62.25
  36.25    52.25
  49.75    34.75
  55.25    47.25
  45.75    37.75
  27.75    45.75
  20.25    45.75
  40.25    63.75
  32.25    40.25
  42.75    30.25
  37.75    63.75
  26.75    57.25
  16.75    52.25
  49.75    47.25
  21.75    61.75
  40.25    45.25
  17.75    66.25
   3.25    49.75
  35.25    29.25
   3.25    45.75
  31.75    30.75
  55.25    56.75
   6.75    31.75
   0.75    51.75
  47.25    42.25
  -2.75    52.25
  43.75    57.75
  26.25    59.25
  25.75    59.25
   8.75    40.75
   8.75    31.25
  36.75    58.75
  31.25    59.75
   9.75    44.25
  54.25    56.75
  45.75    60.25
  54.75    68.25
  23.75    63.75
  54.75    62.75
  55.75    35.25
  38.75    47.75
   1.75    29.25
  -1.75    34.75
  36.75    67.75
  11.75    60.75
  28.25    70.25
  -1.75    32.75
   6.25    52.25
  31.75    68.75
  37.75    49.25
   8.75    58.75
  25.25    49.25
  -0.75    29.75
  33.25    36.25
  55.75    48.75
  46.75    53.75
  27.75    50.75
  37.75    33.25
  47.75    46.75
  -1.25    42.75
  16.75    51.25
  47.25    66.75
  15.75    50.75
  -8.75    41.75
   9.75    30.25
  17.75    47.25
  54.75    39.75
  24.75    59.25
  33.75    66.75
  41.75    36.75
  20.25    29.75
  -5.75    54.75
  38.25    56.25
  33.25    48.25
  56.25    55.75
  31.25    53.25
  41.75    56.25
  20.75    42.75
  33.75    61.75
  22.25    53.75
  28.75    38.25
  56.25    56.25
  15.25    53.75
   8.25    29.75
  18.25    28.75
  43.75    33.75
  21.25    41.25
   3.75    50.75
  39.75    61.25
  45.75    52.75
  -2.25    32.25
 -22.75    64.75
  27.25    68.75
  46.25    62.25
  55.75    32.75
  43.75    62.25
  20.25    28.75
  27.75    46.75
  23.25    31.75
  15.75    59.25
  36.25    63.75
  37.75    29.25
  -6.25    54.75
  -7.25    29.25
  44.25    30.25
   8.75    59.25
  52.25    63.75
  29.25    56.75
  -6.75    33.25
  51.75    45.25
  23.25    69.75
  45.25    56.75
  12.25    52.75
  -2.75    37.75
  -1.25    43.75
  49.25    60.25
  32.25    49.25
  17.25    53.75
  42.25    45.75
  49.75    52.25
  52.75    31.75
  23.25    51.75
  15.25    58.25
  10.25    52.25
  40.25    48.25
  26.75    57.75
  13.25    60.25
  17.75    52.25
  46.25    53.75
  -8.25    41.25
  15.75    27.75
  38.75    60.25
  32.75    39.25
   8.25    31.75
   7.75    53.25
  13.25    46.75
  -5.75    28.75
  41.25    53.75
 -16.75    65.75
  17.75    45.75
  41.25    34.75
  29.75    40.75
  27.75    50.25
  45.75    42.75
  16.25    68.75
  15.75    28.75
  28.25    58.75
  28.75    39.75
  -6.75    29.25
  33.75    54.75
  26.75    69.75
   2.75    35.25
  15.25    47.75
  28.75    30.75
  -4.75    40.25
  -7.75    43.75
  54.25    55.25
   3.25    49.25
  39.25    53.75
  15.25    61.75
  51.25    29.25
  36.75    50.75
   5.25    43.75
  20.75    53.25
  -7.25    28.75
  47.75    63.25
  10.75    61.75
  41.75    43.25
  41.25    37.75
  13.75    56.75
  31.75    47.75
  24.75    68.25
  22.25    68.75
   1.75    50.25
  24.25    52.75
  30.75    66.75
   3.75    36.25
  28.25    30.75
  19.25    68.25
  35.25    67.25
  23.75    51.25
  44.25    65.75
  22.25    55.75
  21.25    31.25
  -0.25    39.25
  34.75    37.25
   8.75    49.75
  45.75    48.75
   7.75    30.25
  54.25    59.75
  52.25    48.75
   0.75    33.75
  -3.75    42.75
  18.75    53.25
  42.25    50.75
  26.75    61.25
  35.25    45.25
  52.75    64.25
  10.25    34.75
  29.25    40.75
  22.75    42.75
  52.25    49.75
  23.25    41.75
  55.75    60.25
  14.75    61.75
  39.25    39.75
  41.75    34.25
  17.75    63.75
  31.25    48.25
  21.75    46.25
  42.25    31.25
   4.25    47.25
  46.25    43.25
  -2.75    53.25
   4.75    44.25
  35.25    49.25
  55.25    65.75
  13.25    42.75
  13.25    50.25
  49.75    35.25
   8.75    59.75
  20.75    27.75
  51.75    59.25
  39.75    33.25
  54.75    36.25
  47.25    37.75
  45.25    60.25
  39.25    34.75
  38.75    39.25
  51.75    54.75
  35.25    39.25
  23.75    43.75
  15.25    45.75
  44.75    32.25
  -2.75    52.75
  31.75    37.75
  24.75    43.25
  32.25    47.75
  23.75    35.25
  13.25    28.25
  37.25    61.75
  11.25    50.25
  18.75    49.75
  32.25    37.25
  29.75    29.25
  46.75    61.25
  47.25    28.25
  -4.75    28.75
  48.25    28.25
  38.25    66.75
  -3.25    42.75
  55.25    49.75
  43.75    37.75
  36.75    52.75
  13.25    50.75
  33.25    67.75
  50.75    32.25
  46.75    39.25
   5.75    60.25
  30.75    37.25
  35.75    41.25
  14.25    59.75
  23.75    58.75
  33.25    63.25
   4.75    33.75
  -6.25    32.75
   4.75    45.25
  42.75    57.25
  -2.75    34.25
  -7.25    53.75
  10.75    48.25
  -9.25    53.75
  11.25    53.75
  21.25    32.25
  45.25    64.25
  14.75    37.25
  29.75    53.75
  37.25    36.75
  32.75    60.25
  41.25    35.25
  50.75    59.75
  20.25    43.75
   5.25    33.25
  30.75    49.75
  -5.75    42.25
  51.25    44.75
  15.75    31.25
  37.75    45.75
  54.25    49.75
  24.75    47.75
  53.25    30.25
  13.75    55.75
  30.25    39.25
   3.75    32.25
  22.75    53.75
  33.75    53.25
   6.75    50.75
  40.25    65.75
  36.75    36.25
  32.75    59.75
  -0.25    52.25
  27.75    58.25
  50.25    31.25
  37.25    57.25
  31.25    55.75
  24.75    52.25
  -0.25    51.75
  31.25    57.25
  56.25    33.75
  35.25    63.25
  -4.75    32.25
  27.25    44.75
  20.25    54.25
  27.25    37.75
  -1.25    28.75
  24.25    70.25
  48.75    56.75
  43.25    60.75
   9.25    41.25
  34.75    67.25
  52.75    41.75
  21.25    43.75
  46.25    65.25
  -2.25    33.75
  42.25    50.25
   2.75    28.25
  38.25    63.75
  36.75    38.25
  36.25    50.25
  -5.25    41.25
  19.75    51.75
  42.25    44.25
  11.75    54.75
  10.75    61.25
  54.75    46.75
  12.25    53.25
  42.25    56.25
  16.25    31.25
  27.25    68.25
  30.75    30.25
 -18.75    65.25
   6.25    43.75
  30.25    46.25
   0.75    34.25
  21.75    53.25
  45.75    40.75
  22.25    49.75
  41.75    55.75
   5.75    51.75
 -21.75    64.75
  44.25    37.75
  35.75    34.25
  28.75    64.75
   5.25    44.25
  21.75    28.75
  41.75    37.25
  13.75    31.25
  55.25    43.75
  55.75    43.75
  29.75    27.75
  44.25    28.25
  44.75    38.25
  23.25    30.25
  55.75    47.25
  37.25    51.75
  46.25    39.75
  27.25    48.25
  32.75    34.75
  55.25    66.25
   3.75    33.75
  43.75    38.75
  48.25    49.75
  21.25    49.25
  49.25    33.25
  44.25    32.75
  15.75    66.25
 -21.75    65.75
   6.75    60.25
  -1.75    50.75
  40.75    51.75
   4.25    31.25
  -1.25    39.75
  41.25    61.75
  25.75    45.75
  13.75    60.25
   1.25    34.25
  44.75    59.75
  38.75    56.75
  39.75    54.25
  49.25    55.25
   8.25    48.25
 -23.75    69.75
  -1.75    42.25
  48.75    67.75
  10.75    35.25
  37.75    48.25
  -6.75    41.75
  13.75    58.75
  29.25    52.75
  26.25    62.75
  32.25    40.75
  46.25    31.25
  47.75    62.75
  17.75    51.25
  26.25    49.25
  23.25    53.75
  42.25    35.25
  21.75    49.25
  10.25    28.75
  21.75    42.25
  41.75    37.75
  11.25    45.75
  -8.25    31.75
  20.25    48.75
  29.25    38.75
  22.25    30.25
   5.75    36.25
  55.75    38.25
  18.75    68.75
  -3.75    47.75
   0.25    29.25
  15.75    62.75
  20.75    49.25
   6.75    30.25
   2.75    47.75
  17.75    47.75
  45.25    66.75
  41.25    36.25
  42.75    29.75
   2.75    32.25
   7.75    31.25
  -8.75    39.25
   9.75    57.25
  -3.75    29.25
  -3.25    30.25
   2.75    50.75
  15.25    52.75
  47.75    53.75
  19.75    68.25
  14.25    64.75
  27.75    63.25
  10.75    43.25
   0.75    43.25
  28.25    44.75
  -2.75    55.75
  52.75    52.25
  24.25    54.75
  55.25    62.25
   3.75    28.25
  -5.75    54.25
  34.25    49.25
  51.25    64.75
  32.25    37.75
  16.25    29.75
  -1.75    33.25
  27.75    52.75
  -2.25    42.75
   5.25    28.25
  31.25    51.25
  37.75    63.25
  17.25    53.25
  53.25    52.75
  20.25    54.75
  -2.25    30.75
  30.25    51.75
   5.75    35.25
  43.25    41.75
  40.75    62.75
  15.75    58.25
  17.25    47.25
  31.25    51.75
  53.25    32.25
  13.25    64.25
  21.75    39.25
  -1.25    52.25
  16.75    64.25
  -5.25    30.25
  42.75    28.75
   7.25    47.75
   8.75    35.75
  46.75    48.25
  34.75    29.75
  41.75    60.25
  21.75    47.75
  38.25    55.25
  38.25    47.75
   3.25    34.75
  32.25    52.25
  13.25    64.75
  -2.25    31.25
  43.75    64.25
  35.75    63.75
  10.25    43.75
   9.25    42.75
  42.75    51.25
  29.25    30.25
  48.25    41.75
  26.75    48.75
  46.25    27.75
  34.25    28.25
  21.25    49.75
  30.75    46.75
  34.75    40.25
   1.25    35.75
  24.75    45.25
  12.25    29.25
  -9.75    52.25
   6.75    49.75
  49.75    60.75
  56.25    47.25
  12.75    52.25
  32.25    51.25
  54.25    66.25
  32.75    38.25
   8.75    41.75
  54.75    48.75
  -6.25    33.25
  44.25    44.25
  32.75    56.25
  17.25    46.75
  45.25    38.25
   3.75    51.25
  24.75    30.25
   1.75    34.75
   0.75    46.25
  42.25    36.25
  47.75    61.75
  33.25    39.25
  -6.25    27.75
  40.75    28.25
  12.75    65.25
   8.25    31.25
   2.25    43.75
  18.25    59.25
  27.75    65.25
  37.75    50.75
  32.75    50.75
 -19.25    63.75
  46.25    59.25
  22.25    66.75
  28.25    63.25
  32.25    36.25
  -3.25    51.25
  16.25    62.25
  14.25    61.25
  -2.25    32.75
  30.75    52.75
  35.75    52.25
  29.25    65.25
  43.25    42.25
  37.25    48.25
  12.25    30.75
  31.25    39.25
  10.75    48.75
  24.25    28.75
  55.75    66.25
  26.25    51.25
  18.75    49.25
  30.25    59.75
  14.75    62.75
  16.75    43.75
  39.25    62.25
  21.25    56.25
  30.25    28.25
   6.25    46.75
   6.75    29.75
  36.75    35.25
  44.25    41.25
   6.25    27.75
  26.75    55.25
  51.25    34.25
  48.25    40.75
  47.75    47.25
  -6.75    33.75
  41.75    33.25
  26.25    54.75
 -17.25    65.25
  50.75    31.75
  16.75    29.75
  22.75    67.75
  42.25    65.25
   4.75    34.25
  49.25    66.25
  51.75    61.75
  28.75    65.75
  44.75    31.75
  44.25    27.75
  26.75    47.75
  15.25    51.75
  48.75    48.25
  14.25    49.25
  -4.25    39.75
  46.75    59.25
  21.75    51.75
  21.25    39.25
  29.25    49.75
  39.75    39.25
  26.75    39.25
  38.75    64.75
  30.75    68.75
 -17.75    63.75
  42.75    45.75
  25.75    44.25
  49.25    39.75
  44.25    51.75
   2.75    42.75
  38.25    53.25
  -2.75    57.75
  46.25    50.75
  40.75    52.75
  -8.75    31.25
  12.75    37.75
  40.75    31.75
  32.25    62.75
  22.25    56.25
  29.75    47.25
  12.75    56.25
  28.25    61.25
  11.75    48.25
  54.25    30.75
  48.75    35.75
  -1.25    46.25
  23.25    54.75
  10.75    29.25
  13.75    47.75
  49.25    59.25
  39.25    48.75
  22.25    32.25
  32.25    30.75
  27.25    64.75
   8.25    50.75
  51.25    52.25
  53.25    65.75
  33.25    51.75
  30.25    69.25
 -10.75    27.75
  18.75    44.75
  -6.25    53.25
  27.75    68.75
  20.75    69.25
  18.25    65.75
  45.25    64.75
  16.25    61.25
  48.75    65.75
  56.25    34.75
  35.75    56.75
  54.75    64.75
  13.75    30.75
  25.75    51.25
  47.75    57.25
  17.75    54.75
  55.25    50.25
  34.75    49.75
  19.75    66.75
  -2.75    33.75
  40.25    57.75
  47.75    29.25
   6.25    53.25
  -4.25    48.25
  49.25    68.75
   0.25    40.75
  37.75    62.25
  26.75    49.25
  53.75    36.25
  47.75    66.25
 -23.25    69.75
  -2.75    48.25
  43.75    49.25
  45.75    51.25
  26.25    68.75
   1.75    32.75
   6.75    45.75
  31.25    63.75
  27.75    48.75
  30.75    31.25
   9.75    37.25
  25.25    48.25
   0.25    30.25
  44.25    38.75
  43.75    55.75
  15.75    44.75
  46.75    46.75
  54.75    50.25
  15.25    38.25
  50.25    37.25
  31.25    37.25
  53.75    46.75
   8.75    54.75
  53.25    28.75
  36.25    30.75
  25.75    67.25
  19.25    53.75
   4.75    49.25
  25.25    31.25
  49.25    37.25
  46.75    54.25
   0.75    41.75
   4.25    45.75
  -2.75    55.25
  46.75    50.25
  25.25    67.75
  37.25    67.75
  16.75    44.25
  15.25    63.25
  23.25    42.75
  13.75    29.25
  25.25    41.25
  44.75    33.25
  19.75    44.25
  23.25    37.75
  38.25    45.25
  15.75    58.75
  21.25    64.25
  42.75    44.25
  34.25    39.25
  29.25    39.25
  43.75    63.75
  56.25    39.25
   1.25    48.25
   8.75    28.75
  38.25    36.25
  17.25    67.75
  16.25    43.75
  37.25    53.75
  16.25    40.75
 -21.25    64.75
  42.25    40.25
  38.75    29.25
  47.75    53.25
  49.25    53.25
  22.25    44.75
  33.25    52.25
  24.75    69.25
  54.75    35.75
  53.25    36.25
  14.25    57.25
   8.25    50.25
  26.25    46.75
  50.25    32.25
  34.75    49.25
  24.75    56.75
  40.25    38.75
  37.25    49.75
   1.25    30.75
  16.75    68.25
  41.25    54.25
 -15.75    66.25
  21.75    38.75
  55.75    55.75
  48.75    32.25
  35.75    28.25
  16.75    65.75
  42.75    62.25
  20.25    66.75
  29.75    58.75
  37.25    31.75
  21.75    62.75
  24.75    61.75
  51.25    32.25
  24.75    44.25
  14.75    56.75
  49.25    47.25
  32.75    53.25
  46.75    29.25
   7.25    44.25
  33.75    59.25
   2.75    27.75
  38.25    64.25
  52.25    49.25
  19.25    53.25
  32.25    54.25
  33.75    29.25
  -6.25    31.75
  26.75    51.25
  23.25    52.25
  56.25    42.75
 -16.75    65.25
  18.25    43.75
  11.25    51.25
  28.25    60.75
  41.75    44.25
   0.25    49.25
  39.75    35.75
  -8.75    37.25
  34.25    56.25
  -1.25    47.25
  45.25    45.75
  25.25    61.25
  55.25    32.75
   5.75    28.25
  41.25    32.75
  13.25    61.25
  46.75    44.25
  44.75    44.25
  22.25    36.75
  11.75    59.25
  35.75    30.75
  54.25    28.25
 -15.75    64.75
  18.25    48.75
  -0.75    27.75
  15.75    54.25
  20.25    49.75
  56.25    60.25
  41.25    50.25
  37.25    48.75
  34.25    50.75
  49.25    39.25
  26.75    50.75
  15.75    64.75
   9.25    56.25
  21.25    41.75
  43.25    50.25
  40.25    51.75
  28.75    50.25
   9.25    34.75
  42.75    46.75
  10.75    53.25
  36.75    63.25
  41.25    38.25
  18.25    51.75
   3.25    46.25
  -3.75    51.75
   5.75    48.75
  16.75    62.75
   8.25    59.75
  41.75    32.75
  21.25    32.75
  -2.75    38.75
  12.25    46.25
  43.75    44.75
  -5.25    32.25
  16.25    64.25
  47.75    55.25
  43.75    50.75
  44.75    34.25
  45.25    36.25
  10.25    56.25
  39.25    64.25
  48.25    57.75
   2.75    49.25
  39.25    38.25
  52.75    35.75
  31.75    48.25
  33.75    35.25
  32.75    65.75
  54.75    60.75
  40.25    35.75
  52.75    28.75
  17.25    59.25
  35.75    47.25
  10.75    27.75
  -2.25    34.75
  34.25    45.75
  11.75    59.75
  -8.25    39.25
  42.75    50.75
  28.25    50.25
  -2.75    28.25
  49.75    65.75
  30.25    48.25
  49.25    33.75
  22.75    55.75
  51.75    56.25
  -4.75    39.25
  37.25    63.75
  24.25    65.75
  39.75    49.25
  12.25    60.75
  -0.75    40.75
   4.75    36.25
  -3.75    40.25
  44.25    64.25
  46.75    31.25
  16.25    50.25
  36.25    27.75
   5.25    44.75
   9.25    32.75
  52.25    53.75
  54.75    55.25
  26.75    58.75
  40.25    58.75
  39.25    50.75
   6.25    60.75
  45.25    31.25
  39.25    46.25
  13.25    53.75
 -15.75    65.75
  51.75    28.75
  29.75    53.25
  23.25    47.75
  30.75    66.25
  40.75    61.75
  26.75    47.25
  22.75    45.25
  19.75    65.25
  49.25    31.75
  32.25    29.25
  40.25    35.25
  26.25    60.75
  20.75    54.75
  10.25    53.75
  35.75    38.25
  23.75    46.75
  29.75    46.75
  17.75    46.25
  11.75    49.75
  18.25    46.75
  48.25    58.25
  47.75    50.25
   4.75    51.25
  45.25    44.75
  54.25    36.75
  42.25    60.75
  46.25    38.75
   9.75    56.25
   9.25    61.25
  48.25    38.25
  23.25    50.75
  41.25    60.25
 -10.25    28.25
  36.75    37.25
  45.75    29.25
  12.75    53.75
  46.75    30.75
  50.75    29.25
  50.25    31.75
  38.75    67.25
  19.25    28.75
   1.25    49.25
   0.75    41.25
  17.75    62.75
  46.25    57.25
  55.25    56.25
  31.75    50.25
  52.25    51.25
  -8.75    53.75
  -6.75    42.75
  27.75    66.25
  -0.25    48.25
  -7.25    42.75
  46.25    34.75
  37.25    45.25
  39.25    52.25
  20.25    27.75
  23.75    62.75
  38.25    28.75
  12.25    29.75
  52.25    64.75
  37.75    60.75
  -3.25    56.25
  17.75    60.25
  11.25    30.75
  47.75    38.75
  24.25    60.75
   9.75    51.25
  52.25    55.75
  54.25    62.75
  39.25    30.75
  21.25    56.75
  54.25    47.75
  56.25    62.25
  -0.25    42.25
  20.75    66.25
  32.75    41.25
  13.25    29.25
  52.75    44.25
   6.75    52.75
  27.75    64.25
  36.25    58.75
  35.25    68.75
   5.75    47.75
  37.25    60.75
  -5.25    31.25
  34.75    60.75
  49.75    40.25
  21.75    56.75
  32.25    53.75
  14.25    47.25
  45.25    29.75
   5.25    61.25
   9.25    39.75
  24.75    55.75
  52.75    57.75
  -0.75    34.25
  33.75    65.25
 -20.25    65.75
  29.75    47.75
  31.75    47.25
  -7.25    53.25
  -6.25    33.75
  52.75    52.75
  40.25    28.75
   3.75    44.75
   2.25    34.25
  14.25    28.25
  11.75    62.25
  27.25    38.75
  24.25    45.25
  11.25    29.25
  30.25    47.25
   7.75    50.25
  22.75    46.75
  14.75    63.25
  42.75    64.75
  32.25    63.75
  22.25    52.75
  -6.25    29.25
  38.75    67.75
  52.75    54.25
  32.25    27.75
  23.75    44.25
  26.25    39.25
  -0.25    46.25
  14.25    64.25
   4.75    46.75
  45.25    43.25
   3.75    29.25
  22.25    45.25
  48.75    47.25
   0.75    28.75
  20.75    47.25
  40.25    32.75
   7.25    31.25
  34.25    54.75
  49.25    48.75
  -2.25    28.25
  34.75    63.75
   4.75    35.25
  38.75    48.25
  46.75    30.25
  -5.25    55.75
  36.75    60.25
  13.25    57.25
  24.25    44.75
  52.25    66.25
  39.25    32.25
  47.25    34.25
  35.25    55.75
   5.75    45.75
  29.25    59.75
  12.75    29.75
  45.25    50.75
  50.25    54.25
  30.25    55.75
  10.75    55.25
  41.25    44.75
  39.25    46.75
   1.75    44.25
  51.75    63.25
  23.75    50.75
  16.25    44.25
   9.25    29.75
  53.75    61.25
   6.25    46.25
  10.25    30.25
  33.75    47.75
  14.75    65.25
  50.25    33.25
  18.75    47.25
  50.75    63.25
  24.75    49.75
  28.75    48.25
  31.75    41.25
   2.25    45.75
  43.75    65.75
  39.75    67.25
  28.75    47.75
  48.75    61.75
  -5.75    40.75
  43.75    41.75
  45.25    37.25
  23.75    64.25
  53.25    64.25
   5.75    28.75
   4.75    49.75
  47.25    31.25
  29.25    60.75
  13.75    50.25
  -6.25    53.75
  41.75    46.25
  16.75    60.75
  46.75    62.75
  52.75    55.25
  31.25    38.75
  35.75    52.75
  53.75    33.75
  22.25    45.75
  30.25    49.75
  41.75    48.25
  18.25    40.25
  33.75    38.25
  33.75    52.25
  17.25    65.75
  53.75    55.25
  49.75    48.25
  38.25    32.25
  28.25    40.25
  39.75    53.25
  55.25    35.75
  21.25    64.75
  27.75    53.75
  -7.75    41.75
  55.25    48.75
  36.25    29.75
  23.75    61.25
  -6.75    32.25
   4.25    27.75
  26.25    48.25
  47.75    57.75
  12.75    61.25
   2.75    31.75
  41.75    63.75
  -7.75    28.75
  -6.75    31.75
  33.25    58.25
 -22.75    65.75
  25.25    62.75
 -20.75    64.75
  11.75    46.25
  51.75    30.25
  15.75    28.25
  41.75    43.75
  18.25    63.25
  10.75    28.75
  41.25    44.25
  51.75    52.75
  45.25    32.25
  -7.75    39.75
  26.75    52.25
  21.75    43.25
   0.25    34.75
  32.25    49.75
  -2.75    54.25
   1.75    50.75
  16.25    38.75
  56.25    57.25
  49.25    57.25
  17.25    59.75
   4.75    32.75
  54.25    36.25
  -0.75    51.75
  -6.25    28.25
  32.25    69.75
  -2.25    31.75
   8.25    35.75
  53.25    53.75
   3.75    34.25
  20.25    52.25
  54.75    56.25
  15.25    53.25
  17.25    65.25
  28.25    62.25
  41.75    35.75
   7.25    60.75
  25.75    58.75
  48.25    64.25
  26.75    61.75
  42.25    40.75
  44.25    60.75
  17.25    46.25
  20.75    48.75
  44.25    61.25
  28.25    57.25
   9.25    59.25
  49.75    60.25
  40.75    58.75
  27.25    61.75
   8.75    27.75
  50.75    51.25
  28.25    65.75
  56.25    46.25
  24.25    31.75
  32.75    49.75
  48.75    54.25
  13.25    29.75
  15.25    30.75
  39.75    58.25
  -0.75    39.75
   7.75    59.25
   3.25    29.75
   8.25    44.75
  56.25    53.25
  32.25    65.75
   0.25    32.75
  25.75    61.25
  33.75    68.25
  13.75    46.25
   9.75    44.75
  10.75    47.75
   4.75    44.75
   3.25    36.25
  -2.25    38.25
  -4.75    27.75
  27.75    54.25
  25.25    60.25
  29.75    37.25
  13.75    64.75
  -0.25    41.25
   2.75    43.75
  33.75    49.25
  56.25    44.75
  20.75    43.25
  36.75    57.25
  42.25    55.75
   8.75    34.75
 -19.25    65.25
  -5.25    31.75
   8.25    32.75
   6.25    48.25
  22.25    48.25
  51.75    53.75
  34.25    65.75
  -1.75    37.25
  23.75    52.75
  33.25    40.75
  40.75    55.75
  27.25    54.75
  54.25    48.75
  27.75    29.75
  12.75    65.75
  42.75    55.25
  48.75    49.75
  23.75    55.75
  47.75    58.75
 -20.75    63.75
  22.25    42.25
  15.75    63.25
  29.75    62.25
  51.25    67.75
  -5.25    38.25
  22.25    40.25
  12.25    32.75
   4.25    51.75
  -0.75    35.75
  12.25    61.75
   6.25    60.25
  25.25    46.75
   1.75    29.75
  25.75    30.75
  42.25    39.75
  46.75    47.25
  29.25    49.25
  14.75    40.75
 -18.25    65.25
  31.25    62.75
  27.25    41.75
  10.25    55.25
  -7.25    52.75
  -0.25    43.75
  44.75    38.75
   1.75    28.75
  41.75    61.25
   0.25    33.25
  43.25    63.25
  45.25    34.75
  34.75    54.25
  28.75    58.75
  22.25    67.75
  33.25    38.25
  27.75    57.75
  10.25    47.75
  34.75    38.75
  40.75    63.25
  20.75    44.25
   6.75    30.75
  37.25    58.25
  34.25    28.75
  32.75    28.25
  48.25    50.25
  51.75    48.25
  47.25    56.25
  34.25    46.75
  -7.25    37.25
  45.25    66.25
  53.25    34.75
  32.75    49.25
  47.25    30.75
  26.25    70.25
  17.25    51.25
  28.75    68.75
  30.75    65.25
  34.25    55.25
  14.75    41.75
  44.25    53.75
  54.75    49.75
  30.25    51.25
  -0.75    29.25
  18.25    29.75
   7.75    50.75
  25.25    53.75
  26.25    54.25
  36.25    58.25
  35.25    41.25
  32.25    63.25
  14.75    47.75
  -0.75    43.25
   0.75    47.75
  43.75    35.25
  -8.25    37.25
  53.25    57.75
  25.75    49.75
  21.75    29.75
  15.75    29.75
  22.75    31.75
  26.25    69.75
   4.75    34.75
  22.25    49.25
   0.75    45.75
  23.25    49.75
  32.75    57.25
  -8.75    30.25
  14.75    66.25
  19.25    51.75
   5.75    49.25
  39.25    35.75
  32.25    29.75
  30.25    49.25
  -0.25    29.75
  55.75    47.75
  16.75    54.25
  56.25    62.75
  10.25    31.75
   1.75    46.75
  52.75    48.75
  53.75    58.25
  22.25    30.75
  20.25    41.25
  17.75    67.25
  -3.75    34.25
   9.25    32.25
  48.25    39.25
   2.75    36.25
  46.75    38.75
  25.75    46.25
  53.75    53.25
  54.75    59.75
  12.75    54.25
   0.75    42.75
  13.75    51.75
  54.25    55.75
   7.25    27.75
  35.25    48.25
   5.25    31.25
  47.75    59.25
  34.75    51.75
  20.75    41.75
  47.25    35.25
  20.75    45.25
  49.25    30.75
  27.75    41.75
  45.75    50.75
  15.75    47.25
   8.25    51.25
   9.25    56.75
  53.25    60.75
   6.75    52.25
  22.75    49.25
  19.75    45.75
  27.25    56.75
  54.75    33.25
  43.25    47.25
  15.25    68.75
  35.75    33.25
  28.75    56.25
  54.25    68.25
  -3.25    36.75
  33.75    54.25
  -3.25    55.25
  53.25    27.75
  38.25    59.75
  31.75    29.25
   8.25    28.75
  13.25    66.25
  40.75    37.25
  32.25    68.25
  11.75    61.75
  16.25    57.75
  34.25    58.25
  31.25    68.75
  45.75    44.25
  25.25    50.25
  35.25    58.25
  43.75    53.25
  -0.25    33.25
  29.25    53.75
  29.75    45.75
  50.75    33.25
  48.75    31.75
  -1.75    27.75
   4.75    30.25
  56.25    32.75
  -0.25    34.75
  41.75    38.75
  -5.75    34.75
  14.75    47.25
  -7.25    55.25
  11.75    27.75
  25.75    48.75
  45.25    43.75
  51.75    28.25
  -8.75    40.25
   4.25    36.75
  23.75    53.75
   5.75    61.75
   6.75    58.25
  -5.75    37.75
  -2.75    29.25
  12.75    31.25
  55.75    34.75
  41.75    28.25
  11.75    50.25
  45.25    59.75
  47.25    41.25
  44.75    30.25
  33.25    67.25
  27.25    30.25
   1.75    31.75
  55.75    32.25
  33.75    64.75
  52.25    65.25
  43.25    44.75
  25.75    62.25
  40.25    47.75
  37.25    66.75
  39.25    58.75
  55.25    65.25
  12.75    57.25
  28.75    53.25
  23.75    30.75
  29.75    50.25
  -2.25    37.25
  27.75    28.75
  30.25    68.25
  18.25    28.25
   8.25    45.75
  20.75    53.75
  26.25    47.75
  25.75    29.75
  24.25    66.25
  29.75    37.75
  51.75    64.75
  40.25    39.25
  31.25    47.25
  29.25    59.25
  26.25    29.25
  13.25    65.75
  18.25    48.25
  14.25    32.25
  24.75    53.75
   5.25    59.75
   7.25    45.25
  50.75    62.75
  21.75    60.75
   7.75    59.75
  30.75    48.25
  48.75    40.75
  10.25    49.25
  12.25    53.75
  38.25    55.75
  10.25    31.25
   1.75    27.75
  55.75    48.25
  21.75    45.25
 -10.75    28.25
  45.75    64.75
  42.25    28.25
  25.25    56.25
  32.75    51.75
  54.25    56.25
  12.75    30.25
  29.75    57.25
  26.75    39.75
  22.75    38.25
 -18.25    65.75
  23.75    68.75
  40.75    27.75
  43.25    57.75
  52.75    66.25
  35.25    31.25
  14.25    41.25
  23.75    29.75
   2.75    47.25
  48.25    35.25
  -7.75    37.75
   4.75    47.25
   3.75    44.25
  -4.75    57.25
  21.75    50.25
  34.75    62.75
  51.75    43.75
  54.25    34.25
  38.25    63.25
  52.25    67.25
  24.25    46.25
  14.75    67.25
  37.75    34.25
   8.25    30.75
  -5.75    38.75
  33.75    30.75
  13.75    48.75
  15.75    47.75
  37.25    28.25
  12.25    44.25
  29.75    28.25
  40.75    38.25
  27.25    51.25
  43.25    58.25
  45.25    28.75
  15.25    29.75
  52.25    43.75
  -2.25    54.25
  24.75    28.25
  13.75    32.25
  27.75    38.25
  26.25    29.75
  14.75    50.25
  -3.25    57.75
  37.75    40.25
  11.75    52.75
  -3.25    29.25
  30.25    54.25
  -9.25    51.75
  33.25    45.75
  50.25    60.25
  28.25    37.75
  28.25    30.25
  36.75    45.25
  10.25    45.75
  24.75    48.25
  19.25    66.25
  14.75    46.75
   6.75    31.25
  47.25    58.75
  35.75    53.75
  55.25    52.75
  53.25    65.25
  48.75    41.25
  44.75    66.75
  20.25    49.25
   4.25    36.25
  35.25    28.25
  53.75    44.25
  43.25    31.75
  36.75    58.25
  10.25    54.25
   4.75    48.75
  35.25    63.75
  25.75    47.25
   5.75    62.25
  21.25    48.75
  11.75    62.75
  36.75    53.75
  54.75    30.75
  53.75    40.75
  21.75    68.75
  22.75    41.25
  20.75    29.25
  21.25    48.25
  -2.75    29.75
  36.25    63.25
  19.75    40.25
  38.75    59.25
  17.25    45.25
  22.25    53.25
  53.25    55.75
  21.25    27.75
  32.75    53.75
  42.75    59.25
  35.25    55.25
  48.25    59.75
  30.75    38.75
   1.75    41.25
  -3.75    40.75
  25.75    31.25
  14.75    30.75
  25.25    49.75
  54.75    61.25
  54.75    40.25
  41.75    40.75
  48.75    33.75
  33.25    62.75
  -2.75    33.25
  22.75    68.75
  51.75    48.75
  27.25    67.75
  13.25    51.75
  31.75    62.25
  11.75    45.75
   3.25    47.25
  26.75    65.25
  45.75    66.75
   8.75    50.25
  31.75    56.75
  43.25    36.25
  38.75    38.25
  24.25    43.75
  -0.25    28.75
  40.25    61.75
  -3.25    41.75
  43.25    62.75
  -5.75    33.25
  32.25    41.25
  24.75    64.25
  20.75    40.25
  15.75    62.25
  40.75    43.75
  44.75    39.25
   3.75    47.25
  -3.25    52.25
  34.75    29.25
  31.75    50.75
  16.75    50.25
   9.75    49.25
  16.75    56.75
  40.25    37.75
  53.75    31.25
  19.25    47.25
  44.25    59.75
  37.25    56.75
  15.75    60.75
   5.25    51.75
  16.75    47.25
  32.75    51.25
  -6.25    57.25
  33.75    29.75
  11.25    60.75
   2.25    36.25
  -0.75    31.25
  46.75    66.25
  33.25    68.75
   8.25    36.25
   8.25    49.75
  13.75    62.75
  50.25    55.25
  27.75    62.75
  53.75    43.25
  25.75    43.75
  56.25    52.25
   0.75    32.75
  -7.25    29.75
   9.25    40.75
  43.75    28.25
  26.75    69.25
  50.25    30.25
  23.75    45.25
  21.75    63.25
  21.75    37.75
  56.25    31.25
  13.25    63.25
  14.75    27.75
  47.75    50.75
  28.25    51.75
  41.25    43.75
  49.75    54.25
  15.25    68.25
  10.75    63.25
  47.25    65.25
  36.75    64.75
  21.75    32.25
  -7.75    32.25
  -7.75    40.25
  52.25    56.75
  54.25    64.25
  27.25    50.25
  -2.25    40.25
  51.75    58.75
   2.75    34.75
  45.75    36.25
  12.75    49.25
  56.25    64.25
 -11.75    27.75
  48.75    69.25
  27.75    38.75
   5.75    52.25
  21.25    50.25
  38.25    35.75
  16.75    30.25
  -1.75    29.75
  53.25    58.75
  51.25    53.75
  55.75    59.75
  29.75    61.75
  50.75    35.75
   5.75    43.25
  16.25    27.75
  -1.25    47.75
  34.75    56.25
  23.75    28.25
  13.75    64.25
  39.25    36.25
  26.75    67.75
  26.25    40.75
  39.75    30.75
  25.75    47.75
  48.75    55.25
  25.75    44.75
   5.75    50.25
   2.75    34.25
  34.25    61.25
   8.25    56.75
  39.25    37.25
  42.75    54.25
  28.25    64.75
  25.25    69.75
   3.75    30.75
  24.75    49.25
  29.25    63.25
  27.25    66.75
   6.75    53.25
 -10.25    27.75
   5.75    33.75
  36.75    32.25
  33.25    30.25
  51.25    35.75
  33.25    29.75
  -5.75    37.25
  29.25    66.75
  34.75    28.25
  53.75    52.75
  44.75    35.25
  27.25    57.25
  46.25    31.75
  10.75    35.75
  37.75    33.75
  41.25    64.25
   5.25    32.25
  52.25    59.25
 -14.75    65.75
  23.25    47.25
  43.75    65.25
   1.25    29.25
  50.75    31.25
  -7.75    29.25
  -0.25    40.25
  27.75    30.25
  35.25    36.75
  55.75    30.75
   6.25    49.25
  14.75    56.25
  45.25    39.25
  -2.25    29.25
  15.75    51.75
  -4.75    37.75
  53.75    50.25
  38.25    35.25
  43.25    52.25
  46.25    45.75
  41.75    52.75
  -4.25    29.25
  50.25    51.25
  -9.25    27.75
   2.25    47.75
  55.75    41.25
  16.75    67.25
  46.75    63.25
  53.75    60.25
  21.25    31.75
  26.25    47.25
  29.25    63.75
  50.25    48.25
  56.25    38.75
  31.25    38.25
  44.75    47.25
  53.25    49.75
  43.75    30.75
  25.75    63.25
  14.75    31.25
  46.25    35.75
  47.75    49.25
  45.75    36.75
  34.75    30.25
  47.25    36.25
   2.75    48.75
  47.75    40.75
  52.25    44.75
   8.75    62.75
  44.75    51.25
  44.75    55.75
  37.25    52.75
  37.25    62.25
   8.25    58.25
  15.25    56.75
  -1.75    30.75
  22.25    38.75
  56.25    65.25
  18.25    60.25
  54.25    63.25
  15.25    29.25
  47.75    66.75
  41.25    65.25
  51.25    47.75
  37.75    37.75
  48.75    36.75
  -3.75    58.25
  24.25    63.75
  50.75    50.75
  55.25    30.25
  53.75    49.25
  15.25    32.25
  50.25    63.75
  43.25    39.75
  52.25    54.25
   8.25    52.75
  54.25    61.75
  35.75    48.25
   0.25    35.25
  25.25    50.75
  32.75    59.25
  25.25    68.25
 -19.75    65.25
  54.25    32.75
  37.75    32.25
  42.75    38.75
  52.75    63.75
  50.75    68.25
  42.25    33.25
  54.75    61.75
   0.75    42.25
  30.25    59.25
  26.25    65.25
  37.25    47.75
  51.25    34.75
  27.75    56.75
   6.25    44.75
  51.75    49.25
  28.25    47.75
  14.75    58.25
  30.75    37.75
  38.25    44.75
  54.25    66.75
  28.25    68.75
  52.75    65.25
  12.75    49.75
  34.75    52.25
  54.25    46.75
  26.75    58.25
  -3.25    39.75
   1.25    35.25
  15.25    49.75
  31.25    30.75
  25.25    47.75
  47.75    37.25
  35.75    28.75
  21.75    42.75
  50.75    30.25
  -4.75    37.25
  11.25    63.25
  11.25    64.25
  41.25    57.75
  38.25    60.75
   0.25    47.75
  47.25    40.75
   9.25    49.25
  52.75    66.75
  30.25    52.75
  31.25    58.75
   0.25    31.25
  44.75    66.25
  16.75    59.75
  19.25    66.75
   1.75    47.75
  23.75    47.75
  -4.75    33.25
  10.25    36.75
  -7.25    39.75
  45.25    44.25
  39.75    60.25
  35.25    40.75
  13.75    59.75
  41.75    39.25
 -17.25    63.75
  -4.75    33.75
  48.25    36.75
  38.25    34.75
  22.75    61.25
  11.75    28.75
  28.25    37.25
  25.25    65.25
  28.75    66.75
  40.25    65.25
  23.25    44.25
  -6.75    30.75
  20.75    46.25
  51.75    68.25
  19.75    52.25
  53.25    63.25
  43.25    28.25
  22.75    56.25
  56.25    35.75
   2.75    29.75
  47.75    67.25
  17.25    27.75
  54.25    37.75
  42.25    33.75
  15.25    48.75
  19.25    48.25
  45.75    56.25
  41.25    39.25
  26.25    68.25
  30.25    50.25
   2.75    45.25
  -1.75    40.75
  48.25    47.25
  55.75    33.75
  14.25    31.75
  40.25    49.25
  26.25    63.75
  44.75    47.75
  34.25    47.75
  41.25    40.75
  40.75    60.25
  14.25    66.75
  43.75    43.25
  39.25    67.25
  42.75    58.25
  19.25    51.25
  22.75    32.25
  51.25    51.25
  53.75    42.75
  56.25    29.75
 -20.75    65.25
  43.25    32.75
  55.25    44.25
  35.75    49.75
  -6.25    52.75
  54.25    54.25
  38.25    51.25
  30.75    54.25
  29.25    58.75
  56.25    49.75
  15.25    67.75
  52.75    62.25
  38.25    61.75
  42.75    34.75
  46.25    35.25
  36.25    28.25
  41.75    50.25
  50.25    66.75
  48.75    51.75
  40.75    49.25
  55.25    47.75
  52.75    31.25
  30.25    27.75
  -4.25    52.25
  45.75    52.25
  45.25    42.25
  17.25    50.25
   4.25    51.25
   6.75    33.75
  38.75    61.25
  24.25    43.25
  36.75    68.75
  51.75    31.75
  43.75    29.25
  11.25    32.25
   6.25    51.75
  43.75    36.75
  18.75    27.75
  -0.75    44.25
  -2.75    34.75
  31.75    59.25
  45.25    61.25
   8.75    50.75
  33.25    64.75
  30.25    65.25
  38.75    36.75
  25.25    28.25
  29.75    55.25
  50.75    57.25
  46.25    58.75
  39.25    54.75
  43.25    58.75
  20.25    44.25
   4.25    32.75
  -1.25    38.25
  23.75    49.75
  40.25    29.25
  53.75    34.75
  -4.75    39.75
  23.75    70.25
  40.25    36.25
  35.75    31.25
  40.75    55.25
  49.25    67.25
  12.25    43.25
  22.75    50.25
  45.25    36.75
  11.25    48.75
  22.75    39.25
  10.25    30.75
  37.75    30.25
  21.75    46.75
  55.25    49.25
  50.25    35.25
  35.25    53.75
  38.75    36.25
  38.75    34.25
   3.75    28.75
  48.75    30.75
  47.75    65.75
  30.25    63.75
  50.75    52.75
  53.25    58.25
  27.25    61.25
   8.75    36.75
   5.25    45.75
  15.75    53.25
  42.75    32.25
  36.75    29.75
  42.25    36.75
  47.25    58.25
  12.25    52.25
   1.25    36.25
  -4.75    56.75
  29.75    67.75
  37.25    30.75
  24.75    66.75
  12.25    57.75
  36.25    52.75
  39.75    29.25
  41.75    32.25
  -6.75    53.25
   7.75    61.75
  33.25    53.75
  47.25    32.75
  28.75    60.75
  -2.75    27.75
  39.25    31.25
   2.75    50.25
  45.75    43.75
  15.25    57.25
  29.25    56.25
  50.25    67.75
  23.25    41.25
  21.25    47.25
  13.25    65.25
  -3.75    35.25
  40.25    28.25
   8.75    35.25
  45.25    55.75
  37.75    39.25
  35.25    52.75
  46.75    64.75
  15.75    40.75
  16.75    63.75
   4.25    28.25
  21.75    37.25
  44.25    58.25
  -3.75    39.75
  21.25    54.75
   4.75    52.25
  38.75    38.75
  42.25    29.75
  43.75    43.75
  41.25    52.25
  53.25    45.25
  -4.25    31.25
  51.25    61.75
  17.75    65.25
  -8.25    33.25
  52.25    59.75
  23.75    56.25
  19.25    30.25
   8.75    46.75
  28.75    49.25
  37.25    56.25
   6.25    33.25
  36.25    53.75
  30.25    62.25
  48.75    37.75
  46.75    59.75
  32.75    48.75
  34.75    45.25
  46.75    33.75
  52.75    29.25
   6.75    51.75
  21.25    45.25
   9.75    36.75
  -7.75    42.25
  38.75    46.25
  44.25    35.75
 -19.25    65.75
  21.75    43.75
  17.25    68.75
  31.25    64.75
  -0.75    48.75
  49.25    32.25
  41.25    54.75
  54.25    46.25
  33.75    46.25
  52.75    65.75
  37.25    40.25
  53.25    67.25
  11.75    58.25
  -2.75    28.75
  15.75    41.25
  13.25    42.25
  46.25    54.75
   2.25    46.25
   6.25    32.25
  14.75    53.75
  40.25    44.25
  34.75    48.75
  26.75    63.25
  18.25    64.75
  27.75    47.25
  45.75    45.25
  16.75    40.75
  16.75    27.75
  42.75    51.75
   2.25    29.75
  55.75    51.25
  24.25    54.25
  18.25    52.25
   2.25    32.75
  29.25    52.25
  20.75    66.75
  47.75    59.75
  56.25    32.25
   7.75    46.75
  49.75    33.25
   0.75    35.75
 -12.25    27.75
   7.75    60.75
  43.25    51.75
  26.75    50.25
  25.75    50.25
  50.75    62.25
  -4.25    32.25
  48.75    34.25
  36.25    57.25
  17.75    54.25
  39.75    59.75
  37.75    35.75
  18.25    54.25
  47.25    40.25
  -6.25    41.25
  21.75    30.75
  37.25    32.25
   7.25    46.25
   8.75    32.75
  39.25    30.25
  49.75    55.75
  34.25    68.25
  26.75    28.25
  52.75    40.25
  30.75    55.25
   7.25    29.25
  11.75    42.25
  43.25    39.25
 -19.75    63.75
   8.25    62.75
  48.25    27.75
  54.25    44.25
  33.25    39.75
  10.75    51.75
  22.75    40.75
  53.25    51.25
  -4.75    29.75
  49.25    40.75
   2.75    41.75
   3.25    35.25
  -0.75    46.25
  28.75    62.25
  13.25    31.25
  12.75    48.75
  54.75    57.75
  22.75    67.25
  47.75    51.75
  34.75    66.75
   5.25    48.75
  44.25    57.75
  44.25    48.75
  52.75    61.75
  46.25    36.25
  12.75    63.75
  23.75    45.75
  -2.75    40.75
  39.25    60.25
  -8.25    38.25
  27.75    69.25
  51.25    59.25
  32.25    54.75
  11.75    55.75
  29.25    48.75
   9.75    40.75
  53.25    35.75
  -1.75    52.25
  -6.25    41.75
  39.25    39.25
  15.25    41.75
  -8.25    28.75
  21.75    30.25
  22.25    46.75
  -3.25    40.25
  18.25    54.75
  35.25    59.75
  42.75    66.25
  34.75    50.25
  46.25    60.25
  46.25    63.75
  39.75    67.75
  23.25    56.25
  40.75    52.25
  -3.25    43.25
  21.25    55.75
  44.25    39.75
   8.25    61.75
  42.75    36.25
  24.25    58.25
  14.75    64.75
  10.25    59.25
  45.25    33.75
  35.75    38.75
  26.75    31.25
  30.75    64.25
   0.25    33.75
  -1.25    32.75
  18.75    52.75
  55.25    52.25
  30.75    56.25
  50.25    57.75
  46.25    52.75
  27.25    28.25
  26.75    52.75
  54.25    47.25
  22.25    58.25
  16.75    53.25
  23.75    42.75
  50.75    30.75
  38.25    67.25
  50.25    58.25
  37.75    61.25
  -0.75    44.75
  35.25    32.25
  46.25    64.25
  34.25    47.25
  43.75    49.75
  -7.25    40.25
  40.75    36.25
  28.25    41.25
  12.75    50.75
   1.25    52.25
  37.75    55.25
  29.75    69.75
  39.25    47.25
  22.75    60.75
  31.25    37.75
  42.25    47.25
  -5.75    30.75
   9.75    35.25
  -3.25    28.75
  16.75    52.75
  35.75    29.25
  20.25    64.25
  13.75    45.25
  25.75    53.25
   8.75    51.75
  32.25    61.75
  23.25    67.25
  49.75    51.75
  13.25    53.25
   0.75    32.25
  28.75    59.75
  18.75    65.75
   5.25    36.25
  49.25    52.25
  -3.25    32.75
   0.75    40.75
  52.75    32.25
   4.25    46.75
  22.75    54.25
  37.75    49.75
  22.25    60.25
  31.75    56.25
  46.75    29.75
  43.75    56.75
  46.75    61.75
  45.25    53.75
  24.25    44.25
  43.75    59.25
  24.75    63.25
  27.75    40.25
  36.75    62.75
  22.75    61.75
  -3.75    33.25
  53.75    28.25
  52.25    31.75
  36.75    36.75
  27.75    56.25
  47.25    57.25
  19.75    43.75
  27.25    42.75
  39.75    66.75
  -3.25    40.75
  55.25    36.25
  39.25    60.75
  43.25    47.75
  30.25    56.75
   4.75    48.25
  40.25    53.75
  55.75    52.75
  52.25    51.75
  53.75    48.75
   3.25    31.25
   9.75    51.75
  29.25    47.75
  -4.25    57.25
  38.75    57.75
  24.75    57.75
  53.75    28.75
  22.25    40.75
  54.25    45.25
  38.25    58.25
   5.75    61.25
   3.25    29.25
  37.25    38.25
  24.75    40.75
  39.25    40.75
  54.75    30.25
  53.75    57.75
  22.75    36.75
  29.25    45.75
  54.25    35.75
  39.75    32.75
  25.25    61.75
  30.75    62.75
  31.75    30.25
  55.25    42.75
  35.75    35.75
  -5.25    36.75
  32.75    46.25
  20.75    50.75
  13.25    62.25
  31.75    65.25
  44.75    35.75
   9.75    40.25
  40.25    34.25
  53.25    68.25
  33.25    65.25
  24.75    41.75
  36.25    28.75
   9.25    27.75
  17.75    28.25
   9.75    48.75
  46.75    32.75
  11.75    29.75
  41.25    47.25
  29.25    60.25
  -5.25    50.25
  43.75    30.25
  36.25    55.25
  26.25    55.75
  49.25    34.75
  14.25    57.75
  29.75    48.75
  -6.75    38.75
  43.25    62.25
  14.75    63.75
  48.75    62.75
  44.75    53.25
  44.75    30.75
  38.75    33.75
  31.75    58.75
  38.25    31.75
  14.25    40.75
  10.25    56.75
  51.25    44.25
  30.25    38.75
  43.75    52.25
  53.25    60.25
  29.75    68.75
  -3.25    31.75
  23.75    60.75
  41.75    62.75
  28.75    37.25
  42.75    65.75
  36.25    47.25
  28.75    50.75
  41.25    67.25
  -5.25    42.75
  46.25    34.25
  20.25    68.25
  44.75    67.25
  52.25    64.25
   7.25    51.25
  10.75    45.75
  41.25    56.75
  29.75    36.75
  11.25    55.25
  27.25    27.75
  38.75    62.75
  22.75    50.75
  27.25    41.25
  43.75    66.25
  22.25    65.75
  44.75    27.75
  25.75    54.25
  47.75    54.25
  44.75    42.75
  48.25    65.25
  -3.75    41.75
   2.25    35.75
  35.75    55.75
   5.75    59.25
  36.75    62.25
  30.75    47.75
  13.25    28.75
   4.25    31.75
  22.25    51.25
   7.25    62.75
  25.75    43.25
  51.25    36.25
  -9.75    28.25
  20.25    65.25
  49.25    35.25
  24.25    69.25
  12.75    60.25
   1.75    48.75
  -0.25    43.25
   9.75    55.75
   7.25    30.25
  49.75    36.75
  36.75    37.75
  56.25    36.25
  24.25    47.25
  21.25    69.25
  34.75    46.75
  51.75    55.25
   5.25    34.25
  14.75    31.75
  52.75    32.75
  22.75    47.25
  38.75    33.25
  31.75    49.25
  39.75    36.25
  33.75    47.25
  37.75    48.75
  56.25    30.25
  17.25    54.25
  45.25    63.75
  18.75    65.25
  54.75    41.25
  36.25    60.75
  26.75    29.25
  44.75    49.75
  42.25    64.75
  30.75    39.25
  32.25    62.25
  31.25    65.75
  33.75    57.25
  25.25    63.25
  29.75    70.25
  47.75    60.25
  30.75    61.75
  -0.75    41.25
  28.25    38.25
   3.75    48.25
  50.75    67.75
  47.75    30.75
  33.75    61.25
  30.25    57.75
  37.25    29.25
  28.25    68.25
  46.75    49.25
  25.75    68.25
  14.25    58.75
   5.25    29.25
  38.75    51.75
  37.75    58.25
  45.75    31.75
  55.25    46.75
  29.75    51.75
  44.75    65.25
  -5.75    38.25
  45.25    34.25
  26.25    52.25
  16.25    65.75
  21.75    41.25
  12.75    31.75
  28.25    29.25
  31.75    49.75
  -5.25    34.25
  54.75    59.25
  28.25    29.75
  30.25    63.25
  44.25    44.75
  53.25    47.75
  24.75    50.25
  36.75    54.25
  37.75    31.75
  16.75    68.75
  54.75    42.75
  24.25    55.25
  40.25    33.75
  33.75    60.75
  27.75    51.25
   0.25    42.25
  -1.25    41.25
  -3.75    32.75
  -1.75    51.25
  12.75    50.25
  33.75    39.75
 -15.75    65.25
  48.75    30.25
  50.75    44.25
  35.25    59.25
  52.75    29.75
 -17.75    65.75
  33.25    68.25
  24.75    35.25
  23.25    38.75
   6.75    61.75
  37.25    58.75
   4.25    49.25
  -3.75    43.25
  -6.75    28.25
  -2.25    41.25
  22.25    50.75
  17.25    28.75
  31.25    53.75
   0.25    32.25
  -3.75    36.75
  26.75    42.25
  24.25    55.75
  29.75    49.75
   5.75    44.75
  29.75    57.75
  28.75    44.75
  48.25    39.75
  50.75    48.25
  52.25    58.75
  17.75    45.25
  18.75    69.25
  52.25    33.25
  31.75    54.75
  47.25    37.25
 -19.75    64.75
  36.75    41.25
  34.75    30.75
  24.25    60.25
  43.75    31.75
   8.75    33.25
  49.75    56.75
  44.25    58.75
  33.75    48.75
  48.25    33.75
   6.25    29.75
  11.75    51.75
  51.75    67.75
  41.75    40.25
  30.25    54.75
  21.25    66.75
  32.75    66.75
  40.75    44.25
  32.75    40.75
  12.25    51.25
  56.25    39.75
  39.25    59.75
  52.25    34.75
   8.75    62.25
  54.25    42.75
  41.25    32.25
  51.75    43.25
  48.75    53.25
  15.25    50.75
   5.75    29.75
  52.75    56.25
  46.25    61.75
   6.75    60.75
  33.75    66.25
  37.25    50.25
   9.75    45.75
  -0.75    46.75
  15.25    64.25
  20.75    41.25
  34.75    36.75
  -8.25    40.75
  11.25    60.25
  -7.25    33.75
  55.25    45.75
  -6.75    42.25
  16.25    59.25
  56.25    49.25
  52.25    45.25
  12.25    28.75
  -1.25    30.75
  12.25    62.75
  20.25    47.25
   6.25    59.25
  48.25    63.75
  43.75    48.75
  55.75    45.75
  53.25    59.25
  41.75    39.75
  50.75    36.25
  24.25    38.25
  35.75    64.25
  30.25    30.75
  36.75    49.25
  45.75    39.25
  43.75    48.25
   0.75    31.25
  -1.25    51.75
   9.75    30.75
  54.75    53.25
  52.75    36.25
 -16.25    65.75
  -2.25    28.75
   2.25    28.25
  46.25    32.75
  17.25    60.25
  24.75    62.75
  26.25    27.75
   7.75    28.75
  42.75    40.75
  46.25    43.75
  -4.75    30.25
  33.75    52.75
   5.75    46.75
  25.25    52.25
  36.75    32.75
  42.75    52.75
  51.25    54.25
   0.75    36.25
  37.25    38.75
  21.25    62.75
  46.75    50.75
  -3.25    56.75
  21.25    42.25
  -2.75    42.75
  56.25    37.25
   9.25    53.25
  43.25    29.75
  -2.75    54.75
  14.25    60.25
  39.75    38.75
  56.25    48.75
  12.75    64.25
  48.75    38.25
  26.25    66.25
  19.25    45.75
  33.75    37.75
  -7.75    29.75
   6.75    43.75
  -3.25    57.25
  31.75    36.75
  48.75    50.75
  -1.75    39.75
  44.75    64.75
  31.25    39.75
  22.25    43.75
  -1.75    47.75
  55.25    38.25
  22.75    55.25
  51.75    29.25
  35.75    32.75
  -2.75    42.25
  50.75    51.75
  45.75    49.25
  -8.75    32.25
  22.25    68.25
   4.75    27.75
  38.75    32.25
  15.25    28.25
  29.25    37.75
  36.25    40.75
  25.75    69.25
  40.25    30.75
  -1.75    38.75
  38.25    30.75
  10.75    33.25
  41.75    54.25
  -2.75    31.25
  21.75    48.25
  19.75    64.75
  35.75    55.25
  29.75    45.25
  54.75    46.25
  42.25    57.25
  38.25    34.25
  37.25    39.75
  14.25    53.25
  41.75    63.25
  53.25    67.75
  -7.75    30.25
  -6.25    40.25
  19.75    27.75
  53.75    45.25
   2.75    39.75
  38.25    45.75
  11.75    51.25
  56.25    66.25
   2.25    42.75
  26.25    67.25
  53.75    65.25
  -2.25    39.25
  26.25    41.75
  13.75    61.25
  41.75    51.75
  33.75    38.75
  49.25    50.75
   3.75    29.75
   1.75    43.75
  26.25    64.75
  30.75    28.25
  46.25    56.75
  27.75    55.75
  52.25    32.75
   5.25    51.25
  53.75    29.75
  55.75    28.75
   4.75    47.75
   3.75    35.25
  19.75    49.75
  47.25    48.75
  40.75    67.25
  24.25    56.25
  56.25    54.25
  -7.75    53.25
   3.75    31.75
  34.75    39.75
  44.75    56.25
  25.25    64.25
  51.25    57.25
   7.75    58.25
  38.75    45.75
  42.75    55.75
  43.75    42.75
  36.25    39.25
  16.25    45.25
   9.25    47.25
  34.75    59.75
  31.25    64.25
  46.75    38.25
  22.75    38.75
  48.75    54.75
  47.25    33.75
  29.25    28.75
  41.75    59.25
  40.25    46.75
   2.25    31.25
   5.75    52.75
  22.25    47.25
  13.25    61.75
  13.25    30.75
  51.75    57.25
  49.75    55.25
   4.25    46.25
  30.75    52.25
  41.25    43.25
  45.75    66.25
  47.25    55.25
  28.75    28.25
  -0.75    33.25
  44.75    62.75
   9.25    42.25
 -11.25    27.75
  55.25    67.75
  33.75    48.25
  32.25    57.25
  30.25    36.75
  47.25    29.25
  34.25    49.75
  54.25    43.75
  35.75    50.75
  10.25    57.25
  -5.25    29.25
  34.25    29.25
  -4.25    38.75
  55.75    58.75
  41.25    46.25
  15.25    67.25
  22.75    37.75
  11.25    31.25
  29.25    61.75
  34.25    53.75
  37.75    66.25
  16.25    66.25
  31.75    69.25
  13.75    53.75
  56.25    34.25
  -3.75    27.75
 -20.75    64.25
  -7.25    38.25
  16.25    63.75
  46.75    33.25
  12.25    45.75
   9.25    51.25
  54.75    38.75
  36.75    47.25
  41.25    48.25
  11.25    44.75
  51.75    66.25
  53.25    68.75
  16.75    51.75
  49.75    64.75
   9.75    62.25
  29.25    54.75
  -9.25    28.25
  45.75    46.25
  55.75    37.75
  34.25    60.25
  -1.25    46.75
  55.75    63.25
  31.25    56.25
 -12.75    27.75
  45.75    34.25
  37.75    36.25
  18.25    44.25
   8.75    55.25
  54.25    58.75
   7.75    62.75
  47.25    31.75
  21.25    29.25
  44.75    33.75
  42.75    63.75
  20.75    51.25
   1.75    32.25
  44.75    67.75
  -5.75    31.25
   0.25    34.25
  33.25    46.75
  23.25    27.75
  25.75    27.75
  48.75    51.25
  25.25    57.75
  -9.25    32.25
  14.75    48.25
  -3.75    56.75
  48.25    53.75
  43.25    34.25
  31.75    53.25
  -8.25    42.25
  49.25    63.25
  10.75    59.25
  44.25    48.25
  -7.75    54.75
  10.25    44.25
  23.25    43.25
  18.75    28.75
  37.25    33.75
  31.25    49.75
  -8.75    52.75
  21.75    56.25
  -7.25    32.25
   0.25    31.75
  21.25    43.25
  28.25    65.25
  27.25    60.75
  13.75    57.75
  45.25    35.75
  21.25    46.75
  35.25    46.75
  -2.25    52.25
  31.75    68.25
  38.25    31.25
  53.25    35.25
  50.25    52.25
   7.75    46.25
  30.25    53.25
  38.75    55.75
  38.75    53.25
  31.25    66.25
  28.75    29.25
  22.75    51.25
  24.75    46.75
  37.75    47.25
  43.75    50.25
  46.75    41.25
  12.25    28.25
   6.25    47.25
  30.75    49.25
  20.75    30.75
  21.25    40.75
  29.75    60.75
  39.25    44.75
   9.25    60.25
  41.75    35.25
  28.25    56.25
  -6.75    38.25
  -2.75    30.25
  -7.75    39.25
  41.75    60.75
  -5.75    29.25
  55.25    28.75
  20.25    52.75
  53.25    30.75
  44.75    63.75
   9.75    33.75
  52.25    53.25
  55.25    38.75
  23.25    62.25
  34.25    39.75
  13.25    45.75
  -9.25    52.75
  25.25    66.25
  17.25    48.75
  46.75    49.75
  23.75    69.75
  20.25    50.75
  10.25    27.75
  18.75    43.75
 -21.25    65.25
  21.25    52.75
  30.25    57.25
  33.25    57.25
  12.75    42.25
  41.75    56.75
  28.25    46.25
  51.75    63.75
  23.25    66.75
  30.25    28.75
  33.25    66.75
  54.75    54.25
  34.25    37.25
  13.25    51.25
  36.75    63.75
  39.25    48.25
   7.25    58.25
  34.25    62.75
  38.25    64.75
  16.75    45.25
  13.75    29.75
  48.25    33.25
  13.25    56.75
   5.75    36.75
   0.75    28.25
  -7.25    30.75
  10.75    63.75
  49.75    32.75
   9.25    34.25
   5.25    31.75
  51.75    52.25
  36.25    32.25
  10.25    64.25
  23.25    40.25
  22.25    69.25
  24.75    58.25
  53.25    43.75
  12.25    32.25
  23.75    48.75
  27.25    66.25
  10.25    35.25
  39.75    31.75
  14.25    59.25
  18.75    46.75
  25.75    67.75
  51.25    55.25
   7.75    32.25
  17.25    29.25
  55.25    33.75
  38.75    44.75
  -0.75    47.25
  32.25    64.75
  28.75    67.25
  -5.75    57.25
  29.75    56.25
   5.75    59.75
  26.25    67.75
  27.25    69.25
  22.75    63.75
   4.25    29.25
  50.25    56.75
  -9.25    30.25
  35.25    60.75
  49.75    36.25
  42.75    48.25
   8.75    61.25
   7.25    29.75
  31.75    38.75
  51.25    58.25
  43.25    43.25
  30.25    56.25
  -5.25    57.25
   1.25    34.75
  35.25    40.25
   0.75    30.75
  18.75    54.25
  31.75    48.75
  44.25    40.75
  50.75    56.25
   1.75    34.25
  34.25    40.75
  -1.75    33.75
  40.75    47.25
  49.25    49.75
  21.25    67.25
  24.75    50.75
  21.75    50.75
  28.75    61.25
  52.25    28.75
   3.75    33.25
  -0.75    38.25
  11.75    55.25
  42.25    28.75
   6.25    52.75
  -4.75    35.25
  26.75    44.75
  18.25    66.25
   7.75    29.75
  35.25    50.25
  12.75    29.25
  -6.25    28.75
  19.75    48.75
  -4.75    31.75
  34.25    65.25
  13.75    37.75
  15.75    51.25
   3.25    44.75
   3.25    48.75
  17.75    27.75
  -9.75    29.75
  55.75    36.75
  42.25    61.25
  22.75    44.75
  19.75    29.75
  51.75    36.25
  49.25    55.75
  17.75    53.75
  43.75    29.75
  46.75    52.25
   0.75    29.25
  16.75    48.75
  37.25    63.25
 -20.25    64.25
  20.75    39.25
  40.75    54.25
  18.25    68.75
  -0.25    53.75
  42.25    61.75
  32.75    47.25
  31.75    31.25
  27.75    28.25
  51.75    47.75
  55.25    43.25
  40.75    35.25
  25.25    54.25
  48.75    36.25
  24.25    45.75
  25.25    55.25
  52.75    33.75
  43.25    27.75
  -1.25    44.25
  44.25    37.25
  55.75    58.25
   2.75    45.75
  52.25    34.25
  -6.25    32.25
  -0.75    51.25
  27.25    45.25
  16.25    53.75
  42.25    29.25
  46.75    27.75
  10.25    53.25
  -0.25    50.75
  38.75    45.25
  11.25    31.75
   0.75    44.75
  13.75    27.75
  56.25    51.75
  47.75    55.75
  -3.25    47.75
  11.75    30.25
   7.75    51.25
  33.25    46.25
  16.25    59.75
  49.25    54.75
  39.25    33.75
  17.25    58.75
  30.25    58.75
  43.25    33.25
  37.75    36.75
  -1.75    48.25
  16.75    66.75
  26.75    30.25
  39.25    45.75
  -6.25    37.75
  11.25    59.25
  44.75    46.75
  47.25    52.75
  23.25    68.25
   8.75    47.25
  42.75    61.75
  50.75    66.25
  25.75    52.25
  15.75    44.25
  12.75    62.75
  37.75    57.75
  34.75    61.25
  51.75    60.75
  18.75    51.75
  -6.25    30.25
  37.25    68.25
  37.25    34.75
  -4.75    58.25
  26.25    42.25
  -7.25    31.25
  46.75    52.75
  47.75    42.25
  26.75    30.75
  42.75    44.75
  13.25    27.75
  53.25    42.75
   1.75    46.25
  42.75    43.25
  12.75    57.75
   3.75    35.75
  33.25    54.75
  33.25    51.25
  22.75    69.25
  10.75    44.25
  32.75    56.75
  12.75    43.75
  10.75    46.75
  32.75    50.25
  -8.25    54.25
  28.75    56.75
   1.25    49.75
  -4.25    53.25
  52.75    56.75
  16.25    68.25
  44.75    28.25
  38.75    52.75
  16.25    52.75
  50.75    60.75
  44.75    51.75
  49.25    61.25
  54.75    38.25
  32.75    52.25
  21.25    46.25
   0.75    48.25
  35.75    57.75
  41.75    29.25
  39.25    40.25
  12.75    55.75
  12.75    60.75
  53.25    54.75
  49.25    65.75
   9.75    61.75
  -9.25    39.25
  52.75    33.25
  43.25    65.75
   9.25    49.75
  42.75    59.75
  51.75    61.25
  43.25    35.25
  49.75    63.25
   5.25    61.75
   2.75    28.75
  25.75    57.75
  30.25    66.75
   2.75    35.75
  50.75    63.75
  20.25    40.75
  56.25    58.75
  12.25    41.75
 -18.25    64.75
  36.25    66.75
  48.25    46.25
  32.75    41.75
  28.75    55.75
   9.25    58.75
  47.25    39.25
  40.25    48.75
  45.75    33.75
  13.75    51.25
  26.75    46.25
  48.75    53.75
  54.25    49.25
  49.25    34.25
  10.75    62.75
  49.75    50.75
   6.75    51.25
  -7.25    42.25
  36.25    34.75
  13.25    60.75
  43.75    46.25
  36.25    49.25
  -6.25    55.25
  43.25    53.75
  55.75    37.25
  40.25    50.75
  15.25    49.25
  55.75    36.25
  10.25    61.25
  -8.25    29.25
  40.75    34.25
  43.75    54.75
  34.75    64.25
  18.25    51.25
  51.75    67.25
  48.75    38.75
  52.25    50.25
  -8.75    27.75
  48.25    63.25
  22.75    51.75
  -6.25    38.25
   8.25    60.25
  -5.75    27.75
  53.75    68.25
  42.75    57.75
  18.25    67.75
  38.25    62.75
  17.25    62.75
  30.25    38.25
  34.75    68.75
  32.75    63.25
  21.25    65.75
  11.75    47.75
  19.25    64.25
  50.75    56.75
   4.25    34.75
  43.75    51.75
  -6.75    32.75
  -4.25    41.75
  20.25    51.25
   8.75    60.75
  39.75    28.25
  15.25    62.75
  21.25    68.75
  36.75    46.75
  45.25    45.25
  47.25    64.25
   0.25    48.75
   6.75    62.25
  51.75    29.75
  34.25    48.25
   6.25    28.75
  47.25    60.75
  55.75    56.25
  22.75    52.75
  39.75    56.75
  42.75    31.75
  26.75    66.25
  14.25    46.75
  33.25    29.25
  41.75    61.75
  40.75    38.75
  50.75    36.75
  45.25    30.75
  44.25    52.75
  23.75    46.25
   9.25    37.25
   9.25    52.25
  33.25    47.75
  48.25    51.75
  17.75    67.75
  32.25    55.75
  -9.75    30.75
  -8.25    32.25
  15.75    59.75
  30.75    29.75
  22.25    50.25
  26.75    42.75
  21.25    69.75
  40.25    51.25
  32.75    69.75
  21.25    47.75
  47.25    38.75
  21.75    51.25
  -8.25    42.75
  31.25    30.25
  56.25    45.75
  35.75    50.25
  40.75    31.25
  35.75    27.75
  37.75    40.75
  14.25    37.25
  29.75    58.25
  23.25    53.25
  24.25    53.25
  24.75    67.25
  17.25    43.75
  10.25    61.75
  53.25    48.25
  33.75    45.75
  36.25    48.75
  40.25    46.25
   4.25    48.75
  24.25    27.75
  44.75    50.25
  15.25    30.25
  51.75    47.25
   9.75    48.25
  23.75    53.25
  28.75    27.75
  13.75    28.25
   1.25    45.25
  17.75    43.25
   0.25    43.25
  -0.25    47.25
  47.25    51.25
  27.25    46.75
  44.75    64.25
  32.25    47.25
  21.75    55.75
  37.75    34.75
  48.75    58.25
  10.75    34.75
  -4.25    57.75
   8.25    62.25
  -1.75    43.25
  56.25    40.75
  55.25    60.25
   7.75    35.25
  20.75    32.25
  12.75    51.75
  19.75    46.25
  -1.75    47.25
  -0.25    51.25
  -7.75    54.25
  43.75    60.75
  45.25    49.25
  -3.75    31.75
  53.75    51.25
  18.75    64.75
   6.75    28.25
  13.75    66.75
  34.75    41.75
  55.25    61.75
  36.25    36.75
   5.25    35.75
  35.25    60.25
 -21.75    64.25
  30.75    48.75
  12.75    30.75
  46.75    28.25
  28.75    63.75
  24.25    41.25
  40.75    44.75
  38.75    46.75
  42.75    28.25
  24.75    45.75
  56.25    44.25
   8.75    56.25
  45.25    40.75
  36.25    53.25
   7.75    36.25
  48.25    62.25
  35.25    67.75
  12.25    45.25
  35.25    51.25
   5.75    50.75
  36.25    55.75
  22.75    69.75
  33.75    64.25
  39.75    39.75
  44.25    40.25
  38.25    29.75
  45.75    56.75
  30.25    29.25
  10.75    51.25
  29.75    36.25
  48.75    39.25
  29.25    69.25
  24.25    67.75
  -4.25    41.25
  15.75    45.25
  25.75    70.25
  17.75    42.75
  26.25    49.75
  22.25    38.25
  42.25    49.75
  56.25    46.75
  54.25    33.25
  -3.25    31.25
  16.25    54.25
   6.75    33.25
  28.75    45.75
   5.75    34.25
  54.75    34.25
  -7.75    43.25
   9.25    62.75
  38.75    30.25
  13.75    43.25
 -15.25    64.25
  15.25    37.75
   8.75    33.75
  -4.75    40.75
  17.75    29.75
  15.75    65.75
  28.25    39.25
  51.75    34.25
  40.75    32.75
 -11.75    28.25
  11.25    55.75
  47.25    49.75
  30.25    67.25
  34.75    41.25
  17.75    28.75
  41.75    58.25
  55.25    68.25
  27.75    69.75
  43.75    52.75
  41.25    61.25
  28.75    48.75
  45.75    65.75
  48.25    32.25
   7.75    30.75
  -2.75    50.75
  25.25    70.25
  22.25    48.75
  23.25    68.75
  12.25    64.75
  25.25    47.25
  38.75    32.75
  53.25    66.75
  35.25    41.75
   1.25    44.25
  15.25    44.75
  55.75    40.75
  55.75    62.25
 -21.75    65.25
  21.75    68.25
  29.75    64.75
  37.75    29.75
  54.25    52.75
  38.75    54.75
   9.25    51.75
  27.25    40.25
  17.25    30.75
  47.75    31.25
  -8.75    38.25
  51.75    35.75
  46.75    65.25
  18.75    53.75
  -5.75    43.25
  28.25    50.75
  42.25    39.25
  30.75    57.25
  -4.25    32.75
   8.75    47.75
  30.75    69.75
  -2.25    34.25
  51.75    51.75
  36.75    29.25
  -3.25    50.75
  31.25    54.25
  40.75    48.75
   6.25    51.25
  56.25    51.25
   6.75    34.75
  21.75    29.25
  47.75    32.75
  38.75    53.75
  44.25    43.25
  25.75    66.25
  48.25    47.75
   5.75    30.25
  -0.25    32.25
  22.75    63.25
  -0.25    35.75
  -4.25    50.75
  42.25    35.75
  14.25    45.25
  10.75    52.25
  12.75    32.25
  16.75    46.75
  48.75    55.75
  26.25    45.75
  19.75    50.75
  20.25    30.25
  47.75    42.75
  28.75    63.25
  15.75    63.75
  -5.75    40.25
  -8.25    41.75
   1.25    46.25
  43.25    40.75
  16.75    49.75
  -3.25    48.25
  19.75    50.25
  26.75    54.25
  42.25    54.25
  -4.25    37.75
  51.25    50.75
  43.25    54.25
   6.25    30.75
   6.75    48.25
  28.75    61.75
  41.75    55.25
  29.75    64.25
  41.25    47.75
  21.75    44.75
  27.25    55.25
  51.25    62.75
  55.25    53.25
  -8.25    43.25
  10.75    49.75
  36.75    56.75
  27.25    59.25
  46.25    37.75
   5.25    30.25
  19.25    54.25
  54.75    37.25
  -3.75    50.25
  20.75    45.75
  55.75    61.25
  43.75    39.75
  -3.25    39.25
  15.75    68.75
  -0.75    45.75
  34.25    41.75
  26.75    68.75
  44.75    36.25
  40.75    64.25
  25.25    41.75
  39.25    32.75
  53.75    59.25
  54.25    62.25
   5.25    60.25
  53.25    47.25
  21.75    52.75
  55.75    67.25
  13.75    53.25
  10.25    47.25
  -4.25    58.25
   7.25    50.75
  15.25    47.25
  53.25    33.75
  54.25    41.75
  52.25    68.25
   6.25    34.25
  33.25    56.75
  49.25    36.75
  29.25    55.25
  20.25    46.25
  -2.25    47.25
  44.25    36.25
  27.75    47.75
  14.25    53.75
  33.25    64.25
  31.75    37.25
  -5.25    40.25
   0.75    30.25
   7.75    60.25
  -1.75    53.75
   3.25    31.75
  14.25    51.75
  23.25    66.25
  53.25    44.25
  40.25    33.25
  43.75    57.25
   3.25    48.25
  48.75    48.75
  20.75    51.75
  33.25    56.25
  44.25    52.25
  45.75    47.75
  43.25    49.25
  45.75    30.75
  28.75    49.75
  23.75    31.25
  35.75    68.75
  21.25    51.75
  34.75    67.75
  14.25    31.25
  -2.25    37.75
  41.25    46.75
  19.25    65.25
   6.25    45.75
  -8.75    43.25
   1.25    31.75
  52.25    35.75
  49.25    61.75
  18.25    45.25
  16.25    63.25
  42.75    36.75
  23.25    44.75
  39.75    50.25
  32.75    36.25
  39.75    34.75
   1.75    49.25
  43.25    43.75
  32.25    56.25
  52.75    58.75
   4.75    33.25
  37.75    38.25
  11.25    49.75
   9.25    28.25
  35.25    62.75
 -10.25    29.25
  -3.75    28.75
  14.25    48.25
  47.75    28.25
  45.25    47.75
  44.75    58.75
  54.25    59.25
  50.25    53.75
  -0.75    49.25
  52.75    49.25
  43.25    49.75
   4.25    33.75
  28.75    46.25
  37.25    67.25
  34.25    45.25
   8.75    46.25
   5.25    32.75
  55.75    49.75
  52.75    59.25
  39.25    29.75
  24.25    30.25
  37.25    59.75
  20.25    31.75
  11.25    62.75
  38.25    29.25
  50.75    59.25
   4.75    31.25
   7.75    45.75
  50.75    35.25
  25.75    61.75
  52.75    50.75
  27.75    63.75
  48.75    66.25
  45.25    31.75
  24.25    49.75
  41.25    48.75
  24.25    42.25
   7.25    62.25
  -4.25    40.25
  55.25    59.75
  -5.75    31.75
  47.25    56.75
  44.25    39.25
  10.75    53.75
  -7.25    39.25
  41.25    36.75
  30.75    51.25
  -1.25    51.25
  44.25    45.25
  11.25    28.75
  47.75    35.25
  44.75    52.75
  43.25    31.25
  -0.75    54.25
  11.25    58.75
  22.25    42.75
  22.75    58.25
  36.75    34.75
  27.25    62.25
  -0.25    29.25
  17.25    28.25
  53.75    43.75
  -1.25    49.25
  14.25    41.75
   6.75    47.75
  16.75    60.25
  48.75    63.75
  29.25    27.75
  38.75    48.75
  26.75    62.75
  46.25    30.75
   9.25    54.25
  33.25    69.25
  48.25    55.25
  36.75    48.75
   3.75    45.25
   4.75    31.75
  42.75    27.75
  53.75    40.25
  14.75    37.75
  51.75    35.25
  52.75    54.75
  25.75    51.75
  30.25    58.25
   3.25    36.75
  13.75    52.25
  56.25    50.25
  -6.75    28.75
  48.25    34.25
  22.75    52.25
  -2.25    36.75
  40.75    34.75
  37.75    54.75
  -1.25    34.75
  25.25    44.75
  25.75    68.75
  50.25    34.75
  14.75    58.75
  -2.75    41.75
  37.75    37.25
  12.25    61.25
  27.25    39.75
  44.25    57.25
  31.25    27.75
  34.75    50.75
  18.75    68.25
  42.25    60.25
  -4.75    36.75
  21.75    67.25
  31.75    57.25
  26.75    53.75
  49.25    32.75
  52.25    33.75
  29.75    66.25
  42.25    57.75
  55.25    48.25
  45.25    39.75
  18.25    47.25
  45.25    65.75
  21.25    38.75
   7.25    28.25
  55.25    40.75
  26.25    64.25
  53.75    56.75
  31.75    53.75
  33.75    40.25
  17.25    49.75
  43.25    41.25
  40.25    60.75
  22.25    27.75
  -0.75    43.75
  -8.75    28.25
  11.25    43.25
  23.75    44.75
  18.75    67.25
 -14.25    65.25
  -2.75    37.25
  54.25    63.75
   1.75    44.75
  27.75    48.25
  -0.75    34.75
  12.75    64.75
  -0.75    48.25
  32.75    61.75
  20.75    44.75
  37.75    35.25
  13.75    66.25
  11.25    32.75
  10.25    32.25
  52.25    62.75
   4.75    29.75
  33.75    41.25
  30.25    52.25
  22.25    62.25
  14.25    62.25
 -19.25    64.75
  21.75    69.25
  12.25    63.75
  31.75    51.75
  25.25    56.75
  29.75    59.75
  47.75    61.25
   6.75    59.75
  13.75    52.75
  48.25    54.75
  51.75    32.75
  46.75    56.25
  38.25    40.75
  18.75    44.25
  52.25    67.75
  19.25    44.75
  43.75    39.25
  26.25    53.75
  33.25    55.75
   9.25    60.75
  24.25    62.25
  18.75    45.25
  44.75    63.25
  32.75    46.75
  -1.75    38.25
  27.25    42.25
  54.75    34.75
  21.25    54.25
  28.75    39.25
  47.25    50.75
  30.25    62.75
  48.25    60.75
  44.25    42.25
  27.75    55.25
  29.25    38.25
  37.25    64.75
  45.75    57.25
  31.75    38.25
  -1.75    51.75
  22.25    31.25
  20.25    47.75
  20.75    67.25
  34.25    59.75
  36.75    60.75
  44.75    39.75
  35.25    53.25
  -4.75    29.25
  54.75    39.25
   3.75    46.25
  28.75    58.25
  47.25    57.75
  31.25    55.25
 -18.75    64.75
  53.25    29.25
  33.75    62.25
  26.25    51.75
  43.75    58.75
  51.75    50.75
  16.75    63.25
  -6.25    36.75
   6.75    29.25
  -8.25    39.75
  -3.25    58.75
   7.75    47.25
  55.25    51.25
  37.25    31.25
  47.75    36.75
   8.25    51.75
  -2.25    51.75
  34.75    40.75
 -23.75    70.25
   9.75    54.75
  28.75    37.75
  20.25    67.25
  38.25    59.25
  26.25    57.25
  35.75    60.75
  49.25    69.25
   5.25    48.25
  51.25    55.75
  -0.25    38.75
  29.25    69.75
  27.75    64.75
  42.75    60.75
  38.25    50.25
   1.25    28.25
  32.75    37.75
  19.25    46.25
  38.25    37.25
  -3.75    56.25
  31.75    55.75
  29.25    55.75
  41.75    38.25
  27.25    64.25
  36.25    45.25
  43.25    53.25
  31.75    54.25
  40.75    29.75
  54.25    52.25
  24.25    56.75
  -0.25    30.75
  40.25    54.25
  11.25    62.25
  26.25    45.25
  48.25    58.75
  52.25    61.75
  30.25    40.75
  26.75    38.25
  -5.25    57.75
  32.75    40.25
  52.75    60.75
  44.75    41.75
  38.75    55.25
  15.25    62.25
   4.75    29.25
  39.75    55.75
  25.75    60.75
  32.75    64.25
  -0.75    33.75
  -6.25    42.25
  37.25    33.25
   0.75    34.75
  10.25    51.75
  -8.75    38.75
  45.75    44.75
   1.75    36.25
  44.75    31.25
  48.25    55.75
  44.75    60.75
  29.75    63.75
  -3.25    37.75
  27.25    65.75
  -5.25    30.75
  -2.25    27.75
  26.75    45.75
  30.75    38.25
   6.25    36.25
  25.25    60.75
  34.25    63.75
  54.75    52.25
  49.75    31.25
  55.25    57.25
  31.75    64.25
  12.75    41.75
  17.25    48.25
  44.25    34.25
  14.25    30.75
  50.75    57.75
  27.25    49.75
  32.75    55.75
   9.25    48.75
   9.75    63.75
  26.25    57.75
  56.25    27.75
  55.75    39.75
   8.75    29.75
  39.25    36.75
  42.75    49.25
  17.75    40.75
  16.75    44.75
  23.75    55.25
  29.25    50.25
   6.25    45.25
  42.75    39.25
  13.75    30.25
  55.25    58.25
  52.75    43.25
   5.75    48.25
  44.25    67.75
  46.75    57.25
  21.25    37.75
  34.25    57.25
  32.25    55.25
  -5.25    41.75
  12.75    59.25
  47.75    63.75
  41.75    47.25
  54.75    67.75
  40.25    57.25
  34.25    63.25
  48.25    41.25
  40.25    36.75
  41.75    34.75
  51.25    28.25
  32.75    65.25
  45.75    30.25
  37.75    66.75
  14.25    47.75
  28.75    67.75
  13.75    62.25
  36.25    29.25
  18.25    53.75
  17.25    64.75
  30.75    59.25
  31.25    48.75
  29.25    45.25
  24.75    43.75
  55.25    55.75
  40.75    58.25
   2.75    33.25
  25.25    62.25
  41.25    60.75
  46.75    64.25
  53.75    67.25
  33.75    65.75
  32.25    58.75
  52.75    42.75
  26.75    54.75
  41.25    51.25
  -6.25    39.25
  -1.75    49.25
  34.25    52.75
  11.25    48.25
  45.25    49.75
  51.75    64.25
  27.25    46.25
  37.75    28.25
  41.75    52.25
  32.25    38.25
  21.25    67.75
   7.75    44.75
  54.75    58.75
  36.25    38.75
   6.75    27.75
  52.25    48.25
   7.25    58.75
  46.75    55.75
  36.25    39.75
  37.25    37.25
  53.25    53.25
   1.75    42.75
  49.75    49.75
   3.25    30.75
  44.75    28.75
  40.25    38.25
  18.25    69.25
   4.25    34.25
  -7.25    54.75
  32.75    29.25
  53.75    30.75
  36.25    37.75
  36.25    59.25
   2.25    30.25
  10.75    60.75
   4.25    50.75
  51.25    35.25
  29.25    68.25
   0.25    48.25
  26.25    52.75
  37.75    62.75
   9.25    35.75
  15.25    65.75
  21.25    30.75
   6.25    44.25
  49.25    60.75
  27.25    31.25
   4.25    43.75
  39.75    52.75
  35.25    28.75
  23.25    32.25
   1.25    52.75
  12.75    62.25
  19.25    50.75
  20.25    39.75
  48.75    58.75
  28.75    59.25
   6.75    46.25
  -0.25    27.75
  -0.25    31.25
  48.75    64.25
  36.75    35.75
  33.75    41.75
  21.25    30.25
  50.25    50.75
  46.25    63.25
  41.75    64.25
   5.75    32.25
  55.25    41.25
  23.25    60.75
   5.75    29.25
  33.75    60.25
  16.75    61.75
  51.75    65.25
  -5.75    39.25
  55.25    31.25
  52.75    45.25
  43.25    38.25
  24.25    61.25
   5.25    35.25
  25.75    28.75
  -0.75    31.75
  -8.75    39.75
  11.75    30.75
   0.25    27.75
  23.75    63.25
  -7.75    38.75
  48.25    66.75
  54.75    62.25
  45.25    67.75
  16.25    51.25
   4.25    48.25
   0.25    46.25
  -6.25    30.75
  16.25    60.25
  12.25    31.75
   9.75    34.25
  26.25    46.25
  56.25    64.75
   9.75    52.25
  24.25    30.75
  -2.25    53.25
  27.25    43.75
  11.75    32.25
  -6.75    41.25
  38.75    37.75
  51.25    63.25
  29.75    54.25
  54.75    32.25
  30.75    36.75
  46.25    42.75
   6.75    34.25
  39.75    47.25
  26.25    31.25
  12.25    46.75
  -7.75    37.25
   9.25    50.25
  48.75    57.25
  42.75    45.25
  10.75    44.75
  23.25    55.25
  26.25    30.75
  14.75    57.75
  24.75    51.25
  56.25    43.25
  11.75    44.75
  23.25    30.75
  18.75    29.25
  13.25    46.25
  37.75    54.25
  17.25    54.75
  47.25    33.25
  44.75    29.25
  31.25    63.25
   8.75    45.75
  27.75    43.25
  52.25    36.25
  37.25    66.25
  45.25    57.25
  48.25    52.75
  11.25    47.25
  -5.25    58.25
  41.25    34.25
  54.25    57.75
  44.25    33.25
  10.75    46.25
  27.25    67.25
  -1.25    40.25
  54.75    53.75
 -15.25    65.25
  35.75    49.25
  42.75    30.75
   8.75    48.25
  27.25    63.25
  46.25    46.75
  31.75    27.75
  -4.75    41.25
  38.25    49.75
  -8.25    38.75
  38.75    54.25
  53.25    62.75
  10.25    52.75
  -5.75    33.75
  51.25    66.75
  41.25    51.75
  19.25    29.75
  47.25    35.75
  20.75    40.75
  43.75    53.75
  54.75    50.75
  23.75    31.75
  43.75    42.25
  16.75    31.25
  43.75    44.25
  45.75    59.25
  32.75    55.25
  49.75    66.75
  46.75    62.25
  30.25    48.75
  -1.75    31.25
  17.25    66.25
  34.25    31.25
  31.25    68.25
  33.25    59.75
  -8.25    54.75
  18.25    62.75
   5.25    30.75
   1.25    27.75
   8.25    32.25
  16.25    29.25
  10.25    50.25
   1.75    35.75
  42.25    59.75
  42.75    42.75
  44.25    63.75
  39.75    46.75
  27.25    70.25
  39.75    64.25
  22.75    65.75
  35.25    29.75
  23.75    54.75
  52.25    62.25
  13.25    47.25
  30.75    57.75
 -11.25    28.25
  40.25    60.25
  12.25    27.75
   6.25    61.25
  -8.75    30.75
  -2.25    39.75
  -0.25    46.75
  35.25    52.25
  54.25    28.75
  30.25    29.75
  43.25    28.75
  42.25    53.25
  32.25    52.75
  46.25    28.25
  48.25    46.75
  26.25    56.75
  49.25    58.25
  25.25    29.75
  50.75    54.75
  34.25    59.25
  13.75    57.25
  18.25    50.75
   7.25    28.75
  36.25    54.75
  37.75    52.75
  37.75    56.75
   2.25    44.25
  46.75    57.75
  42.75    64.25
  28.75    70.25
  33.75    51.75
  17.25    51.75
   1.25    30.25
  42.25    42.25
  12.25    57.25
  34.25    30.25
  51.75    55.75
  45.75    63.25
  18.25    27.75
  39.75    45.75
  42.25    45.25
  19.75    65.75
  27.25    47.75
  14.75    30.25
  45.75    27.75
  28.25    48.25
   3.25    32.75
  39.75    53.75
  43.75    40.75
  33.25    54.25
   4.75    28.75
  55.75    62.75
  53.75    29.25
 -14.75    64.75
  -0.25    39.75
  44.25    59.25
   5.25    36.75
  22.75    56.75
  45.75    51.75
  15.25    44.25
  39.75    28.75
   7.25    34.25
   6.75    36.75
   9.25    31.25
  53.75    63.25
  50.25    63.25
  37.75    39.75
  55.75    27.75
  19.75    67.25
  -0.75    50.75
  56.25    59.75
  19.75    46.75
  15.25    46.75
  35.25    37.25
  -5.25    39.25
  32.75    61.25
  54.25    65.25
  28.25    66.25
   6.25    31.75
   0.25    52.75
  11.75    53.75
   9.75    54.25
  33.75    67.25
  44.25    68.25
  28.25    55.25
  21.75    66.75
  16.75    67.75
  -3.75    29.75
  39.75    29.75
  24.75    48.75
   6.25    48.75
  25.75    63.75
  -8.75    41.25
  26.25    30.25
  11.25    43.75
  50.25    56.25
  35.25    69.25
  29.25    46.75
  -1.25    53.75
  50.75    53.25
  55.25    41.75
  -8.75    42.25
  31.75    59.75
  25.25    43.25
  36.75    34.25
  48.75    67.25
  37.75    32.75
  51.25    32.75
  27.25    53.75
  44.75    42.25
   7.25    33.25
  43.25    55.25
  -3.25    54.25
  10.75    30.25
  45.75    29.75
  51.75    33.25
  47.25    52.25
  42.75    40.25
  30.25    60.75
  -5.25    43.25
  40.25    31.75
  54.25    37.25
  49.25    46.75
   5.75    46.25
  40.25    67.75
   9.75    60.75
  36.25    60.25
  20.25    69.25
  36.75    52.25
  54.75    47.75
  17.25    69.25
  23.75    30.25
   9.25    47.75
  15.75    45.75
  45.75    54.25
   2.75    30.25
  40.75    47.75
  29.75    49.25
  20.25    67.75
   8.75    29.25
  -1.25    33.75
   7.75    34.25
  12.75    61.75
   2.25    46.75
   4.25    33.25
  29.75    46.25
  19.25    27.75
  16.25    47.25
  15.75    29.25
   1.75    30.25
  26.75    51.75
  30.25    30.25
  11.75    53.25
  15.25    60.75
  19.25    44.25
  20.75    48.25
  12.75    45.75
  52.25    31.25
  -3.25    51.75
  43.25    35.75
 -14.25    64.75
  33.75    37.25
  28.75    28.75
   4.75    35.75
  54.25    50.75
  53.75    61.75
  33.75    36.75
  50.75    34.75
  -4.25    29.75
  -0.25    52.75
  41.75    36.25
  -2.25    29.75
  47.25    48.25
  26.75    53.25
  41.75    53.75
  16.25    60.75
  26.25    44.75
  31.25    29.75
  37.25    54.25
   5.25    47.25
 -15.75    64.25
  35.75    60.25
  -8.75    37.75
  53.25    61.75
  49.75    50.25
  35.25    30.25
  39.75    61.75
  53.25    51.75
  17.25    49.25
  -4.25    55.25
  36.75    47.75
  -9.25    54.25
  -3.75    52.75
  55.25    62.75
  16.25    45.75
  11.25    54.75
  29.75    48.25
  33.75    53.75
  17.75    44.25
 -15.25    66.25
  35.25    66.75
  39.25    55.25
  -4.25    30.75
  42.25    37.75
  51.75    62.75
  10.75    50.25
  29.25    58.25
  24.75    47.25
  45.25    38.75
  -6.25    54.25
  35.25    61.25
  47.75    30.25
  23.25    61.25
  39.25    34.25
  13.25    56.25
  42.75    39.75
  38.25    28.25
  36.25    59.75
  43.25    56.75
  28.75    57.25
  51.25    54.75
  44.25    30.75
  24.25    68.75
  50.25    30.75
  22.25    67.25
  14.25    63.25
  27.75    60.75
  24.25    50.75
   8.25    40.75
  39.25    57.75
  13.25    62.75
  48.25    59.25
  47.25    63.75
   7.25    32.75
  34.75    46.25
  16.75    45.75
  38.25    33.75
  -6.25    38.75
  33.25    41.25
  40.25    32.25
  42.75    65.25
  46.75    60.75
  50.25    36.75
  36.25    31.25
   2.25    32.25
  24.25    64.25
  16.25    64.75
  53.25    50.75
  36.25    68.75
  19.75    42.25
  45.25    61.75
  55.25    39.75
  37.75    52.25
  30.75    30.75
  34.75    37.75
  40.75    65.75
  40.25    30.25
  27.25    39.25
  45.75    54.75
   8.75    32.25
   7.25    52.75
  55.25    51.75
  54.75    40.75
  36.75    38.75
  44.75    41.25
  44.25    36.75
   7.75    48.75
  23.75    54.25
  50.75    29.75
  49.25    62.25
  19.75    68.75
  14.75    48.75
  27.25    51.75
  44.75    52.25
  47.75    38.25
  52.25    52.75
  52.25    56.25
  51.25    62.25
  32.75    30.25
   3.25    32.25
   1.75    30.75
   1.75    33.75
  45.25    52.75
  55.25    55.25
  12.75    46.75
  31.25    62.25
  15.75    38.25
   7.25    61.25
  -0.25    45.25
  15.75    68.25
  54.75    60.25
  39.75    43.75
  -7.75    27.75
  36.75    55.75
  20.75    46.75
  29.75    68.25
  39.75    40.75
  -7.75    28.25
   7.75    52.25
  36.25    33.25
  36.25    40.25
  20.25    40.25
  53.75    31.75
  48.25    66.25
  55.75    66.75
  18.75    66.25
  -1.25    43.25
  29.75    56.75
  -7.75    30.75
  40.75    35.75
  35.25    54.75
  52.25    66.75
  51.25    56.25
  -2.25    30.25
  42.75    56.25
  18.25    66.75
  47.75    41.25
   9.25    30.25
 -22.25    66.25
  20.25    41.75
  36.75    61.25
  51.75    56.75
  30.75    63.75
  36.75    28.25
  28.25    27.75
  39.25    28.25
  35.75    36.75
  53.75    45.75
  15.25    63.75
  40.75    39.75
  28.75    57.75
  39.75    63.25
  49.75    59.25
  -0.75    28.75
 -18.75    65.75
  -4.25    42.25
  14.75    57.25
  33.75    51.25
  22.25    37.25
  32.25    68.75
  36.75    31.75
  32.25    58.25
  46.25    41.25
  40.75    53.25
  28.25    49.75
  -3.25    27.75
  50.75    33.75
  31.25    28.25
  11.75    45.25
   8.25    28.25
  -2.25    50.75
   8.75    31.75
  19.75    67.75
  35.75    40.75
  14.75    68.25
  -6.25    37.25
  14.25    65.75
  39.25    66.25
  14.75    66.75
  24.25    49.25
  43.25    61.75
  50.75    55.25
  35.75    59.75
   0.75    45.25
  46.75    42.75
  32.25    38.75
   9.25    31.75
  -4.25    37.25
  34.75    55.75
  56.25    30.75
  24.25    35.25
   9.25    39.25
  -1.75    55.25
  42.25    51.75
  38.75    29.75
  14.25    28.75
  -6.75    54.25
  54.75    56.75
   2.75    33.75
  50.25    32.75
  27.25    29.75
  23.75    60.25
  19.25    48.75
  19.25    50.25
  47.75    45.75
   9.25    36.75
   9.75    50.75
  36.25    30.25
  -3.75    30.25
  56.25    50.75
  18.25    53.25
  31.25    40.75
  45.25    62.75
  38.75    64.25
  38.25    50.75
  54.75    66.25
  47.25    66.25
  20.25    53.75
  50.25    65.75
  46.75    43.75
  -1.25    52.75
  28.25    28.75
  44.25    65.25
  17.25    44.75
   1.75    47.25
  -8.75    31.75
  32.75    36.75
  38.75    27.75
   7.25    34.75
  40.75    39.25
  38.75    66.75
   3.25    27.75
  -1.75    31.75
  33.75    56.25
  15.25    40.75
  23.25    42.25
  27.25    55.75
  12.25    59.75
  -1.25    27.75
  20.25    68.75
  39.75    36.75
   0.25    50.75
  18.75    29.75
  34.75    60.25
  46.75    41.75
  24.75    28.75
  38.25    53.75
  34.75    31.75
  44.25    67.25
  28.25    57.75
  34.75    54.75
  45.75    39.75
  -1.75    53.25
  23.75    62.25
  26.75    48.25
  50.75    53.75
  47.25    27.75
  48.25    56.75
  14.25    55.75
  38.25    46.25
  38.25    67.75
  42.25    46.25
  50.25    59.75
  38.25    66.25
   0.25    44.75
  26.25    43.25
  41.25    63.25
  34.25    36.75
  12.25    62.25
  23.75    66.75
  43.25    40.25
  28.75    64.25
  -3.75    34.75
  55.25    46.25
  14.75    64.25
   8.75    53.75
  40.75    62.25
  29.25    68.75
  -0.75    30.25
  51.75    62.25
  28.25    52.75
  53.25    50.25
  11.75    57.75
  30.75    64.75
   8.25    52.25
  -1.25    32.25
  19.75    28.25
  -8.25    27.75
  28.75    46.75
  45.25    28.25
  45.75    59.75
  -2.75    39.25
  30.75    58.75
  -2.25    48.25
  46.25    50.25
  11.75    64.25
  22.25    70.25
  55.75    65.25
  32.75    62.75
  53.75    57.25
  46.75    32.25
  40.25    64.75
  43.75    58.25
  50.25    34.25
  47.25    41.75
  25.75    30.25
  51.25    43.75
  -0.75    35.25
  49.25    64.25
  19.75    53.25
   8.75    36.25
  56.25    68.25
  12.25    48.25
  41.75    30.75
  48.25    54.25
   1.25    45.75
  46.75    31.75
  51.25    66.25
  38.75    61.75
   9.75    49.75
  -9.25    28.75
  39.75    35.25
  19.75    49.25
  29.75    54.75
  22.25    54.25
  24.25    51.75
  47.25    46.25
  39.25    56.25
  -0.25    33.75
  33.75    44.75
  46.75    54.75
   1.25    33.25
  55.75    44.25
  39.75    30.25
  34.75    68.25
  41.25    28.25
  53.75    34.25
 -23.75    65.75
   8.25    33.25
  -1.25    48.75
  36.25    50.75
  29.75    55.75
  33.75    59.75
  21.75    66.25
  43.25    46.75
  44.75    45.25
  25.75    66.75
  55.75    64.25
  36.75    53.25
  36.75    48.25
  40.25    37.25
  47.25    47.75
  38.25    51.75
  44.25    46.25
  42.75    43.75
  37.75    38.75
  -8.25    51.75
  23.25    29.25
  34.75    56.75
  42.75    60.25
  31.25    50.75
  13.75    28.75
  22.25    47.75
  -2.25    52.75
  40.25    62.75
  48.75    52.25
  51.25    52.75
  54.25    54.75
  29.25    50.75
  41.75    59.75
  35.75    40.25
  11.75    48.75
   2.25    42.25
  33.25    34.75
  -5.25    28.25
  54.75    48.25
  50.75    32.75
  43.25    64.25
  33.75    40.75
  44.75    46.25
  -7.75    52.75
   1.25    43.75
   5.75    44.25
  50.25    59.25
  45.75    68.25
   0.75    44.25
  -8.25    32.75
  39.75    55.25
  38.25    52.75
  25.25    52.75
  -5.75    35.75
  -0.75    39.25
  13.25    59.75
  47.75    40.25
  35.75    29.75
  18.75    63.25
  14.25    52.25
  22.75    60.25
  26.25    65.75
  41.25    40.25
   7.75    32.75
  14.25    56.75
  11.75    32.75
   9.25    40.25
  13.75    45.75
  54.75    44.25
  41.75    57.25
  40.25    58.25
  -3.25    34.25
  22.25    56.75
  36.75    55.25
  14.25    50.25
  38.75    35.25
  -4.75    50.25
  48.75    35.25
  16.75    62.25
  41.25    33.75
  37.25    28.75
   9.25    45.25
  34.75    45.75
  20.75    69.75
  18.75    50.75
  45.25    57.75
  -3.75    42.25
  17.25    52.25
  54.75    51.25
  16.75    40.25
  10.25    48.25
  56.25    59.25
  56.25    42.25
   6.75    44.25
  26.75    44.25
  30.75    67.75
  22.75    29.25
   9.75    28.75
  38.25    46.75
  42.25    41.75
   9.25    55.25
  52.75    30.75
  37.75    64.75
  12.25    43.75
  44.75    58.25
  14.75    29.25
  48.25    49.25
  54.75    65.75
  52.75    62.75
  34.25    68.75
  53.25    45.75
  50.25    67.25
  42.25    65.75
  43.25    57.25
  16.75    28.25
  52.75    48.25
  19.25    42.75
  46.75    34.25
  43.75    54.25
  49.25    54.25
  39.75    44.75
   1.75    28.25
  -6.75    30.25
  22.75    47.75
  22.75    42.25
  46.25    49.25
  40.75    28.75
  49.75    67.25
  34.75    69.25
  48.75    60.25
  48.25    36.25
  38.25    52.25
  24.75    53.25
  12.25    50.75
  40.75    46.25
  28.25    51.25
  16.25    41.25
  -4.25    34.75
   3.25    33.25
  39.25    63.25
  -0.75    32.75
  53.75    32.25
  -4.75    55.25
  25.25    44.25
  24.25    67.25
  26.75    56.25
  42.75    34.25
  30.75    58.25
   6.25    35.75
  46.25    39.25
  52.75    30.25
  16.75    50.75
  54.25    29.25
  56.25    35.25
  24.25    58.75
  51.25    60.25
  55.75    57.75
  32.75    62.25
  53.75    27.75
  37.25    68.75
  30.25    60.25
  36.75    66.25
  -1.25    40.75
  38.25    30.25
  12.25    47.75
  17.25    50.75
  55.75    35.75
  46.25    58.25
  55.25    60.75
  35.75    57.25
  19.25    67.25
  17.75    68.75
  13.75    31.75
  15.25    28.75
  42.25    38.75
  25.75    53.75
  39.25    54.25
   8.25    34.75
  -1.25    28.25
  -5.75    30.25
  34.75    53.75
  -5.25    38.75
  53.25    63.75
  -5.25    33.25
  -2.25    51.25
  40.75    33.75
  52.25    47.75
  44.25    50.75
  50.75    52.25
  36.25    57.75
  20.75    50.25
  47.25    39.75
  48.25    53.25
  32.25    59.25
  -7.75    53.75
  51.75    51.25
  16.25    62.75
  27.25    49.25
  44.75    48.25
  -5.75    32.25
  36.75    66.75
 -23.25    70.25
  12.75    27.75
  -3.75    38.25
  26.75    41.75
  11.25    42.75
  43.25    65.25
  22.75    29.75
  17.75    30.75
  51.25    51.75
  37.25    30.25
   0.75    52.75
  50.75    34.25
  56.25    41.75
  46.25    36.75
  41.25    59.75
  53.25    31.75
  -3.75    57.25
  21.75    70.25
  55.75    52.25
   3.75    30.25
  43.25    59.75
  52.25    61.25
 -19.25    64.25
   7.75    49.75
  53.75    54.25
  30.75    29.25
  14.25    27.75
  24.75    56.25
  43.25    63.75
  53.25    48.75
  26.75    27.75
  15.75    41.75
  42.25    62.25
  15.25    64.75
  39.75    45.25
  54.25    38.75
  53.25    43.25
  31.75    46.75
  42.25    52.75
  -4.75    28.25
  48.75    52.75
  -6.75    40.25
  35.25    64.25
   9.75    33.25
  11.75    43.75
   5.25    49.75
  12.75    43.25
  36.75    33.25
  49.75    59.75
  36.25    47.75
  42.25    42.75
  28.25    69.25
  44.75    65.75
  39.25    37.75
  -3.75    55.25
  43.25    64.75
  56.25    55.25
  -8.75    28.75
  40.25    63.25
  52.25    50.75
  17.75    64.25
  36.75    40.75
  43.75    38.25
  47.75    56.25
  33.25    62.25
  14.25    37.75
  47.75    56.75
  28.25    64.25
  18.75    51.25
  -2.75    30.75
  40.25    40.75
  40.75    51.25
  21.25    42.75
  55.75    51.75
  45.75    35.25
  15.75    48.25
  22.75    62.75
  18.75    64.25
  43.25    42.75
  33.75    45.25
  51.25    67.25
  28.75    53.75
  17.75    30.25
  56.25    37.75
   9.75    50.25
   8.25    53.25
  14.25    48.75
  49.25    50.25
   3.75    45.75
  20.75    67.75
  11.75    50.75
  35.75    58.75
  32.25    59.75
  19.25    42.25
  -2.25    38.75
  47.75    52.75
  52.25    30.25
   7.25    32.25
  45.75    61.25
  29.25    61.25
  25.75    28.25
  -1.75    41.75
  17.25    68.25
  29.25    62.25
  43.25    66.25
  52.75    67.25
   0.25    45.25
   5.25    60.75
  29.75    28.75
  40.25    44.75
  29.25    51.75
  31.25    46.75
  56.25    67.75
  22.25    60.75
  25.25    65.75
  38.75    35.75
   7.25    43.75
  30.25    53.75
  31.75    39.75
  56.25    40.25
  49.25    31.25
  52.25    29.75
   4.25    28.75
  31.75    39.25
   7.25    47.25
   3.75    49.75
  17.75    44.75
  55.75    59.25
  18.25    68.25
   6.25    30.25
   7.25    59.25
  44.75    60.25
   0.75    27.75
  35.25    54.25
   9.25    46.25
  15.25    31.25
 -20.25    64.75
  35.25    56.75
  33.75    63.75
  21.75    54.75
  -0.75    38.75
   7.75    34.75
  30.75    65.75
  38.25    39.25
  46.25    67.75
  37.25    55.75
  28.25    67.75
   0.25    45.75
  16.25    66.75
  22.75    62.25
  49.25    62.75
  42.25    32.25
  50.25    33.75
  54.75    57.25
  21.75    47.25
  43.75    51.25
  -4.25    38.25
  41.75    57.75
  48.75    33.25
  26.25    62.25
  44.25    62.75
  29.25    48.25
  39.75    62.75
  50.25    62.75
   3.25    34.25
   9.75    47.25
  11.25    29.75
  30.25    67.75
  -5.25    32.75
   4.75    32.25
  37.25    39.25
  22.25    57.75
  45.25    63.25
  -7.25    30.25
  -8.75    53.25
  16.75    43.25
  20.25    42.25
   5.75    32.75
  50.75    64.25
  -5.75    29.75
  22.25    52.25
   0.25    42.75
  45.25    48.25
  20.25    42.75
  18.25    57.25
  33.25    38.75
  23.75    29.25
  23.75    66.25
  12.75    56.75
  46.25    33.25
  53.25    41.75
  49.75    53.25
  28.25    52.25
  27.75    53.25
  48.25    62.75
  35.75    56.25
  23.25    46.25
  55.75    54.25
  10.75    64.25
  52.25    27.75
  19.75    47.75
  -1.75    41.25
  18.25    45.75
  33.25    47.25
  45.75    49.75
  43.75    45.75
  41.75    48.75
  53.75    35.75
  41.25    31.25
  56.25    57.75
  48.75    50.25
  40.75    43.25
  13.25    43.25
  22.75    30.75
  -2.75    57.25
  38.75    40.25
  36.75    39.75
 -18.25    64.25
  42.25    63.75
  47.75    36.25
  34.25    67.75
  -8.25    28.25
  26.25    66.75
  42.25    59.25
  47.25    34.75
   4.75    46.25
   6.25    50.25
  15.75    30.75
  50.25    48.75
  36.75    51.75
  16.75    48.25
  36.75    61.75
  13.75    63.75
  19.75    48.25
  44.75    54.75
  29.25    70.25
  47.25    61.25
  55.75    41.75
  53.25    42.25
  -3.75    52.25
  52.75    63.25
  -3.75    37.25
  28.75    51.25
  55.25    37.75
  48.25    52.25
   3.75    49.25
  30.75    39.75
  -0.75    45.25
  47.75    39.75
  42.75    47.75
  45.25    59.25
  40.25    50.25
  15.25    52.25
  52.75    68.25
  16.75    47.75
  24.75    62.25
  54.75    31.75
  23.75    49.25
  51.75    65.75
  26.75    67.25
  24.75    46.25
  29.25    57.75
  36.75    33.75
  -8.25    30.75
  52.25    30.75
  -0.25    48.75
  -6.75    55.25
  -6.25    42.75
  41.25    59.25
  39.25    33.25
   2.25    49.75
  34.25    48.75
  -1.25    30.25
  27.75    61.75
  35.25    51.75
  13.25    49.25
  48.75    41.75
  10.25    29.75
  23.25    63.25
  42.75    47.25
  32.25    50.25
  30.25    61.75
  -2.25    42.25
  42.75    29.25
  30.75    62.25
  46.25    29.75
  53.25    36.75
  -0.25    30.25
  54.75    37.75
  24.75    27.75
   9.75    34.75
   7.75    33.25
  35.75    68.25
   0.25    49.75
  18.25    46.25
  39.75    49.75
  47.75    31.75
  39.75    56.25
  52.25    60.75
  11.25    49.25
  46.25    42.25
  17.25    63.75
  12.25    55.25
  36.25    67.75
  15.75    53.75
  45.25    60.75
  45.25    46.75
   9.25    46.75
  52.75    34.25
  27.75    44.25
  22.25    54.75
  40.25    43.25
  53.75    60.75
   4.25    47.75
  45.25    33.25
  11.25    64.75
  -3.75    53.25
  11.75    31.75
  26.75    28.75
  33.25    36.75
  37.25    57.75
  34.75    57.25
  53.75    52.25
  29.25    30.75
  55.75    60.75
   0.25    44.25
  41.75    30.25
  23.75    42.25
  21.25    45.75
  38.75    39.75
  34.25    67.25
  43.25    29.25
  23.75    41.25
  53.25    56.75
 -16.75    28.25
  18.75    48.75
  34.25    46.25
  19.25    68.75
  39.25    29.25
   1.75    42.25
  19.25    49.75
  41.75    31.25
  36.75    50.25
  39.25    53.25
  15.75    52.75
  17.25    47.75
  17.75    29.25
  38.25    36.75
  41.25    29.25
  35.25    47.25
  53.75    32.75
  33.25    66.25
  42.25    54.75
  16.75    28.75
  52.25    58.25
  56.25    28.25
  38.25    68.25
  21.75    61.25
  48.75    57.75
  17.75    52.75
  23.25    55.75
  15.75    39.75
  34.25    69.25
   8.25    60.75
  55.75    61.75
   9.75    27.75
  12.25    63.25
  41.75    31.75
 -21.25    64.25
  23.75    67.25
  20.25    48.25
  13.25    37.75
  24.75    67.75
  37.25    36.25
  49.75    57.75
  55.25    37.25
  27.25    47.25
  41.75    33.75
  -2.75    56.75
  43.25    38.75
  19.75    41.25
  41.75    54.75
 -22.75    66.25
  27.75    46.25
   0.75    47.25
  -1.75    39.25
  19.75    69.75
  19.75    66.25
  -4.25    30.25
  56.25    28.75
 -19.75    65.75
  33.75    46.75
  54.25    29.75
  19.25    67.75
  49.25    65.25
  25.25    45.75
  30.25    64.25
  52.75    55.75
  19.75    42.75
  54.25    39.75
  39.25    49.75
  54.75    45.75
  -1.75    40.25
  25.75    46.75
  56.25    67.25
  34.75    51.25
  31.25    58.25
  14.75    61.25
  42.25    34.75
  15.75    66.75
  39.25    31.75
  -8.75    29.75
  39.25    27.75
  14.25    63.75
  19.25    43.75
  44.25    41.75
  34.25    37.75
   0.25    52.25
   5.75    35.75
  55.25    32.25
  14.75    46.25
   1.25    32.25
   8.25    29.25
  45.75    55.75
  47.75    34.25
  50.75    67.25
  44.25    35.25
  36.25    33.75
  36.25    61.25
  50.25    60.75
  13.75    41.75
  27.25    45.75
   7.75    45.25
  29.25    41.25
   5.75    53.25
  -4.75    43.25
  -7.75    31.75
  51.75    34.75
  23.25    46.75
   6.25    33.75
  42.75    49.75
  40.75    57.75
  28.25    46.75
  23.25    67.75
  -5.25    40.75
  22.25    41.25
  55.25    29.75
  24.75    54.75
  24.25    61.75
  12.25    54.25
  49.75    53.75
  43.75    36.25
  -1.25    35.25
  20.25    64.75
  24.25    68.25
  35.75    58.25
  25.25    30.25
  30.75    40.75
  -2.25    57.25
  44.75    50.75
  41.25    64.75
  48.75    46.25
  42.25    32.75
  53.75    46.25
  42.75    46.25
  50.25    53.25
  48.25    61.75
  -5.25    34.75
  51.25    30.25
  33.25    60.75
  36.25    48.25
  27.75    29.25
  46.75    35.25
  31.75    58.25
  47.25    45.25
   3.25    50.25
  48.75    49.25
  -4.75    55.75
  22.75    66.75
  55.75    45.25
  28.75    47.25
  51.25    59.75
  55.25    42.25
  50.75    64.75
  45.75    35.75
  28.75    29.75
  -0.25    34.25
  32.25    36.75
   1.75    41.75
   2.25    35.25
  39.75    27.75
  53.75    41.75
  34.75    31.25
  46.75    34.75
  18.75    63.75
  47.75    33.25
   9.25    59.75
  45.25    37.75
  45.25    51.75
  44.25    47.75
   7.25    36.75
  31.25    47.75
  19.25    45.25
  35.75    66.75
  12.75    63.25
  -6.75    43.25
  25.75    55.25
  45.75    38.75
  21.75    62.25
  -9.25    31.25
  38.25    56.75
  55.25    36.75
  -6.25    43.25
  44.75    56.75
  24.25    29.75
  34.75    48.25
  36.75    68.25
  25.25    68.75
  15.75    57.25
  42.75    50.25
  42.75    37.75
  29.75    39.75
   8.25    59.25
  46.25    28.75
  23.25    43.75
  27.25    62.75
  56.25    31.75
  -2.75    31.75
  37.75    56.25
  24.25    62.75
  55.25    63.75
  43.75    47.75
   1.75    35.25
  55.75    49.25
 -22.25    65.75
  43.75    46.75
  50.75    55.75
  20.75    49.75
  39.25    55.75
  37.75    31.25
  42.25    44.75
  48.75    66.75
  -4.75    51.75
   0.25    30.75
  36.75    57.75
  30.75    63.25
   6.75    61.25
  15.75    49.75
  12.25    47.25
   7.25    61.75
  46.25    29.25
  35.25    47.75
  38.75    63.25
  54.25    40.25
  27.75    27.75
 -10.25    28.75
  20.25    32.25
  37.75    58.75
  44.75    43.25
  24.25    46.75
  -3.25    35.25
  20.75    28.75
  49.25    36.25
  -0.25    32.75
  45.75    47.25
  49.25    66.75
  55.75    28.25
  55.25    40.25
  16.25    39.75
  28.25    54.25
  18.75    42.75
  14.25    62.75
  45.75    62.75
  13.25    59.25
  -6.75    37.75
  32.25    67.75
  -9.75    53.75
  24.75    31.75
  46.25    51.75
  48.25    50.75
  -5.75    56.75
  -6.75    39.25
  53.25    28.25
  28.25    66.75
  18.25    52.75
  56.25    61.25
  43.75    61.25
  38.75    66.25
  23.75    28.75
  45.75    46.75
   9.75    62.75
  45.75    63.75
  37.75    67.25
  15.75    56.75
  55.25    39.25
  54.25    58.25
  11.25    59.75
  52.25    57.25
  51.25    68.25
  27.75    61.25
  38.75    50.25
  -0.25    45.75
  53.25    57.25
  47.25    55.75
  15.75    46.25
   9.75    56.75
  23.75    59.25
  -4.75    57.75
   2.75    48.25
  20.75    30.25
  18.25    47.75
  31.75    40.25
  45.25    29.25
  -3.75    51.25
  52.75    60.25
  33.25    50.25
 -19.75    64.25
  33.75    67.75
  33.25    49.25
  39.75    48.25
  49.75    49.25
  25.25    63.75
  55.25    30.75
  23.25    31.25
  43.25    59.25
  53.25    54.25
  21.75    69.75
  35.25    62.25
   5.25    34.75
  -5.25    36.25
  12.25    42.25
  -4.25    42.75
  34.25    60.75
  50.25    57.25
  45.75    53.75
  55.25    67.25
  37.75    47.75
  26.75    40.75
  40.75    64.75
  23.75    48.25
  44.25    31.75
   3.25    45.25
   6.75    35.75
  48.75    34.75
  26.75    49.75
  45.25    55.25
  51.25    47.25
  38.75    68.25
  12.25    44.75
  42.75    61.25
  45.25    68.25
  40.25    59.25
  39.75    51.75
  53.25    46.25
  38.75    47.25
  22.75    37.25
  41.75    28.75
  11.75    29.25
  20.25    30.75
  48.25    48.75
  20.25    44.75
  -4.75    38.25
  39.75    47.75
  11.75    42.75
  34.25    55.75
  -1.25    33.25
  46.75    46.25
  47.25    47.25
  47.75    27.75
   7.25    31.75
  37.25    49.25
  22.75    70.25
  18.25    44.75
  33.75    30.25
  24.75    30.75
   9.25    62.25
  19.25    29.25
  18.25    29.25
   2.75    44.75
  12.75    52.75
  45.25    41.75
  15.25    31.75
  13.25    55.75
   4.25    29.75
   8.25    33.75
  33.25    61.25
  32.25    48.25
   3.25    47.75
  -4.25    33.75
  14.25    30.25
  54.75    47.25
  37.25    32.75
  47.75    32.25
  44.75    45.75
  22.25    44.25
  -8.75    52.25
  12.75    51.25
  49.75    52.75
  42.25    49.25
 -17.25    65.75
   4.25    45.25
  37.25    50.75
  41.25    39.75
  49.75    62.75
  10.75    47.25
  -8.25    40.25
  53.75    64.25
  54.75    33.75
  29.25    67.25
  53.75    56.25
  41.25    45.25
  10.25    33.25
  46.25    61.25
  39.25    56.75
  30.25    65.75
  13.25    52.75
  50.75    48.75
  53.75    48.25
  44.25    32.25
  26.25    43.75
  29.75    67.25
  51.75    33.75
  44.25    43.75
 -14.75    65.25
  46.25    40.25
  30.25    47.75
  34.75    63.25
   1.75    43.25
  46.75    35.75
  43.75    62.75
  20.75    68.75
   9.25    33.25
  26.25    50.25
   8.75    48.75
  19.25    28.25
  -8.75    42.75
  25.25    51.25
  27.25    58.25
  28.75    55.25
  39.25    61.25
  44.75    59.25
  10.75    28.25
  20.75    47.75
  48.75    47.75
  14.75    49.75
  30.75    50.25
   9.75    46.25
  23.75    68.25
  13.75    37.25
  27.75    49.75
  17.25    63.25
  18.75    52.25
  30.75    28.75
   7.25    53.25
  17.75    59.25
  24.75    63.75
  16.25    57.25
   5.75    33.25
  -7.25    33.25
  12.25    58.25
  36.75    28.75
  41.75    42.75
  38.25    54.25
  35.75    37.75
  48.75    63.25
  23.75    43.25
  28.25    61.75
  17.75    66.75
  43.75    45.25
  47.25    50.25
  33.25    52.75
   4.25    35.25
  40.75    67.75
  11.75    63.25
  50.25    47.75
  31.25    56.75
  10.25    46.75
  -7.25    52.25
  39.25    52.75
  54.25    38.25
  56.25    48.25
  27.25    52.75
  38.25    47.25
  -9.25    30.75
  -3.75    33.75
  32.25    48.75
  14.25    66.25
  31.75    40.75
  46.75    36.25
  55.25    63.25
   9.25    52.75
   0.25    28.75
  41.25    53.25
  52.25    28.25
  45.75    45.75
  18.75    30.25
   9.75    59.25
   0.75    46.75
  44.25    55.25
  -3.75    55.75
   8.75    42.25
  15.25    58.75
  40.75    50.25
  25.75    64.75
  51.25    48.25
  16.75    30.75
  49.75    69.25
  52.75    67.75
   9.75    61.25
  49.25    59.75
  33.25    45.25
   3.25    39.75
  55.25    64.25
  32.25    66.75
  25.75    62.75
  23.25    63.75
  47.25    30.25
  29.25    51.25
   5.75    30.75
  14.75    59.25
  29.75    30.25
  17.75    68.25
   5.75    31.25
  49.25    56.75
   9.75    31.25
  46.25    59.75
  41.75    45.75
  22.25    55.25
  56.25    45.25
  12.25    31.25
  33.25    30.75
  30.75    47.25
  50.25    55.75
  33.25    59.25
  48.25    51.25
  15.25    60.25
  40.75    53.75
  21.75    52.25
  54.75    64.25
  34.25    54.25
   4.25    49.75
  45.75    43.25
  26.25    42.75
  40.25    27.75
  -8.25    31.25
  53.25    40.75
  15.75    52.25
   2.25    43.25
  13.25    31.75
  -5.25    35.25
  43.25    32.25
  -7.25    38.75
  32.75    52.75
   3.75    34.75
  53.75    39.75
  28.75    38.75
  31.25    40.25
  22.25    37.75
  40.75    60.75
  46.25    64.75
  24.25    53.75
  23.25    57.25
  15.75    65.25
  -4.25    27.75
   5.75    49.75
  40.75    54.75
  40.25    45.75
  -4.75    42.25
  28.75    68.25
   0.75    52.25
  26.75    62.25
  29.75    29.75
  54.75    28.25
  27.75    67.75
  -5.25    28.75
   2.25    31.75
   3.25    28.75
  18.25    67.25
  40.75    29.25
  42.25    62.75
  39.75    37.75
  20.25    53.25
  40.25    61.25
  47.25    59.75
  37.75    30.75
  46.75    65.75
  19.25    49.25
  41.25    55.25
  -2.25    33.25
  51.25    33.25
  48.75    59.75
   9.75    36.25
  35.75    54.25
   0.25    29.75
  22.25    51.75
  53.25    34.25
  41.75    51.25
  41.75    49.75
  44.25    49.75
  52.75    59.75
  45.75    41.25
  55.75    34.25
  -9.75    27.75
  52.75    51.75
  28.25    38.75
   8.25    58.75
  -4.25    55.75
  39.25    66.75
   7.75    52.75
  50.75    60.25
   4.25    30.75
  10.25    49.75
  47.25    64.75
  17.75    48.25
  37.25    47.25
  40.75    46.75
  25.25    51.75
  45.25    65.25
   6.25    28.25
  37.25    37.75
  15.25    61.25
  35.25    50.75
  41.75    47.75
  42.25    56.75
  19.75    29.25
  30.25    46.75
  41.75    41.25
  48.25    67.25
  39.75    37.25
  34.25    50.25
  35.75    59.25
  33.75    58.75
  31.75    66.25
  46.75    48.75
  53.75    44.75
  -9.25    53.25
  -3.25    37.25
  -7.75    32.75
   1.25    47.25
  40.75    61.25
   2.25    30.75
  -4.75    41.75
  27.25    54.25
  42.25    66.25
  16.75    66.25
  30.25    37.25
  38.75    31.75
  50.75    65.75
  24.75    51.75
  53.75    42.25
  50.75    65.25
  42.25    43.75
  23.75    51.75
  56.25    41.25
  19.25    63.75
  38.75    63.75
  52.75    53.75
  10.75    31.25
  -6.25    31.25
  22.25    43.25
  44.25    42.75
  21.75    53.75
  39.75    34.25
  19.75    30.25
  44.75    54.25
  28.25    56.75
  27.75    49.25
  -1.25    41.75
  54.25    31.25
  45.75    38.25
  39.75    48.75
  47.25    45.75
  21.75    44.25
   3.25    51.25
  53.75    62.75
  31.25    65.25
  53.75    51.75
  50.75    66.75
  47.25    61.75
  14.75    32.25
   2.75    36.75
  46.75    51.25
  15.75    61.25
  39.25    35.25
  -1.25    54.75
  -1.75    34.25
  34.25    57.75
  -4.25    34.25
  47.25    36.75
  20.75    52.75
  -6.75    54.75
  22.75    49.75
  48.75    68.75
  -2.25    47.75
  -2.75    51.25
  43.25    36.75
  26.75    55.75
   3.25    28.25
  28.25    48.75
  24.75    44.75
   4.25    30.25
  49.25    51.75
   9.25    45.75
   6.75    28.75
   7.25    45.75
  35.75    67.75
  19.75    63.75
  31.75    60.25
   2.25    29.25
  11.75    52.25
  34.25    56.75
   3.75    27.75
  39.75    60.75
  10.75    60.25
  40.75    40.75
  -0.25    44.75
  30.75    55.75
  37.75    51.25
  42.25    58.25
  15.25    45.25
  16.25    30.25
  35.25    32.75
  37.25    34.25
  49.75    65.25
  43.75    55.25
  45.75    55.25
  32.25    69.25
  46.25    68.25
  26.25    63.25
   6.25    49.75
  -7.25    54.25
  11.25    46.25
  24.25    29.25
  23.25    69.25
  -7.25    31.75
   1.25    41.25
  -1.75    42.75
  33.75    57.75
  35.25    68.25
  48.25    57.25
  -2.75    47.75
  16.25    61.75
  12.25    58.75
   8.25    47.75
  50.25    50.25
  44.75    36.75
  14.75    53.25
  36.25    36.25
  40.75    33.25
  -0.75    42.25
   2.75    46.25
  -8.25    52.75
  56.25    63.75
  23.25    50.25
  45.75    60.75
  23.75    27.75
  22.25    41.75
  19.75    40.75
  37.25    53.25
  50.75    47.25
  15.25    66.25
   2.25    27.75
  47.25    46.75
  14.75    52.75
  -2.75    36.75
  15.75    46.75
   7.25    44.75
  28.25    54.75
  21.25    52.25
  34.75    32.25
  42.25    31.75
  10.25    36.25
  11.25    61.75
  54.75    67.25
   6.25    34.75
  42.75    37.25
  55.75    53.75
  46.25    46.25
  36.25    35.25
  13.25    48.75
  55.75    42.75
  36.25    62.75
  19.25    47.75
  -9.75    54.25
  34.25    53.25
  -4.75    32.75
  54.75    65.25
  43.75    27.75
  20.75    64.25
  53.75    49.75
   9.75    32.75
  38.75    30.75
  49.25    40.25
  48.25    31.25
  15.75    60.25
  40.75    59.75
  27.75    42.75
  25.75    42.25
  36.75    39.25
  29.25    28.25
  35.75    51.25
  37.25    55.25
  13.75    49.25
   6.25    58.75
  34.25    52.25
  55.75    50.25
  15.25    66.75
  22.75    53.25
  34.75    53.25
  12.25    49.75
  21.75    55.25
   9.25    50.75
  34.75    55.25
  14.75    60.75
  -6.25    34.75
  51.25    57.75
   5.75    60.75
  54.75    63.25
  45.25    54.25
   7.75    31.75
  30.25    36.25
   9.25    44.75
  54.75    45.25
  21.25    68.25
  -3.75    41.25
  -3.25    41.25
  32.25    28.25
  14.75    51.75
  27.25    48.75
  43.25    33.75
  43.25    55.75
  48.75    65.25
  38.25    57.25
  32.25    28.75
  56.25    29.25
  24.75    60.75
  43.75    28.75
   5.75    31.75
   9.25    48.25
  52.75    44.75
  28.75    52.25
  24.25    31.25
  12.75    48.25
  30.75    27.75
  12.75    32.75
  21.75    31.25
  26.75    70.25
  -2.75    39.75
  50.25    47.25
  52.25    63.25
  39.25    47.75
  33.75    49.75
  33.25    40.25
  54.75    28.75
  29.25    64.25
  51.25    56.75
  50.25    51.75
  13.75    65.25
  22.75    68.25
   6.25    36.75
   8.75    30.25
  55.25    28.25
   6.75    46.75
  38.75    51.25
  26.75    46.75
   4.75    50.25
  -8.75    51.75
  20.75    43.75
  48.75    32.75
  25.75    57.25
  -0.25    31.75
  32.75    30.75
  29.75    51.25
  40.75    36.75
  29.25    47.25
  -5.75    56.25
  22.25    69.75
  14.75    29.75
  27.25    69.75
  56.25    43.75
  54.25    51.75
   7.25    50.25
   2.25    48.25
